,Unnamed: 0,sentiment,content
0,26876,1,profchandler time start unfollowing people think
1,7866,1,ismh anything fwd mobileme last week gotten least spam message day
2,16585,1,getting ready start work week tgif me monday
3,9408,1,half want go sleep half dosen t shoot half dying sleepiness
4,3443,1,seems like person postal voting upcoming election already twice get document
5,15953,0,arm hurt
6,17720,1,beer amp whiskey awesomness work hour sourness
7,17050,1,argonman ouch
8,24864,1,sarahkover that s black market material right there friend
9,38509,1,hihat go setting ipod iphone home screen amp scroll bottom amp find twitterfon setting
10,22414,1,jojouk good day
11,38749,1,prmack community news sometimes accept guest post moment
12,18441,1,southbel took computer new dvd drive amp screen come back order new computer amp wait
13,27517,1,filling fmla form soccer amp t ball form working course
14,6482,1,tommcfly oh no lot people starting tweet again hope could still read multiple tweet philippine tour please
15,267,0,everytime send email coach feel need practice shitty ball lol
16,39875,1,surfin
17,15917,0,bored without camera
18,36670,1,think daveyboyonline sure looked sexy hat belongs cesyeuxblues
19,24341,0,mood listen reg stuff sir told me u used huge fan mine seems forgotten song
20,18769,0,flucio jerk can t go dammit frank suck bad
21,1796,0,donald jackson already there s none left back cabbage soup
22,18646,0,long day matinee evening show sad tomorrow last ever welsh college show
23,19826,1,critic boat dining bone peru double
24,21236,1,charliefogg lol ok
25,884,0,feel really weird
26,21623,1,moanasaves right
27,38080,1,right glorious day sat inside must go something active good day
28,12716,1,cool people want find following today english guess english tweet
29,37525,1,djmoonlight yay dont one lol clothes go draw dont many need place high heel shoe
30,25223,1,zaroi dammit beat
31,34468,1,delta yes also use desktop s mouse ketboard ot second monitor http twitpic com wlpf
32,28874,1,good morning
33,2911,1,raerobinson handle tg
34,36177,1,marktesch local dish borrow
35,11472,0,relaxing day park sun back work tomorrow
36,19350,0,mr kimbalicious milk have drink think thats whats making feel sick
37,16047,0,joshjnap honestly incredibly upset make it devestated even would lost whole travel day suck
38,28730,1,ozdj also swirly flat white
39,5603,1,gonna go see sister mount saini least another hour
40,24645,1,maaate grooovin chain uploading video youtube www youtube com sluzzaa go watch
41,34755,1,bb apparently you
42,34659,1,myprivatekeri thank
43,11481,0,mb triste
44,33197,1,musicsinmysoul http twitpic com wi hmm thats bu tour list but thats cool say
45,13146,1,well getting through
46,27748,1,undeniablyfaith post reminded sit something out look like steak dinner
47,10483,0,ng got it poor thing gonna choice much longer though
48,21862,1,johnmoi ha good morning may fourth
49,14927,1,mell e im going dance class
50,31648,0,joining facebeek loser friend amy you
51,30203,0,na nkotb lol r loser u drove hour day u need rest day still tired lol
52,25048,1,going fafsa form today hope help ann arbor detroit metro area computer art design
53,23833,1,updating latest version adium now great app
54,24482,1,mobilebomb hope get well soon possible amp back hyper dog
55,7834,1,cleaning house
56,6773,0,pairadocsdesign radio x going sport next month radio dead grandrapids
57,36672,1,going dinnerr soon thai
58,1,0,layin n bed headache ughhhh waitin call
59,15509,1,sacramento nice weather sacramento dry hot weather hear raining la
60,30755,1,level http plurk com p stvri
61,18191,0,rosegraymusic tuned listen meeting know high school college french cut anymore
62,7348,0,dis damn usb charger good nothin gotta find verizon store fone dead since last nite
63,9470,1,realized im going home week today
64,28507,1,hellojao hi add me shannen
65,35143,1,cleaned screen new pc do machine took another quot screenshot quot http bit ly qlzp
66,16523,0,harley passed away december http apps facebook com dogbook profile view
67,11292,1,deck perfect weather today feeling good tho
68,7577,1,downside client site donut today
69,18762,0,heard icecream truck took like shot catch it
70,19164,0,missed call
71,21301,0,drinking cordial yes im bored
72,11797,0,oh zombiepix follow anymore need someone cheer
73,4823,0,visadharah still disney just trained soarin rose same applied apartment last night eric lost job
74,19910,0,think world mileycyrus hannah montana set im missing tennessee alot today
75,27328,1,terremum http chelseavantol etsy com xo
76,10715,0,stephenjerzak awww didnt pas speech
77,27222,1,guylainem would nice
78,16986,0,spanish crap
79,27311,0,round two vega vanilla chai flavor realized day left
80,30364,0,niecied nice idea m i l gift crochet it good idea looking online youtube video showing lefty crochet
81,12292,0,leslie pearlman mow love mow
82,14975,0,gonna sound really sad amp depressing really really miss uncle sam
83,22981,1,recording new song
84,12998,1,ohhh mannnn laid girl economy improve soon
85,12253,1,wanna session ronnie da bomb u know
86,39613,1,bellisma please
87,10729,1,justin s blanket shed black lint white skirt
88,6960,0,drum made people set so give back
89,13288,0,asthma issue today bah
90,436,1,need increase salary http plurk com p wxluu
91,39937,1,string trio
92,30232,1,listening new jonas brother song
93,36207,1,shadowsinstone g night
94,33300,1,nothing gt lt any wanna keep company
95,1963,1,forgot fan too haha
96,23019,1,watching gossip girl
97,76,1,dancing monk neither elp
98,32,1,missed bl y bus
99,9438,0,trying find friend luck
100,20855,1,shebeegee jersey weather good charity drive
101,4514,1,leodisbeanie involves posting thought reading others mr bean got new number btw txts back you
102,10307,1,patay na pala si pat morita sensei karate kid quot wax on wax off quot http plurk com p xgey
103,23316,1,robbieeeee aha ok might see yano
104,37902,0,shoe taken slipper put foot
105,31355,1,whatsupguru yeah hired guy named lenny tend rabbit year
106,12168,0,iheartreading hey sorry got tweet puppy someone already got
107,31997,0,got caught rain sand monsoon way home even though looked like complete idiot
108,39112,1,watching simpson
109,33415,1,good morning twitter quot er quot
110,12819,0,jason inc sound good still like friday although mean go work tomarrow
111,28330,0,xxpat not school wouldnt suck time
112,13835,1,therealkristi many mile driving today time twitter
113,18103,0,tip finger hurt lmao
114,21093,1,aussie online check today tonight channel handsome man tonight
115,32163,1,jackalltimelow oh mannn gonna tomorroww
116,36414,1,madisonmitchell help poorer lol mexican living mx automatically make time poorer
117,18706,0,going go bed amp failed miserably booking holiday although seem new follower high five x
118,530,0,kaliyahpjones lmao thats sad kinda discourages rom goin shit s wack
119,916,0,finished watching series return chaser war everything really quite crap compared used
120,21070,1,john ray bright eye contentment
121,10870,0,pouring outside cleaning locker bookbag heavy back arm killing
122,7451,1,mrsthang ttooo
123,1133,0,bout watch notorious cause that s feelin now wish could eat something can t surgery tomorrow food til saturday
124,16268,0,waubonsie lost out soo pissed
125,36604,1,jonasbrothers see you
126,39107,1,murrion nope sliverlight client side tech
127,22357,1,zeeble u dont even need go option button right on top right corner
128,38323,1,think going movie tonight oda
129,32252,1,felipeubill conectese xetitooooooooo
130,35819,1,watching almost famous andrew michael yolanda
131,892,1,mannnn alllyy got iphone im jealous http bit ly ngnar
132,13460,0,millionfagmarch ah misunderstood message really dislike f word url good luck march
133,11609,0,stereophonics http twitpic com p well done guy gonna miss tweet
134,5617,0,hippyofdoom even get chance shop aldi
135,18935,1,yep good feeling last back sleeping me
136,27955,1,got new clothes series one supernatural dvd
137,1248,1,am still cant sleep
138,36370,1,oooh harlow sweet
139,13540,1,sanazj dunno tried various form nothing can t really like dislike cheese enigma
140,19200,0,kalediscope girl cry allergic seafood
141,12133,1,coming back ruston tomorrow
142,24192,1,neillavin soz idea reason didnt take geography cz would fall asleep well lmao
143,12743,1,traffic jam outside chicago feel quot office space quot right now
144,4049,1,changhee cigs lighter
145,1692,0,wordsaftersex hurt
146,9130,0,life sad just reminder go phone recharge toothbrush
147,1792,0,ooh feel sleepy a m dont wanna go school day to
148,11712,0,oliverphelps good time sadly mean probably gonna rain
149,7289,1,tps report
150,20217,1,sarahdanger haha think situation lol
151,14557,1,cxi thanks found link http bit ly uxofo however think need customer download
152,16930,1,tarneisha boo come watch telenovelas braid others hair
153,14771,0,well official strep
154,31330,1,devbanana nice idea c try ibm s tt work great imo
155,30558,1,guser im
156,6147,1,listening legally blonde musical soundtrack lamenting going anymore perhaps buy nosebleed seat go alone
157,4642,0,zachflauaus note self never ever leave macbook pro stupid icurve fell off
158,31201,1,tonyrobbins ok tell yourself i m different are
159,12254,1,watching boring police prog making fab pasta dinner trying cut alcohol water
160,38829,1,well java atleast im still working php solution
161,17193,1,djjonblak wed night
162,37640,0,giblahoj oh mother day france germany usa
163,26252,1,that s two half hour completed now chillaxing half
164,15053,0,relapse mom dad need you jesus fucking christ stay away
165,8829,0,ah remember day sleep noon well guess today god feel like loser
166,15099,1,bring pokemon forgot home
167,21476,1,gailporter congrats first person heard read say today
168,27458,0,spoke class dreaded ch bio test
169,1290,0,hate working night co really able enjoy gorgeous weather asleep
170,10093,1,ha joestump giving spymaster chance curious miss u
171,10183,1,computer class photo booth work
172,7314,1,fancyfran yea nice im weekend
173,2419,1,four full day left aussie land want go home
174,17991,0,finellskii fun sad guy
175,16257,1,followfriday nickw kevkevv vjartist liverpool follow ppl interesting vjartist doesnt tweet much though
176,6077,0,oh no crashed ball pump
177,5352,1,getting ready head camp allen unless somethings changed mean phone service hour
178,18302,0,scopezum feel way hour sleep still exhausted ahh
179,22892,1,twittering
180,8279,0,going engagement party tommorrow night mine not stepping soapbox
181,20474,1,zopfliesejule f you much willkommen im twitterland
182,22245,1,radha oh please mark toe tweet toe fossiloflife trying make trening topic toe
183,8582,1,im queen sorry got u sick
184,22073,1,snowgirl think start house fit may go whole hog get sure yet
185,8996,1,want meet bill
186,2203,0,xbellamariex hello bella r going delete account
187,9993,0,http twitpic com p jthawthorne ohio lover tattoo got design shirt haha lost shirt
188,14366,0,facebook bitch
189,14328,0,yagulmez yea got outta one too i want back tho feel way i m cool dude lil
190,15624,0,day crappy want cry
191,2013,0,aliwise tmz harvey levin type tmz find people
192,30002,1,lacrossehawty rofl uh huh
193,19785,1,gots sniffle
194,26520,1,saygoodbyeluv thanks concern checking me much appreciated
195,36185,1,bloggerdad use next defense
196,9678,1,aaronwarner know rogers pretty sure agreement twitter
197,19255,1,room damn warm window open im still cooking
198,7344,1,got case bubbly
199,21542,1,elizabethlai mini collection star war figurine office allysont http twitpic com jb what s this
200,22422,1,tomorrow afternoon well later today actually shoot seattle sinner newspaper femme fatale seattle photographer
201,15448,0,cramp
202,16213,1,maggit visit ny til september diggnation
203,37827,1,hi beautiful how s going ashleylovegood
204,8407,0,stratus going bye bye today loved car high school fb
205,20808,1,late n th night nearly forgotten name backspaced trillion time apparently sleep inevitable nite
206,13375,0,gained lb wish could afford something top ramen job
207,5937,0,got people let skip sci pratical becos skola impt dont waste parent money nt fair
208,23315,1,shaddybabybitch hello
209,34962,1,rastin nope coquitlam
210,10591,0,r going mad science sleep missing due back even get watch it
211,10758,0,holy wow think could ve slept day soooo tired
212,36721,1,wildarmsheero that s exactly follow you
213,33016,1,saroar trudat even peppermint syrup starbucks
214,21851,1,eugenechua aah well friend there wondering all s great weather s good
215,31728,1,adding name twitter account learning use amazing thing
216,2679,1,de examen al beu
217,10515,1,temple starbuck
218,26917,0,livinghandy de stay tuned http www livinghandy de
219,29622,0,nursedoublek someone help makeup you gots go looking fine another shot
220,14628,0,seriously bored now
221,5179,0,again dealing cancer direct family bugger cancel suck
222,29196,1,daysdifference jeremy made want sushi
223,2792,0,datdoodrace thts kinda young me boo
224,10302,1,wren know sorry
225,28985,1,kalebnation dissapeared go ellen show
226,6658,0,need new running shoe foot completely torn
227,9073,0,jclayville feel pain lived apt mo previous tenant cat burning eye tight lung gregg
228,35989,1,cbraik cute pretty
229,38778,1,bruxels home really tired end song
230,36456,1,great day and bed tomorrow back sd
231,8429,1,cant find gonna sleepless night tonight
232,21218,1,poojarazdan woohoo congrats friend boyfriend
233,29769,1,vivienne m
234,18380,0,wish could heading la e le sigh maybe someday
235,2641,0,libbyoliver caught tweet got home time last min itv show bgt tonight miss
236,16652,0,leischenshows always come money least rotten law average
237,34952,1,bbheaven
238,20510,1,amp time bed nite
239,19021,0,sitting around fuck all tired
240,32512,1,listing music putting finishing touch mother day present cool part cost thing
241,18347,1,itssamaramorgan gosh need rude
242,4528,0,jessiemayumi shame job thought working yourself there s big money paid http bit ly ml
243,1365,1,brake time nothing lunch tonite
244,20445,1,gailporter morning u
245,3134,0,mavinbkk know wait worth november seems far away moment
246,39425,1,elliejouzdani nothing going guess
247,38131,1,one same get carry
248,7379,1,nothing witty say
249,17717,1,grrrr i got wrong size coat sheep
250,10413,0,sure real state market moving confused either hold go ahead plan
251,14382,1,willem happened dave
252,3548,0,feel well feel like could throw up throat hurt really bad sad day
253,32122,1,candycotoncrush
254,27250,1,dougiemcfly bet
255,11563,1,miss senior
256,10013,1,ftskirstin taking forever upload
257,12708,1,gfalcone bit hollie started cry
258,26614,1,animuxia basquash k on ghost sengoku basara valkyria chronicle requiemforthephantom edenoftheeast
259,28252,1,silverpearl hey there what s up
260,24062,1,school home ap studying
261,18759,0,got rock found car got birdied evening
262,14905,0,probably going miss silverstone s race season iracing sad track pure laser scanned awesomeness
263,13292,0,jjanebb include getaway music fail
264,30658,0,watching quot that thing do quot comcast missing boo like crrrrrazy
265,16899,0,morrgaan oh week bad one everyone love amp pretty face amp youre going fantastic concert tonight
266,11552,0,looking food home nothing
267,14016,0,watching qi dave still quite bored even adam davis cheer up quite funny
268,26704,1,working summer
269,10108,0,generaltekno getting rotf toy till much later tell anybody isn t is worth getting
270,19230,0,omg someone left voicemail work ffs let day
271,23120,1,knusee hug listening ebtg quot each amp every one quot perfect public hol monday morn cuppa
272,25765,1,keza ok babe gotta go back work tweet later
273,16880,0,broke bottle probably focus work instead thinking songgoeswrongs
274,14167,1,gotta get early tomorrow gotta work
275,30226,1,going miyake s sushi sake bomb
276,20923,1,make google search page name http tinyurl com cj
277,7401,0,need jb dread fact retail summer
278,19511,1,home now invader taken base
279,11252,0,wish school but sadly still like another month left
280,10454,1,wanna go
281,12706,1,checking way home rwady home
282,3484,0,paulshadwell thanks trying done good can t fathom take apple store sigh
283,36097,0,woke nap ate nasi padang pisang cokelat
284,28894,1,narotbahar u planning cardio hr that s reasonable whatcha last night
285,23082,1,andrew johnson good night
286,22081,1,hellenbach indeed hellen thought better get tog name rather use company name
287,36308,1,lynettexl u go lmk let s go together
288,19379,1,hoping go red lobster weekend
289,28247,0,jimmyheartcore awwwww snaaaap jimmaaayy man hookup bad far away
290,7508,1,hambers mean quot luv ya quot zulu xhosa probably spelt wrong lol can t b creative day tired translated
291,28871,1,rhispect lol thx
292,14578,0,mrinklin started saving tumblr draft happened week sad
293,5321,0,missing ontario
294,17064,1,justyassy dont
295,1253,0,anant unfair good rock show happen b lore pune
296,3577,0,made work get feelin blurgh
297,39341,1,bigdaws know
298,34649,0,watching original sabrina teenage witch movie different series rad
299,32766,1,msdiazz ask long adrian took lmao intime
300,9250,1,mellabella lived usa would gotto go park aunty life nyc bronx grrr
301,855,0,lozzyx noice realised exam week forgot whole week unit term thing
302,27189,1,even number
303,28580,1,rdkpickle movie maybe little awesome
304,21602,1,may th
305,29630,1,grazzini featured ykyat http ykyat com nnd
306,881,0,still sick sigh
307,1363,1,got back putting laundry got last well long clean dsaa
308,4995,0,shan sir i woulda put honey but
309,11952,1,hey u forgot me
310,5765,1,glamorousamanda awww cuuute mine follows shower peeï¿½s wherever go refuse lay still bed
311,17721,0,jaz paige aww hey know you lol sick outtie me
312,5648,0,ayesham bored class wanna go home
313,10595,0,binary sorry make it
314,537,1,keytar still give computer break omg
315,15332,1,shud realy go bed proper tired bt cnt b boverd x
316,8361,0,gealbhan beag hate cat pee
317,28401,1,ruth today
318,15144,1,ohhh darn forgot phonecall make since monday great closed
319,21223,1,fully inspired write song
320,10080,0,laundry time lot it
321,39803,1,waiting battery charge new dslr
322,38041,1,ready costume making but there s one here
323,18223,1,two month ago became worthless
324,24730,1,shopping cleaning bmfing webcam chatting nephew nothing spesh good bank holiday monday nonetheless
325,4978,0,michael scofiled noooooo hate writer director n production
326,38124,1,hot ramen soup end longgg munching night
327,5140,0,getape bad net issue wed broadcast tonight tho tune new anthem bad mixing
328,10804,0,supergirlnancy sorry code posted site
329,26088,1,affirmationspot around better
330,21059,1,holding audrey mine erica s bean bag thing
331,2499,1,hate karma down bakit kse nilagnat aq khpon http plurk com p wyju
332,3973,1,elledeutsch ok text number i didnt saved sim
333,39694,1,documentally always bit smug whistle blower denial stuff pretty spectacular
334,27528,1,let google http lmgtfy com
335,27011,1,thisisrobthomas enjoy springsteen seeing glastonbury june give u report get back
336,10735,1,heading home
337,9705,0,crypticirnangel thats bummer got one yet waiting year grrrrrrrrrrrrrrr
338,24256,1,one friend deserve free hug
339,4724,0,lilabiem awww meee haha gonna make saddd
340,6328,0,feltbeats that s right kick down
341,9301,1,eurgh revision invented history
342,13108,0,day away evicted
343,19950,0,starving diet killing can t eat pm
344,21903,1,see doc bit get knee checked
345,1530,0,am can t sleep thought b c im hungry whipped pb amp j milk hopefully work
346,13751,0,im depressed pretty day everyone either something can t bleh
347,32184,1,got home talk
348,16116,0,niqa miss too mojokins go there long enough comment weekend
349,19488,0,mmmmmshell miss u roommate
350,26487,1,kaylaphlegar people dont get fender bender way school doesnt happen hahahahah
351,26124,1,somebody check weather kthxbai
352,7216,1,lexxluv nothing bout go work
353,35061,1,jt regular snl
354,21460,1,spontaneo anything good country
355,28004,0,perezhilton hey perez good luck well still planning big present given mom love mom
356,15670,1,new tattoo design check placement idea
357,7541,0,bos like check leave please
358,7013,1,ehhh scratch laying out no sun going lunchhhhh
359,19018,1,backstreetboys why u bring like backstreet team
360,17598,0,dont want ugly anymore
361,17636,1,allisonfelmet what s wrong
362,15739,0,miss friend much
363,21505,1,mashable thanks tweetstats confirmed long suspected twitter keeping way late ht http twurl nl oaerf
364,16568,1,patsytravers think twitter hate every come photo took age day change pic especially time
365,7561,1,ogberry cold rainy
366,24310,1,fun facebook
367,22116,1,rock week idolnews think danny s gonna go home week never bottom three really good singer
368,31246,1,duanecoffin maybe ask raise
369,21494,0,nclusa sorry disappoint big nascar fan still all around decent redneck that
370,3454,1,bacon fail ended commiseration muffin
371,39602,1,jmes c ive sorted operating system apps seperate gb drive
372,765,1,find today first kiss
373,29266,1,kimkardashian remind much omaha girl use date guess jean calvin klein wore
374,27586,1,carlosv cool np got working series design
375,5337,0,michelleweber never good time recourse small claim get atty involved
376,16215,0,lathargic definitely need today rest sad bout havin call mentally needed
377,33262,1,never alone think one care realize there always one person care
378,25342,1,morning back
379,27271,1,jasonturcotte say cheese camera throw western mass gang sign cool
380,29550,1,dad mad cause hid room entire dinner party
381,8572,1,wanted buy amber bensons death s daughter today
382,35547,1,lelahg next time
383,20372,1,jp ahhh lincoln i ll run see hour
384,13520,1,compassandcoin alone
385,28872,1,corie michele thanks that am following them love good cause
386,18753,1,mathieuto neighbour fond loud nickelback
387,5790,0,jacobmaestas think ever one
388,9937,1,bizfizz start tomorrow going book sam forgot
389,6017,0,god opened cloud said hate josh
390,19891,0,evening town jeremy sad carrie can t come
391,32304,1,mypreciouskid quot nana quot quot nana rock quot rhinestone amp printed onesies quot my nana love me quot
392,19348,1,lot noisy peep outside
393,20659,1,deversum lolz way round english better dutch which considered weird p
394,4891,1,may take trip loft get fan down it like spain except without pool cool xxxxxxxx
395,23020,1,algo yes think safe say popularity level today always
396,2909,0,im really tired much time sleep
397,2182,1,going work am
398,8051,0,that s it done already one proof there s nothing fair world http bit ly uemq
399,28800,1,lil heidi v thank pretty lady
400,22567,1,dmeeker alanstevens scrum coach sethrowe scottreynolds imho soft best keep chaos straight http bit ly yufil
401,35587,0,dirtyliz right
402,7142,0,lindseynhess agree great day window see it
403,26545,1,roll arm cuz cant remember ever falling hard avalanche dc
404,23942,1,lizajbeck know remember
405,4090,0,mr reilly
406,27518,0,got full day work today can t wait tell get home beer tv time got make money get beer
407,13352,0,work tonight get paycheck
408,39786,1,bggrice home added grice s list
409,23944,1,oky grandperents went cause granda going drive missed hostipal
410,33742,1,totally going bed right now
411,11815,0,mad traffic
412,25726,0,syzygy thank
413,12264,0,want see bud mel miss hur load
414,19959,1,dfizzy ya would loose appetite
415,12529,1,work time
416,34964,1,joesgagirl oh ok didn t know that
417,19294,1,can t see result whyareyoustillhere
418,6185,1,hopefully im getting new window tomorrow still using mum lap birthday tomorrow eve facebook doesnt work somehow
419,10114,1,yonkers news post june newspaper furloughed
420,17416,0,that s okay want watch shelby anyway
421,9912,0,home sick friday studying im point weekend ruined
422,3640,1,never sleep last night feeling horrible today time call work think
423,2444,0,marley saddest movie ever never cry movie movie mad cry
424,2640,0,markk h wake up tweet let know ur msn really need talk miss
425,29628,1,kris brown holding onto one http twitpic com weh
426,4635,1,going drinking tonight drinking away blue
427,18501,1,going jack s tribute match today
428,2394,0,going bed with sexy time ughhh
429,17435,0,bigboyramsack kenny u alive i m getting da hair done to bad chillin w u todat kinda sad
430,22442,1,pc tech woke little ago sleep couple hour lol wide awake
431,36351,1,happy mother s day everyone great day make sure go see ya momma
432,32102,1,noahbond good grief can t say much driving home martin ike last fall interesting hear say
433,30654,1,bain help pay reactivation
434,12149,1,allymcfly o shouldnt judge song wrote tell shes mean haha
435,32684,1,techstartups people still mail thing
436,6141,0,alice lucky girl work day tomorrow maybe even monday
437,178,1,last tweet send bad phone
438,8586,0,really mad forgetting may deadline mile award trip south america unitedairlines
439,5998,1,snuffleupagous really wish could convince brandon move somewhere like that want move lexington
440,6514,0,mind sunshine walk you summer
441,6089,1,rachmurrayx work
442,10043,0,really twitter mood today know
443,13736,0,kellycombs bummed miss you hope enjoy writing conf tho
444,5378,0,costume shop cleaning starving bring food
445,26429,1,gretchenemily too b kid darn baby making foot grow
446,11036,1,one million people dmv today
447,38115,1,gonna brekkie get ready
448,7383,1,revisingg
449,11482,1,emmaroo youre going
450,2420,1,gone
451,5786,1,guy lived city paris where u spend entire life trafficjam grrrr m used anymore
452,10746,0,kathleen bee coincidently friend cancelled movie date
453,21583,1,bed girl
454,3784,1,tofuatomic bos moving nyc
455,5788,0,frank ups last day today sad see go best delivery guy ever hope new guy fucktard
456,7515,0,dsml dont depress mother in law staying weekend someone else wait kid
457,39118,1,jakolien hee hee btw thanks linkedin tip still use them thanks advance
458,10829,0,jaycoolk want go peach also miss kittin pendulum chase amp status bloody beetroot fair
459,9893,0,mumbly joe trying guilt coming alumnus weekend think make either year suck lot
460,28364,1,lilbrowngirlie see people like deadpool cause true comic guessing like ryan reynolds
461,38457,1,flying falling getting distracted missing ground
462,10388,1,p s ainsleykerr thought gonna follow back twit har
463,11446,1,neilhimself give followfriday advice like told you
464,9611,1,mayne getting hot georgia
465,26127,1,gauravsaha two tweet go tweet
466,39245,1,bed nighty night everyone
467,7059,1,webchickbot portuguese national library could use also right seem ca web example http u nu y
468,6,0,sleep im not thinking old friend want married now damn amp want scandalous
469,14914,1,hype friday amp raining outside no rain day rainin time kick it mr sun trippin
470,20049,1,davidarchie cereal usually like
471,18794,1,want sign germany field trip pero tengo dinero
472,30385,1,aplusk maybe cause look innocent
473,27776,1,th update
474,39535,1,alot new picture tweet really old new check new one wish tweeeet http twitpic com wtyj
475,27615,1,old enough know better young enough care
476,18041,0,jjooss think wish could give tear blood make feel better
477,28105,1,calebhawk cannot deal w tweet lol
478,25156,1,check funny movie http tinyurl com dqwar
479,905,1,say got number getting low http plurk com p wxpdr
480,17186,0,rosellyanna forgot word started cry stopped singing carried cried stopped
481,28099,1,snappytouch someone hardcoded mb brain back s
482,16717,1,lwmedium go ticketmaster site say quot no lisa williams event found quot
483,27349,1,marcmawhinney never heard anyone say like anything monday morning must early cup coffee two
484,8050,1,thetastydactyls try coat hanger trick
485,15818,0,looking forward next week math geography english french exam totalling hour
486,14760,0,ahh sore throat tired want go back bed work
487,16898,1,caitymarie till
488,35194,1,nadyanandita hey hey ketemu lagi kita di twitter
489,166,0,nzdeany given pizza kid would never let fav the hot one
490,31391,0,rafealanthem http www cultureshockmag com shoutz deejayschemes mix site gonna b nervvoouuss
491,6225,1,many wire sort
492,21657,1,http tinyurl com dsmh painthing
493,22101,1,going learn hoedown throwdown today
494,20813,1,michaelhyatt wow goin ethiopia biz holiday mission keen go
495,15400,1,graciealbernaz know told you tell last tweet all can t get play music set play
496,10970,1,realized can t forward text msg iphone
497,551,0,already miss cmontecillo
498,2978,0,getting bored sitting hotel room entire day
499,23730,0,fiendfyre never ever smoking around again
500,29066,1,wathing dollhouse hulu eating special el taquito beer b day week going well
501,38376,1,check ya ll bit im mother s day haircut ciao
502,15661,0,ugh foot feel like going fall off
503,16269,0,think good stood up
504,36384,1,karen ok lol think might date
505,33595,1,fully awake
506,26506,1,elizabethlai study according note copy fine
507,10029,0,jimithy can t come msbj lt
508,24718,1,new pollster data party identification united state democratic independent republican ouch
509,37880,1,iantalbot sion sierre close km live comment swiss army dog tag
510,34995,1,notetoshells yes
511,37842,1,mistressjojo delicateone good point mine way get delivered post pic wen get
512,856,1,justwatched like straight episode escaped id discovery channel guy imprisoned woman killed cooked
513,25177,1,y o daughter kind argument mind love
514,5410,1,plane ticket uk everywhere europe beyond cheap for june oct there s gig near future announced yet
515,22834,1,jensara swann act model enjoyed shoot jensara friend yesterday http myspace com theveilonline
516,16484,0,roxie feeling well http apps facebook com dogbook profile view
517,14094,0,chloe drinking away sorrow dreambears got
518,21044,1,rocking shania twain marathon
519,26637,0,got attic w sadie art work included good time broke head phone bad time still happy buy attic
520,1561,1,risamarie going
521,13548,1,eincline that s right now stare everyone else working thier laptop
522,26684,1,work
523,838,0,hammett wish could time xbox project tied
524,9852,0,little slow try one ben amp jerry s mission marzipan bit letdown
525,39612,1,teabot use facial recognition feature ilife
526,30687,1,joeymcintyre btw still can t believe awesome newjabbakidz performance wa u mask i screamed pc
527,36562,1,megspptc bjoie yeah meg said when block party ovah
528,30585,1,tree frog yes are
529,7037,0,msignorile weather suck
530,39138,1,polaroidsof okay cool like camool zoo
531,8108,0,cold beach sucky
532,23992,1,im seeing hannah montana movie today
533,13680,0,johnhensel hate u wait one week see cuz puerto rico still coming soon
534,25345,1,tsarnick oh jonas brother s d movie come next week kangaroo land missed here
535,26129,1,say watching matilda
536,34321,1,taking request nkkairplay
537,11953,0,avas writer aww one
538,30789,1,thankful mom
539,10787,1,really think play doh tastykake brownie
540,34908,1,going sleep goodnight xoxo
541,35277,1,suzyqbee told big head
542,3602,0,hulu desktop look nice region
543,38495,1,love song night quot then quot brad paisley happy mother s day love amp light joy
544,28135,1,ravegabe do sure enjoy
545,11015,1,saw dark burgundy scion xb dark shade make look like minivan shawdows line curve lost
546,2551,1,from hell beeeeaaaaatooooo
547,37343,1,cam sesh lined tomorrow c winner ill post screen shot lj friend unless convince otherwise
548,3309,0,school boring
549,26556,0,petercoffin maybe pas lay making swineflu illegal law abiding citizen get
550,18747,0,gasfreecommute i d love able bike bus walk work safe area
551,29548,1,hellosunlight want know audition mander text or reply please
552,18451,0,impala guy would luv hear music iï¿½m battery tv play besides think kind vampire movie
553,29612,1,dhazza hehe sure thing
554,10079,1,emmdeecee today
555,19895,0,listing sad song sad
556,6176,0,blow torch broken real bummer
557,8675,0,grr fatboy slim edc lineup
558,36545,1,ohaiijess that s odd lap maybe that s cat o s
559,26444,1,ddlovato check twitpic telling people buy album http www twitpic com jhn
560,36338,1,mother s day wish google pretty amp beautiful flower google logo http www google co in
561,1394,0,usouljah ohh emmm geee souvlaki dimitris i wanna go homeeee lol
562,9411,1,reavel would thing pero la lavadora se daï¿½o
563,12384,1,marieeeeah yeeaaahh even though suck twittering
564,5208,0,teeribbzz noo u dont even know upset right now
565,30172,1,nimbupani divya thnx lot bt imo resolve renaming prob let know apple would act upon feedback
566,8154,1,rawrrxsteffie yeah quite kid school got swine flu close school kid
567,21787,1,asphotos cool realise
568,257,1,come knight well hour
569,3520,1,need word part freedom another assignment exam
570,22616,1,bank holiday station now catch later
571,32946,1,even spf besides need putting chemical face spf full block
572,28789,1,sburkhead
573,13678,1,woken mum work
574,39770,1,made breakfast mom
575,1730,1,mudweight hauled last time dandypig http yfrog com zrjqj
576,32051,0,hot wing cafe willyum mild spicy bbq curly fry delicious http twitpic com wesr
577,30841,1,misshilarypaige agree w u
578,3862,1,msmyers no would easy user manual enough claim bike
579,5628,1,josh shep nope really want play aswell
580,38378,1,oh mix khichadi seems ready time lunch
581,12345,1,star come out
582,6131,1,oxtravaganza big brother and done
583,967,0,narain dun wanna travel way lunch now yeah there nice place missing shan e punjab though
584,14653,0,got nothing witty tweet
585,10999,1,joeymcintyre wondering going put quot one many quot itunes hope do cd have
586,25881,1,looking warbler seen yellow far blue grey gnatcatcher
587,23080,1,braescotland may back later hope good day byeeee xxx
588,35570,1,alisongo heard illegal unless caught
589,25429,1,anyone indie head know donie hassle merchant surname is unarocks nialler karlusss help need copy
590,32240,1,tired even though much today glad got catch second half cavs game juicyjesso
591,10026,0,got early shit ton im headed cherokee park run walk
592,35021,1,hello everybody ti cloudy day amanzimtoti today
593,27869,1,inspired blog something inspirational haha
594,18795,0,confused amp sad oh come quot sweet quot cheer
595,1307,1,money money money http twitpic com uz
596,39960,1,mom hair salon dying hair
597,1211,1,week end time get back work
598,4566,0,kiddshow deviantlysweet causeimrossome still shout spider
599,15587,1,bethontop even reply old tomorrow
600,11235,0,porter making sad panda
601,15041,1,sitting home need pricing garage sale item but help boring
602,3736,0,totally confused bored life must change
603,8897,0,hypernyck get ticket picking lookin slim soo prob
604,21589,1,someone united state liked eleminis http tinyurl com dhlqt
605,17088,1,actually could going weight watcher
606,6709,0,philispig competition around corner take slow least week twisted ankle back jc awfully painful
607,12117,0,twitter trippin right pic
608,39324,1,redmummy good morning hows u
609,10474,0,missed math trade
610,37093,1,gonzalolopez thnx lot recommendation dude
611,26856,1,foxy hotsawce owwwwww gooood morning
612,140,1,lafloozita http twitpic com phze awe miss baby
613,4037,1,now teardrop
614,26271,1,feelme saw week diet sugar rice wheat potato much protein want sugar
615,5748,0,wish could go meet middle tomorrow
616,32687,1,follow dirty joe cool
617,10189,0,george sad can t go car ride dad http apps facebook com dogbook profile view
618,11775,0,work bored mind
619,13937,1,tameshad sure call soon btw masita leaf tomorrow
620,13989,0,laurenbernal make one still craving shrimp
621,34554,1,turning right now
622,11430,0,luuloo im really sorry know wallah u feel life shittttttttt
623,19329,1,wanna work tonight
624,28809,1,jordangerous oh really much opinion either way night rip everything
625,17116,0,dougiemcfly great show doug fun im sorry wont watch
626,4986,1,missed paul ice cream man work
627,7865,0,i am umlaut oh no sorry hear
628,16338,0,thursdayband can t even call belgium suck
629,4564,0,happy bunny
630,18198,0,home got nice plug chipotle
631,6896,1,found http tinyurl com qlrcec fucking frenchies set precedent
632,19641,0,bored want stay home tonight want spend money blah
633,7652,0,mac user completely given google chrome
634,13351,1,class right week school
635,6042,0,tired
636,4443,1,want sunbathin
637,13611,0,davidismyangel enough time if get vip know make least other
638,4851,0,horrible dream last night also one employed sigh only
639,6265,1,cleaning
640,35749,0,mother day brunch gang yay zoo much fun
641,23900,1,brainberry nice one
642,11049,1,off again wish would make frickin mind
643,21798,1,studying spite whatever wonderful unforgettable weekend dc
644,13092,0,home alone yet again mam dad rather go club stay take out yes think prof loved
645,2637,1,charlieboy thats u go weekend
646,27577,1,going get tattos get paid jack
647,9263,1,think something okay goodluck ako http plurk com p xbnl
648,36975,1,curioustwibbit make sense totally show girlfriend asking wear high school prom dress
649,38295,1,lozhush let first
650,37291,0,deathstar destroys starship enterprice http bit ly agcth can t get enough video starwars startrek
651,9936,1,started week wedding ending week funeral
652,28278,1,aquarices driving err speeding
653,24530,0,working working working www redirlanda e many hour spent worth letï¿½s make red irlanda big
654,34874,1,retrorewind great show today
655,36041,0,hilzfuld patience worth
656,1925,0,cant girl like whats walet
657,3534,1,thesims well u brit wait day it thought gonna realized once guess worth wait
658,38194,1,anyone remember izone camera well still mine pretty rad
659,37222,1,whooops wrong smiley supposed lol
660,5976,1,selfish hisashi mï¿½y em mï¿½ torrent thï¿½ bï¿½ ch trï¿½n nhï¿½ ang thiï¿½n long l i ch y xu ng i u tra
661,15534,1,finished cleaning bathroom smell like clorox
662,13248,0,sad gone show mcfly fan them
663,4310,0,getting swing thing miss someone
664,5506,1,eating lunch school
665,783,0,sleepy earlier didnt get see matt
666,19973,1,gen can t blip right now
667,7151,1,got wiff pazik fart
668,32008,0,cynthiay dr hook awesome
669,372,0,justinodom dbl booooooo sick flippin blow bahaha kno dont many friend either feel lame haha
670,2579,1,beer fridge
671,36787,1,nicknotlive eat something
672,26307,1,brunolorenz e ah ghost shell ï¿½ meu anime favorito assistiu
673,30427,1,need wordpress template designed contact design theme cheap
674,11034,0,mtmodular pixy number give energy rush playing festival close june work go
675,8541,0,day cant go slower
676,18033,1,killerannax vickyt losing demi miley
677,30362,1,trevorgoff woo knew could convert ubertwitter think ui way friendly compared tinytwitter
678,3791,0,twitter second day running study leave me car one piece
679,18854,0,embossers expensive get one cheap trying save papersource order go tonight sry bank account
680,15556,1,phxnerd sorry make good luck next time though
681,1035,1,cheetahmamibia oooo ok havent accepted friend request
682,9714,0,rained ever day miami since here
683,12030,0,brran hey you ever pre order sims sad im poor get right
684,20868,1,going bed now good night tweeter
685,19962,0,lonely
686,5364,0,nettagyrl make sad follow someone converse similar bios follow back
687,18882,1,grounded til tomorrow sorry anyone made plan with tomorrow annoyed http plurk com p xr
688,6402,0,mr mcsupergirl ok finished set u free sooooo mad rite now it cant end like that dont want bad guy
689,29289,1,changed username
690,33630,1,mulderscully im cookie wont comment heh girl sang crush btw wud u know
691,32191,1,paulreid sorry sounded like year old texting tried tweetshrinking built tweed deck another cool feature
692,1288,0,ready go work now cannot bothered
693,12607,0,feeling frustrated i can t get thing work
694,16861,0,headache boo
695,9580,0,last day ko olina north shoreee
696,25744,1,whatsonthetube total tv quote sure u would know
697,4952,0,psa usuing twiddict last tweet yet show bored bare w me
698,34432,1,yellowpeel sight made afternoon
699,21611,1,and make pledge it
700,38119,1,cooking brown rice http bit ly gihac
701,37791,1,catching holiday expense two week gift grub
702,11959,1,leave meet boriori now looking forward seeing him done wanted to boo urn wish work
703,14784,0,dont like random gloomy weather
704,1738,1,month ahaha dunno go tomorrow lmao cause went today freakin filipino parent aha
705,9039,0,impossible watch full flash video mac
706,5666,1,bum hurt
707,8785,0,nobody write
708,9855,1,divarina tell hasnt miss boge
709,2762,0,town uncle gabriel coming in miss gabe tempted ask go back baton rouge stay side fam
710,31440,1,livelikemusic awesome saw added myspace could please gt not lt tag photo there thanks
711,33291,1,satisfied fp review
712,36501,1,juliankimmings never touched drop me
713,11218,0,pinksealight oh lucky u need send mine away get fixed
714,5546,0,http twitpic com q so i pe pocket artoo
715,16012,0,tired going take nap finger hurt
716,35329,1,go sleep
717,10985,0,xjakexchaosx playing st pete sold month im trying go orlando one live st pete lol
718,24470,1,ashumittal twilightfairy wci hashtag simply dying anytime soon it
719,2558,0,supposed great weather today amp moro luck im stuck work day
720,7262,1,im soooo loney
721,1449,0,feel sick like wanna get bed bothered go work turn da light off pull da shade n tv type sick
722,7963,0,so woke time work boo
723,18030,1,kofoswagnificnt b u slept missed ride chillin telly friday night
724,14362,0,xoxojennxoxox feel lost keep running in head staring face haha basically headache amp eye hurt
725,37380,1,extremeannette ok thank
726,30188,1,wanna b malik taking stage
727,7649,1,weather tooo hottt mayn cnt take it n styl aint got ride flu n want baby bk
728,39646,0,finally going bed staying reading script quot remember me quot sad sooo good happy mother s day mother s
729,27075,1,mangamaniac wilshire it stayed last year
730,20738,1,short stack need add short stack tv
731,6829,0,heading dmv pay hard earned money
732,11650,0,sars really got down
733,1218,1,toddh t im sooooo bored right
734,33278,1,jimmydouglas thanks guy furniture
735,4307,1,anaruba need carseats
736,20336,1,cant hide tweetie icon change http twitpic com jo
737,9118,1,caseywright acai email yes ton them
738,18616,0,big sad face bing work iphone take regular mobile live search
739,1890,1,listens msi bakes banana bread weird she remarkably much anymore
740,3884,0,booo dario let tk get hair cut
741,18505,1,socallove well grand cancelled due weather
742,19265,1,gregmike saw across street manuels fur coat must short supply somewhere
743,23547,1,beckypidz charmer like football too
744,12274,1,peterpanik hm u guess
745,6468,1,june gloom upon u
746,4727,1,american trade journalist ask pr how you almost time uk journalist erm not much come
747,82,0,gcrush nopantsdance thinking excited guy move realized sad see go
748,2644,0,hour sleep last night want crawl ball somewhere sleep hour work till six
749,15043,1,build hotel without air con bloody boiling here
750,7165,1,ok time study bus law ethic gotta test today
751,24393,0,respect fresh heineken man bag http twitpic com jdrg
752,23179,1,stephreayy going out
753,1700,0,love baby hurt me hurt me more want watch night ruxbury right now
754,9088,0,unmarketing fun idea but saw clothing would really look slouchy would buy think not people r buying dream
755,24902,1,alllyy yes know gross haha im better
756,12417,0,jhonenv need horror lovecraftian actually enough weird horror movie
757,3721,1,mateoviento see link web interface
758,8024,0,rachael make want cry
759,20244,1,listening commentary track holiday inn never thought see bing crosby black face rest movie cute
760,8965,1,joidlove gotta b talkin bout clubbin cant b talkin bout movie dinner or hangin
761,12558,0,jgooden put way make much sense it rotfl
762,19966,0,proctorsarm least posada good ab
763,6362,1,want chocolate milkkk
764,19284,0,bit tongue blood everywhere
765,13782,0,gillianre im happy im emailin complaint haha il hav listen sunday
766,6339,1,http twitpic com shw took class minute ago awsome bad graduate next year
767,21590,1,want everyone know watch cypher
768,7381,0,beer garden ipod friday night shame got work tomorrow
769,35349,1,faith daphne
770,26925,1,djing prom free there prob gonna dj who s stuck s boooooo
771,25948,0,feeling sick oh well reckon people bus cursed me anyways nighty night all
772,17777,0,dont wanna miss laker game tonight sad
773,2349,1,ghhh went hour earlier bed thinking ill get area hr sleep woke hr earlier today gonna looooong one again
774,16018,0,ex make cry wish stronger
775,15168,0,wish sun would come out i guess matter since work can t enjoy anyways
776,24380,1,going pune tomorrow
777,15650,1,going work soon
778,17008,0,leave mr sweetbullshit cuz go work really want to
779,33838,1,heading airport
780,6515,1,sore head
781,20600,0,kirbis trusted matt life picture funnnn night though
782,24404,1,lbruning called dedicated
783,22604,1,atl nj almost home
784,17045,1,imseth no yet week left o summer holiday now
785,17029,0,kvbuckley know enough sotomayor made big boo boo talking making law know branch do
786,2091,0,going post office try sort whole ebay hacker thing
787,25711,0,school tired didnt hear text last night lol still tired love jesus christ
788,9490,1,tattoo seven yet
789,32136,1,prom s over denny s katie kelly lt
790,16195,0,deanm hey twit watched poor holly britain got talent poor thing people mean year old little girl
791,12932,0,getting used getting cold asthma paying it
792,35518,1,don t need education
793,26820,1,beach nanny s got back roast iater pudding
794,22491,0,dutchreaganite roflmao feel inspired go start huge bonfire
795,6629,1,flyguyvan u let kno lady s spayed potty trained see still want
796,3145,0,low low low low low low low low low
797,3401,1,http twitpic com b clean
798,24419,1,coolest foreign word english language need check number one amazing http is gd sb
799,37046,1,pennydog seen him beautiful
800,8613,1,gabyrizzo want pho never before
801,32361,1,cutemadeleine dm amigui
802,14650,1,wish could go hear mint condition tommorow night
803,31144,1,back sj star trek tonight pm cinelux almaden
804,12074,0,editing video van little hungry depressed see yet
805,5876,0,miss jeep bum ride dreaded horrid walmart boo
806,15125,0,omg tink cuming bckkk
807,6642,1,matthewfuller got star pre wash failed rince
808,142,1,chocolate never say
809,28520,0,going lumberjack party
810,15868,0,wanna watch quot up quot badly
811,10151,0,japanimated miss
812,681,1,bed still exhausted vega
813,23146,1,memesijaitort thanks send photo first
814,28396,1,discovered numpy array hold value type useful manipulating array number uncertainty
815,12465,0,lobster dinner mba folk tonight terasse pouring rain mtl
816,34764,1,lightmare like six hang around house get come you keep it
817,3731,0,chescaaaaaa yeaaaahh
818,24143,1,limyh problem sharing whole list you
819,33041,1,bout watch movie nd drink wit martin nd leslie
820,2007,0,heading home could really done without banging head way bus
821,28344,1,band practice
822,37089,0,today wrote two song one temple probably never perform ever one mother day happy vesak everyone rena xoxo
823,8565,0,myersandchang not
824,3574,1,getting really guilty
825,4548,0,therealscarab better snicker bar hershey w almond use b addicted b miss lol
826,9114,0,sad come pooch hall game accepted friend request facebook yet
827,19028,1,hollymarie twitter can t follow
828,15564,1,thing parent best friend
829,21127,0,watched slumdog millionaire soo goood love sad
830,9086,0,wish would rain but
831,19734,0,suncito hi there got comp early last nite saw u feeling well hope u r better
832,4419,0,work miserable day
833,26214,1,corkyloowho haha jonasbrothers y all really hurry announce australian tour date freaking month thepistol
834,214,0,bloomsday sorry hear that optimist thing get better u
835,976,0,hobosexual lol went buy new laptop feb already knew lol looked anyway walked away sadfaced
836,20064,1,grand indonesia mom n sister
837,23922,1,ï¿½ï¿½h iï¿½m gonna go quot big quot house now borrow si guitar play maybe write
838,29278,1,howie d lucky baby wonderful family u know u could take home
839,28144,1,sween yu wanna kill
840,39264,1,finishing session handbook health safety manageing discipline grievance add
841,11271,1,klyn twitter tends u
842,13919,1,know short week certainly dragged
843,16096,1,new episode hitman reborn yet
844,14375,1,dkmissie without anyone
845,31212,1,playing bingo mom old lady
846,2736,0,bwarg can t sleep tired drawing
847,14070,0,woo hoo friday wait work cleaner tomorrow
848,36903,1,titletrakk gee thanks
849,6953,0,look like office tv get mlb network look like mlbn televising det bal game today wieters
850,13409,1,bgt can t watch anymore
851,27045,1,guvnor get size s now straight post office see later hun
852,9723,0,guess gonna try nap thing day since kid cooperated yet week sure day different
853,5035,0,spyed princess anne today listented friend cooking perfect evening working suck ob
854,10055,1,arischenck headed back baltimore tonight
855,15643,1,watch now hmmm
856,9498,0,wow woke read drew blog oh man im seriously cry right
857,28738,1,savagestar sound like backstage pass
858,13571,0,back salvador wish sao paulo see second concert
859,21259,1,http twitpic com jar tell me love someone like this
860,27989,1,goingg school today
861,26346,0,wish london personally witness nun run great idea opening sister act s new broadway show
862,36948,1,wicked good night thanks
863,33396,1,free unlimited ringtones http tinyurl com freeringring usa awesome iphone
864,16296,0,iï¿½m jbobsessed xd miss soooooo much live web cast bookface every thursday xd
865,15227,0,laurenyant mean spend time alone friend family sad
866,34341,1,cawineblog everything count drinking
867,35290,1,annamariapdt hey closest among disney star i m filipno too d
868,31118,1,elissa watching th harry potter movieee
869,33799,1,bed night every onee
870,14372,0,even bother anymore everyone makin feel like im waste space
871,32572,0,jowork oh gon com back again and yo azz betta make vid yo prom boy
872,39462,1,picseshu u go
873,7881,0,get see fav today like planned
874,37817,1,theseainwinter tweet me thought remembered seeing one cant see now glad teatree ok
875,5262,0,columbus blue jackes may movieing anew city play thats sad news
876,28230,1,sheila h ok know daisy love seen yet oh lord
877,857,0,missing everyone
878,28893,1,adrienne bailon talk hip
879,2761,1,least u get more im broke
880,81,1,mix dentist appt afternoon rescheduled tomorrow am
881,37374,1,probably spamming follower s account
882,31426,1,putrinda sti s doin fine bout you
883,2239,0,naughty cant even take dog sit amp watch proper dog owner it bruno life ever same
884,30060,1,wow serious another draw chicago fire that s row well least losing game need win soon
885,32510,0,profitfu wattup bro hows going see ya twitter kicking butt jv http twurl nl ogzbdl
886,21916,1,kasey good night
887,3738,0,lesley morning lesley ya making jealous
888,22770,1,fromtheold use newsfire work like charm
889,31073,1,honestlyx one
890,7204,0,christy edmonds oh sorry lot fun though great time
891,15726,0,woahamber hate
892,34851,1,elizrn welcome
893,3757,0,gemmak know exactly mean lost many friend feel
894,9541,1,nick carter can t see say quot this video private quot
895,19513,1,ballerina family super nice albeit little controlling son s life bayou family judgemental
896,32395,1,yo mom day today big mom duke behave
897,36372,1,keithflaherty yes dear v
898,22486,1,redantiques let guess antique amp collectible anywhere else like be
899,4733,1,chilosa fun tomorrow night think fun bar art gallery wish could
900,18036,1,gerardoudi hey gerardo late response day talking bout forgiving brother givin wrong direction got way upset
901,18948,0,donttreeriddle oh no melted ice cream want
902,37511,1,continue dramathon episode come
903,642,1,still confuse
904,32605,1,travisgarland make sure call yur mother amp tell much love her tell love bringin world
905,14246,0,home ill work man flu hell
906,19828,0,leaving atlanta morning catch joco pa amp st excited missed p amp s d con last year made sad owl
907,25091,1,ever catch something really really nasty public play off
908,28470,1,trying figure use twitter thing hahhh
909,23507,1,sky man quite friendlyand like joey still annoyed got woke half eight though
910,6903,0,cameronmarion one even liked answer life last night pshh
911,8660,0,hi guy da usael notmuch really lt sad
912,3845,1,barnsley keep davey sign new experienced striker
913,17541,1,fmulder not
914,36264,1,got home sunshine coast
915,17043,0,flash forward poor dead josh http bit ly jkphn please leave message condolence there boy rip that s sad
916,28295,1,volunteering syndrome indiana wednesday
917,5588,0,wife lost sprint blackberry bike ride am anyone extra bb laying around retweet
918,26245,1,bone along outside ur foot caterpillar crawl side spine relief reflexology work
919,32198,1,defying gravity nobody alll oz wizard wa ever gonna bring
920,22992,1,shop work time see yas laterz x
921,18470,0,slept in missed bus train delayed stop stop late work fucking heelllll
922,32280,1,sassy grandma s make pretty awesome mother s day dinner
923,2476,0,nice action shot http bit ly mzfx miss working pole
924,25673,1,drying hair
925,21052,0,nitadarling see
926,19035,0,bellagm yes suck miss
927,20895,1,angusups seeing anyone still awake
928,18341,0,tantra anyone kirki know sad is drowning sorrow
929,5831,1,sad assembly next block
930,31152,1,frenchieb day frenchieb day frenchieb day frenchieb day frenchieb day frenchieb day frenchieb day frenchieb day frenchieb day
931,7398,1,working working working
932,38818,1,hey hey get ticket time low aussie kay www myspace com destroyalllines yup go get ticket
933,13987,1,bptheproducer without
934,848,1,claudiuvoicu supposed back sun via private jet btw o mite hav stay bymyself thnk god another week amp want bruno
935,12842,0,randiellen nofair bk uhura nero left
936,65,1,home alone much
937,5503,0,taking brother airport gym
938,1246,1,early
939,14518,1,buffalo souljaa eat
940,8540,1,mom calling hospice great gpa matter time god know
941,22537,1,hiddenstar is ive done somethign like update today s
942,7237,0,ugh delivery postponed shes baby til work
943,12578,0,creationswheart ive wanting gone mo amp close shop
944,22104,1,faithfulchosen fine thx day took advantage gt tired waiting see pic read blog
945,1570,1,arania nope cant figure get update blackberry need go running
946,39188,1,mixing techno progressive tance ableton live ben vapid s birthday ableton
947,16769,1,jmrooke chicago
948,39416,1,dutch marketing agency asking job applicant apply character less http www energize nl twillicitatie
949,2509,0,beginning get way hard please friend
950,18941,0,headache dumb
951,5634,0,again stuck traffic jam somewhat starting situation every day that s sad really
952,13125,1,havent ben n while sorry im bac hit hup
953,37523,1,dulani yep do
954,28645,1,jstewart suzi
955,3430,1,cause give reason assume http tweet sg
956,25826,1,writercharly word day word hour word minute pressure
957,10471,0,sigh last day work sadifying heartparts
958,20407,0,katrin l unfortunately not my work tie whole summer but there s eu tour fall i ll there want rebound
959,2011,0,uni work weekend fun time
960,7066,1,want buy really red lipstick wear often
961,4077,0,streetztalk physic boring class ever
962,27810,0,intel gfx driver situation much better recent upgrade kernel rc driver git suspend working again fewer mem leak
963,35466,1,need leave now tweet laters
964,9465,0,ankita gaba take shadez away day shadez twpp
965,15368,0,oh god feel like shit
966,23569,1,drove work vespa pouring rain rain overall keeping dry
967,5391,1,bad timing new mommy called newborn picture can t fit baby schedule matter hard try
968,31687,0,tammytrent left quot again quot title whoop
969,38746,1,actually woke up going attempt see natalyy
970,22105,1,go garden weeding mulching cutting anything else find
971,17062,0,truck full silver bar imploded itself delayed u hour even get bar trouble photo
972,16432,0,wow there s still void whre thomas left heartache never going go away
973,31656,1,macgenie sound like episode tv wine library garyvee
974,26678,1,starting class today start medisoft
975,19075,0,ringram glad u feel like cooking tired
976,490,1,can t sleep nothing tv
977,27732,1,mrsmonj ha dunno usually check day caught bcz replied tweet
978,30971,1,david henrie hey david enjoyed wango tangoo
979,33037,1,candis hey candis
980,31279,1,back soap soooo fun
981,3796,0,day go on i think im gonna write song it still thinking itï¿½s impossible get true friend why
982,22327,1,work full weekend vengaboys zane lowe wolf gladiator porn memory
983,2527,0,enjoying nice couple dad brother bad never really see anymore
984,805,1,talentdmrripley maybe good night s sleep everyone
985,25772,1,invisible car help boost recycling honest http twurl nl fdgmyo
986,4559,0,day open know do everyone leaving today
987,32778,1,darrenroberts love dawn chorus noisier better miss church bell too crazy know wa going cycle friend not
988,20487,1,nickhodge bought repo man soundtrack s pablo picasso never called asshole
989,34977,1,poetic violence heyyyy babyy
990,2731,1,riineystackedx lol cnt slow
991,39383,0,basil highlight day old man lecture greatness telegraph idiot
992,4577,0,hope ur havin nice friday feeling past week since dog s passing
993,12780,1,awwwwwww holly
994,8208,1,phone bank
995,22791,1,http www dothebouncy com smf shameless plugging best ranger forum earth
996,7329,1,charlottespeech aww read tweet sure later either work too feel u
997,5333,0,bad grade
998,25532,1,xthe happy emox lmao lucky minute foot ewww school lol bus now
999,6751,1,scrapbook idea
1000,15571,1,kiyoshimartinez mark end roommate era never made wonton again
1001,30423,1,jglass tomorrow
1002,22037,1,jazzt byeeeeeeeee watching new dh x
1003,11937,1,itssmarieeee haha see im bored rite now seems like everyone headin vega weekend
1004,16925,1,want tuna amp salmon sashimi b c roll dragon eye
1005,18959,0,myinnercougar sorry day bad gettin drink on good plan
1006,30041,0,today dan bought bio dome reality bite soundtrack needless say get mayjah point also tummy happy boo
1007,7003,0,super pumped quot relay life quot tonite walking honor sweet grandpa uncle howard past yesterday
1008,24384,0,go school reviens ï¿½ h
1009,38337,1,tha internet txt
1010,14354,1,anabear i nothing near right
1011,22183,1,waiting last video rendered watching episode
1012,33924,1,believe bed time knighty knight
1013,9794,0,oops forgot barbecue work today need pack lunch
1014,6874,1,redneck hoe apparently
1015,14475,0,hardrockchick super caught cold plane far forward line like extra sleep dearly needed
1016,9482,1,charchaos come u win m twitter world is working
1017,10753,0,depressed right now idk
1018,4023,0,xjadedx helping
1019,23717,1,veeelee summer farn lai ba ahhhh
1020,17726,0,front tv wats score inning
1021,20667,0,emmyrossum ah hate happens race erase m week going
1022,38927,1,andrewschof hows u lovely day here
1023,240,1,nymo would better imo let play song provided start quot get it quot black out
1024,14955,1,thomasfiss love thomas i always respect support decision and miss gonna amazing thing lt
1025,28185,1,go cobra cam idea
1026,4678,1,month daughter s seperation anxiety intense killing me cant leave sight without breaking anxiety attack
1027,32558,1,barry gibb talk show
1028,15668,0,im tired responsabilities wish kid seems everyone around money anymore
1029,18866,0,sh t getting even sad currently library j think last one tooooo
1030,11798,0,last day work taking shared googledocs actually kinda getting
1031,21527,1,swisstwist jip good one
1032,17645,0,allysonbrianna well yeah mom wanna drive way sac far away
1033,17214,1,yeah silly mistake end long day etc etc brand new plier
1034,20472,1,ehasselbeck braving standby line theview bright amp early today hope hear book amp hope get in rd time s charm
1035,8371,0,got back nom nom s favourite restaurant haarlem sad miss eating there food incredible
1036,9751,1,kassielovee belly ache lulz i m sorry though ginger ale
1037,9685,0,xomorganjane aw sad looking forward seeing you
1038,33123,1,elysion
1039,2077,0,like friend hurt u love friend feeling arent same trying sleep really try give up
1040,25136,0,dbdc lol hate happens hyped know it lunch sound nice hope nice time
1041,9092,1,alauderdale smh playing dress up lol can t see vid though working
1042,37280,1,stephyanime yeah
1043,36304,1,ppl dont miss follow superstar sunday
1044,7627,1,new tuba th july weekend
1045,31329,1,emily laiter already discussed today yeaaaaaah
1046,17592,1,gawow probably want go home
1047,37626,1,ping pong tomorrow
1048,34945,1,robotmunky read good thing bout it feelin tonight proly finish tomorrow star trek
1049,23556,1,would soooooo cop two thing could drive unfit
1050,39025,1,paulduxbury morning paul you
1051,1789,1,food food food
1052,4536,0,weather awful want curl read book day
1053,10486,0,zaidah can t listen music work probably could try start hunting new job monday
1054,14721,0,ludwikc broken can t c
1055,21380,1,baomoi thanks b n tu n vi t ban ï¿½m khï¿½ng ch ng vï¿½ con khï¿½ng qu y
1056,600,0,jonaswebcast missed it
1057,14674,0,missed answer im again nth time making sad whenever im which time always out
1058,29661,1,notsafeforwork vote per day per computer
1059,2424,0,still awake smh suck
1060,19068,1,im moving canada
1061,26156,1,interesting type bike get bike company follower download get company amused say keyword
1062,13171,0,mitchelmusso never reply mee must really hate l
1063,38013,1,nice sunny day
1064,4268,0,hate cant sleep
1065,27890,1,try put together list portfolio put together along little bio free time school stating
1066,579,0,woke up i wanna stay bed
1067,35310,1,drinking bud light lime
1068,15644,0,want hair cut mom wont cut
1069,4195,0,dont wanna get bed wanna go back sleep open store work though
1070,13986,1,amberlily
1071,2983,1,think master cleanse intended traveler feeling gross
1072,23565,0,pm sun setting soon setting soon too grab dinner catch sitcom
1073,16351,1,mitchelmusso cant call im work
1074,16791,0,lostmyheart hoping go away mean get teary drop hat anyway truly awful lately full sad
1075,39061,1,tom el rumi english them half conversation english anyway fii mushkila ma a al modem wa al router
1076,36718,1,happy mother s day everyone
1077,19589,0,misskellyo wish could eat
1078,23682,0,amesox heyy dude yuup thats really hows monday x
1079,11357,1,sthlmbeat yeah realise organiser dun let performing artist dj drink stage tight malaysian law n rule
1080,7395,1,kennyblak spoke nigga looking ya crazi time u stop plus always used see yall wanted
1081,1221,1,madd bored
1082,31858,1,myfamilygossip you
1083,26381,1,goodbey pressents http mobypicture com uqih
1084,1177,1,workhomexpert nope re reading again offense meant
1085,39375,0,see tinyï¿½s thinking thought smile caught radio big daft grin face
1086,39666,1,suivez moi follow everybody
1087,14361,1,getting ready work
1088,23623,1,timewalk morning joe
1089,4129,0,home marco island missing girl already back work
1090,8777,0,charlieskies actually better name fluffballthegodzilla my youtube username ive beaten
1091,27631,1,iammandurr your e freak
1092,13270,0,trying straighten hair effing hot here also need food
1093,27209,1,everyone fine monday everyone s opinion new wolverine movie
1094,17129,1,yakfishernet way comment site unless member
1095,22756,1,dreaming amp thinking garden
1096,14377,0,feel like last night dream well guess say nightmare
1097,11112,1,tiika phone ii fuckiing shiit aiint cool
1098,6440,0,brendonbudness unfortunatley tooth kind crown
1099,6258,1,can t seem access restuarant city due internet javascript problem
1100,13492,1,thadmccotter u great always but can t east germany noko least provoke amp go kill
1101,12227,1,evernote eyeficard need one these thinking earlier today downloaded picture via usb evernote eyefi
1102,35146,1,twicullen good day k
1103,36176,1,forcing watch movie book report im lazy read
1104,15350,1,spellingis awful twiiter
1105,7714,1,ogberry idk i m trapped work day
1106,14199,1,trying tag jonasbrothers picture facebook already tag lol
1107,14991,0,amandapoop yet never texted backk
1108,19339,1,really lookin forward monday bak college
1109,18238,1,thelongmile followfriday back turned saturday there always next week movement photo site
1110,15879,1,looking vibrating phone like trying find quot a feeling quot
1111,8568,0,poor poor mouth
1112,5757,1,demetridadon well tomorrow miss
1113,30561,0,blackberry ran juice middle day it miserable twitter email beck call truly awful
1114,19125,1,rezaevol awe wit snap finger n nod head ur rain gone lol thxs hit afterwards
1115,34740,1,nksusedhtweep welcome
1116,25750,1,bored
1117,16839,0,weather ugly n l a really cold
1118,7608,0,loving sunshine hating thought office without window
1119,14268,0,allysonrobinson a well bell hook teaching transgress sometimes miss teaching amp messing bad system
1120,27103,1,mode home office
1121,17876,0,maidmirawyn supposed go tomorrow tooooo use gas ticket money pay car inspection fee
1122,4843,0,another rainy day
1123,32916,1,xanitalx anything like lemme know figure wanna do
1124,17659,1,working until
1125,22623,0,tizzik yeah ill make sure keep updated get delivered
1126,14330,0,today sad day tucson http tr im mq shall miss sour cream apple pie fondue separate seating group dog
1127,34005,1,muumuse thanks brad looking forward chatting too btw like new pix
1128,29962,1,back sunny degree weather though
1129,35169,1,anthony y tony hey
1130,6255,0,friend mocking weekend jamespmacdonald talking you
1131,3045,0,missed jonaswebcast
1132,8039,0,can t give blood within year getting tattoo can t give im gutted
1133,19633,1,dang last url went http blip fm aigm
1134,18396,0,uggh everything sending you keep sending twitter forward you suck life
1135,11260,1,retrorewind ive totally got donation link gonna double donation week x
1136,17158,0,net died yeah sad
1137,23656,1,woow think david henrie weeeeeell hot
1138,29332,1,dyedinthewool scooby yours different rest
1139,24047,0,babysitting dog they place
1140,33796,0,citycynic lol target employee forbid place usually go buy like everything along commenting
1141,36131,1,aminorjourney owe lot
1142,22522,1,mileycyrus check oceanup quot miley cyrus justin gaston fight lunch quot ok justin hmmm im whatever happen
1143,22735,1,dzschille welcome
1144,24088,0,life would suck without kelly clarkson
1145,3829,0,kev watson sorry address wrong put samuel address sam stupid brain day today
1146,28751,1,retrorewind thanks
1147,35215,1,really wanna go australia england
1148,29447,1,phone lena czerina libby
1149,33707,0,candymaize ok i kinda feeling ignored anyway sunday arvo pm going lunch amp wine
1150,11644,1,drewryanscott want let know im vfc matter happens yes need hug bad live delaware
1151,4808,1,finally got home ohhh aching foot happy finally watch giro
1152,16255,1,trying got unread e mail message look like rest evening
1153,35098,1,talking amber showtime baby
1154,13656,0,chickwoman im riding high low mood now chore blow
1155,19205,0,got gym w no energy
1156,25477,1,good morning
1157,13600,1,get feeling kris going make wait get home tell denied vittles bww
1158,7261,1,http twitpic com vau help find mising pugsly
1159,15958,1,teemonster see none extra money you
1160,959,0,home ice cream tweet up my first tweet up pic camera battery died last night forgot charge
1161,35283,1,say good morning world http plurk com p sv
1162,33394,1,sunny synday morning nicole later usual mommy got sleep
1163,499,0,nickkk suck
1164,16903,1,miizlushious yepp
1165,15415,0,thought cavs would crush magic come home north realize wrong wa
1166,771,1,dont know tired today bye time beddy
1167,205,1,rlcpbiatch happy birthdayyy hope awesome day see next last night
1168,17585,1,bored nothing
1169,16107,1,akara hour ago came in realised went buy something online
1170,6415,0,headache headache go away come another day
1171,12619,0,please vote sympathy bgt
1172,35943,0,joooo rest week less hour long
1173,35763,1,sherirocks aww know used chat became cool
1174,39681,1,peterpaega better believe it tigerschamps miss world
1175,38795,1,thewinevault oh know aprreciate back plan
1176,852,1,huge headache goodnight
1177,19005,0,played show tonight chinnerys southend snapped guitar strap ripped string threw guitar across stage
1178,21288,1,watching neighbourss
1179,34906,1,looked differents stuff mine today
1180,11762,1,lied yet see good looking men
1181,32012,1,like power nap
1182,34101,1,sï¿½i gï¿½n sï¿½ng n ng chi u m a
1183,16981,0,rain delay
1184,12200,0,zeenabobeena im sorry fail
1185,33303,1,act like therefore
1186,39538,1,ashleyluvsjbvfc lol many stalker today you love getting creepy stalker
1187,23562,1,limburger yes sir see http is gd wzk
1188,10964,0,rebeccablack sorry ahahah rachel look much like
1189,3556,1,deepwarren gonna paint me oh well
1190,9536,0,another qi start i ll missing next
1191,16505,0,asda ready meal think ever
1192,14706,1,fry arizona that s thing ate today feeeeeed meeeeee
1193,18707,1,snoop much substitute variation ate much too oof
1194,14517,0,lilxcutiesworld played song send request
1195,12007,0,neeeeed plan one hang tomorrow booo
1196,37350,1,mitry belgian record collector
1197,28941,1,sountrack de juno deixa feliz
1198,19393,1,awesomekenn lame right u know date cali
1199,39055,1,sophiaalmeida lol thanks really needed reminder old hag mom lol
1200,4462,0,ialejandro aww thought forgot last night hardly twitter phone text evening ok
1201,24981,1,annebb well print cy k cymk
1202,32686,1,aclockworktoad im getting treatment gonna hang pool hot tub
1203,15774,1,eom still work
1204,5704,0,another day jury duty
1205,14569,1,annoyed ppt save change explicitly saved
1206,22661,1,david henrie you what doing answer plz
1207,5117,1,im going work
1208,27417,1,iamrah peace how s day treating you
1209,22568,1,first know sinhalenfoss ep big news http tr im kpor
1210,5835,1,work
1211,54,1,benballer way damn suck b ok
1212,26789,1,try holy cow serious sauce use himalayan hot garlic pasta yummy introductory offer p asda www holycowfc com
1213,14595,0,sister stupid party amp amp wanna hang friend hilly txt back
1214,22693,1,kerri louise yeah like
1215,6801,1,steven dont one dunno mom ever one
1216,14472,1,ugly girl always insist making ugly face ugh
1217,11306,1,cat unimpressed thunderstorm dog wish dataangel would come home
1218,7119,1,grr everytime get new girlfriend i m bottom totem pole
1219,39373,1,priyaflorence say even domino anymore prefer pizza hut s crunchy fresh veggie pizza
1220,15697,0,awww kanye west shame doesnt get joke
1221,1223,1,wife can t get guest list tomorrow show exist lame guess wife show
1222,32577,1,eajosh hear from thats true right her
1223,16924,1,second friday night update siskita left city http tiny tv iks
1224,17660,1,bloody intrusive thought really going bed
1225,29812,1,rumblepurr that s babypatches said like you too though wildboutbirds going steady thatstripeycat though
1226,2880,0,hot sat office wanna sun shineeeee
1227,21034,1,alternatefinch no people recommending others follow like followfriday pic
1228,18123,1,whore hay twitter happiness score swp is http happytweets com think dropped point since yesterday
1229,3439,0,dam finished watching prison break final break omg dont think cried hard show finally understand finale
1230,4644,0,last day senior bye bff
1231,4394,0,althearicardo hr go pa ako
1232,33011,1,kitode well one thing might branded quot public menace quot state
1233,645,0,http bit ly ww noooo go orlando omg gonna cry
1234,208,1,onlykcj guess go girlie still gym work am
1235,28397,1,danvesma haha go crazy it
1236,13309,1,darrenruane hey funny stopped get coffee way spilt half car
1237,11327,1,broken wordpress mu powered blog site ok admin screwed
1238,25746,1,booked ticket jessicaaaa
1239,12593,1,back exmouth
1240,17420,1,ha think really lost it time get ready work
1241,29054,1,feliciaslattery ease use better camera syncs w itunes smaller i looked storm eye appealing amp clunky just few
1242,34609,1,think read strawberry hard fav char comic like bad rabbit stud chic sent kid
1243,19728,1,totally know ticketless travel work
1244,29658,1,mamacrow important person who
1245,29859,0,work work work get tired sudden paularos nicole told say hi aww enthusiastic hi paul
1246,14120,0,cried way final episode er previously er documentary it
1247,38909,1,blogging cleaning chatting listening phoenixfm
1248,4168,1,bandwith limit exceed filaty
1249,19135,0,aaronob music teacher either expired forgot lesson leaving outside waiting ride pick hour
1250,13965,0,sorry tweet bgt poor wonderful crazy weird greg fair silly little girl never going cope urgh fair
1251,30029,1,kerrisnead real exciting
1252,35469,0,happy mother day
1253,6495,0,leaving nola today counting second til start cry love place much
1254,35475,1,alextuthreefour well maybe ask yr cousin get shoutout video something btw randomly replying people
1255,39634,0,leeye yep trying beat cold winter morning swim always refreshing good start day
1256,6603,0,noo xbox got red ring death
1257,12651,1,awww bless her made cry
1258,35134,0,jamie oliver whats breaky then russtle something hangover please jamie lmao
1259,14746,0,change practice pool someone threw normal pool
1260,12059,1,still train goin southside
1261,15659,0,hell follow friday get
1262,31388,1,realized get arrested public disturbance oh well take chance
1263,35528,1,janays actually so here vi accompanied glis make me day brandi carlile busy month gigwise
1264,15223,0,feeling lonely
1265,13547,1,look far away gone locked away room trying work silence yet constant quot urgent quot email im s persist
1266,34110,1,phone
1267,19299,0,sometimes forget favorite porn star real people too bobbyclarkxxx made orange chicken last night cut finger off sad
1268,12440,0,jennafletch freddies cotch ladyhawke here missing bajan beauty
1269,36366,1,watchin hannah montana hoedown throwdown
1270,3297,0,felt like crap behaved like son ate compensate pigged home roasted sugar almond painful tum threw up still feel sick
1271,35884,0,star trek movie riveting soundtrack superb overall experience fantastic alyssa jumping german shepherd priceless
1272,2236,0,disturbed sold baby tiger met thailand exotic pet greedy bastard
1273,26438,1,scottrmcgrew another account here
1274,15442,0,hurt foot
1275,26764,0,new nick name arosh i like like
1276,18496,0,omg icecream
1277,23530,1,briethehippo gmail
1278,13926,0,sheila libere moving done internet monday cafe like new place work fine everything else so
1279,23907,1,xlesseyx hey cup cake
1280,17804,1,salvem
1281,13521,0,saytri lol exam go mcast school finished form that s soo disappointed
1282,30042,1,perth ford falcon new ad received posted hcc site soon
1283,31222,1,visualheart another purse need see photo
1284,30478,1,megmatthews try find again film it
1285,19352,1,backstreetboys wish guy gotten video
1286,9165,1,work booo
1287,19308,0,sad otalia today
1288,3237,0,tired right get early
1289,7524,0,another favorite local place bite dust con sabor cubano place go amazing cuban sammiches closed
1290,18569,1,matt weiters first bat fly rf
1291,15966,0,good remembering twitter thing sorry everybody leave tibet today with head cold
1292,19391,0,samsamsammm miss you stupid work
1293,32032,1,darknessbound two day comcast technician scheduled tomorrow morning
1294,21693,0,can t sleep happy fugees keeping company
1295,38407,1,watching basement jaxx s set radio one site
1296,5955,1,deusbrackers ad another week visa work
1297,35974,1,bought magazine
1298,17108,1,greenjeanine faillllllllll whenever ur freee then
1299,26958,1,dandebuf pretty sure every main character ever written iamnotmatt
1300,13326,1,noobde read article buying ip s necessary mean get developement team mean
1301,17351,1,teamtswift wanna move america
1302,17,0,sleepy even late fail again
1303,18860,0,ugh hard upload picture twitter
1304,11508,0,ughhhhhhhh feel good
1305,28828,1,maxin relaxin ahhh
1306,3357,0,can t sleep epp someone awake scared crap outta me
1307,35908,1,andrewratcliffe certainly warmed mine
1308,7998,0,dorritos repressd get migranes repressd leaf either arthritis and or gout
1309,23926,1,good morning tweetie world great day everyone
1310,29380,1,kiwiartist hi one kiwi artist another kiwi artist
1311,1580,0,today feel like friday bad
1312,18226,0,marsacademy hug you awwww i m sorry feeling sad e
1313,22284,1,im andrew long fun day
1314,18622,1,djfreezy ummm me
1315,25103,0,back had great mad monday meeting tomorrow
1316,21466,1,johannabd organised day indulgence amp luxury her pamper day finger crossed like surprise
1317,28706,1,dirtbikegirl think confirmed feeling glen helen opinion
1318,36198,1,watching place see die
1319,12975,0,sad http bit ly bjth love kelly lt
1320,13229,1,heartnsolex hard go ur guy peicing person shoud change cause mine hard change
1321,1618,0,work tired want go bed
1322,25662,1,glad trudged first page anathem pg it s long time since wanted call sick read
1323,17907,1,goin bed
1324,656,0,yea saw really sad commercial
1325,3142,1,izzysc hi isla hope doe too
1326,5135,0,wishing got fij
1327,37415,1,twin peak high yay
1328,15538,0,gotenkslovesme haha yeh lol maybe missed last roadshow cause rain
1329,17292,1,morganeleanor ew know exactly talking
1330,2083,0,thelastdoctor creepy first really grow like him cried like baby tosh died
1331,6382,0,computer work hate me call tech support again
1332,36820,1,happy mother day mummmyyysss
1333,26105,1,nfnitedawn cheer lift coffee cup monday
1334,8325,1,atlanta arcelay http twitpic com xvw got chased male chihuahua looked like pregnant today black
1335,1026,1,work
1336,21483,0,school today gd dont get see mate n millsy x
1337,32818,1,writing
1338,39287,1,top way go green http tinyurl com otjttu pretty helpful kinda cool actually
1339,13911,1,oyfreakinvey rofl
1340,8546,0,head starbucks gonna take bus paradise starbucks missed minute
1341,33981,1,everyone keep checking demistylesource com new update coming soon
1342,17405,0,rmetalbroad belay swimsuit hot tub ready weekend sadness
1343,2765,0,lost ba enlisted class cr whyyyy hindi naman conflict whatever ang labo ng cr grabe t t
1344,12896,1,stevico exactly
1345,3352,1,pennyessex humira right everyone respond better enbrel ask rheumy much long term testing done
1346,12317,0,one tesla dealership
1347,19980,1,pavement boiling hot there dog limping guess summer s officially here
1348,31797,1,cfree worry going abp right now want something
1349,20707,1,wahliaodotcom thanks that
1350,585,1,friday last much fun skint though
1351,13204,0,big weekend final project due sunday night computer day night
1352,23644,1,ashhh x yepp like dylan cole better
1353,13276,0,know see people love country could get closer
1354,36700,1,get call mom tomorrow mother day
1355,2850,0,already c office people melt fighting air con fan help can t find budget
1356,14585,0,theerealfdhc welcome glasgow felix sorry cant tonight
1357,6485,0,really good concept mozconcept really love send something mine time
1358,2556,0,jerseyzmorenita sad true shouldnt right
1359,22093,1,possibly carpenter number topical
1360,539,1,u at
1361,25629,1,coliwilso hmm okay em dm e mail send install note
1362,22805,1,masterballerina yeah revision do gonna go starbucks instead
1363,11754,0,suck school nothing
1364,35400,1,jonathanfields game neil strauss count guy seemed lot persuading
1365,7421,1,follow friday msveracity b c need follower
1366,12961,0,ya ll turned device update can t turn em back on feel so so out touch
1367,3248,1,christianedward good sized family room cramped watched match room watched tv iplayer kid asleep
1368,11542,1,stuck traffic way costa mesa
1369,27968,1,caitlingrant thanks like said facebook made awesomely happy thanks
1370,14886,1,faffypants maybe real name wasnt tommy
1371,21145,1,emmak mexican wrestler year cape too probably build though
1372,25862,1,djcool m yeeee wassup
1373,9332,1,tour got canceled
1374,1359,0,lizz xx cheer lizzi b another foh hero concert still suppose b upset xoxoxo
1375,1440,0,irkengir no result salary decrease
1376,10892,1,wanna go extra show really bad
1377,16909,0,waaaaaaaa kicked u bank getting monday omg chilito
1378,8550,1,way wildomar ca towing lexus
1379,26132,1,klaudine s again
1380,20906,1,ranronjon u copy wot wrote hmm
1381,14389,1,bellware easy place access task based ux something thinking about like hear criticism
1382,29396,0,ok now popped say hi check thing probably head guttah later tonight
1383,31674,1,happy mother day mum
1384,6076,0,annoyed missed mitch benn lemon tree damn what s on
1385,21965,1,interesting day good overall
1386,31050,1,boyfriend bought ticket american idol
1387,14837,1,qrock earlier home ok ipod
1388,28919,1,head strand goodnight
1389,30873,1,make wish
1390,23268,1,julierockaholic stephen king fo sho
1391,8861,1,marcusbetts lol know feel kid current work load maxed time grow thing
1392,20134,1,drove way hollywood get miley cyrus milkshake least like orgasm mouth
1393,27722,1,ad yes change name setting
1394,20420,1,felitherandom haha hope so need sleep lol phone get message update u
1395,3568,0,work apparently sun shining valid excuse stay home
1396,39983,1,astronick really leaving flat now lookout lunch fancy wee stroll dunno where oh well
1397,26248,1,please read friend s post leave comment http tinyurl com czbsg
1398,30871,1,suprlatina oh hey wasup chic ur right recognize you thanks still love hair
1399,38732,0,finally found new flat
1400,1611,0,season lie serious damn come wait
1401,16821,0,gengenw know make sad lol
1402,30768,1,lyly hameron seen already link lj post
1403,15194,1,dressjunkie friend went bf something t read more http is gd jmjb
1404,28402,1,rfleeshman lol since got twitter little ago seems like load people setting account
1405,4164,0,cant hear anything outta left ear
1406,9483,0,killer coming td banknorth boston pm and can t go everyone else go though ticket sale sat
1407,38781,1,http bit ly shqe translate xmind language
1408,6580,0,shellykramer fever past hour see me unshaven puffy face look pathetic
1409,15686,1,art party crazy artist such bit padestrian skanking
1410,8299,1,time work
1411,14875,0,kimitwi btw report gt omg lunch today move hc tree cause heat quot day suck
1412,26391,1,coollike http twitpic com jg look exactly like get gh guitar hand
1413,10732,0,freebiesmom video available online gone morning missed waiting long
1414,32764,1,hney tired think imma go bed
1415,17657,0,fucking hate goodbye
1416,7641,1,hey socialmediatv new recorded show viewable later too thanks social medium tv live gt http ustre am njv
1417,2668,1,sudden craving broccoli cheese soup really bad oh hunger
1418,19157,0,coliwilso hug still feeling poorly
1419,59,0,maternitytees aww onward upwards now yay still sad leave bet
1420,23789,1,simonsydney still buy dvd seeing star trek paul next weekend
1421,28341,1,mmmmmmmm morning
1422,3125,0,th time month spending time garage broken airco time sigh great weekend weather
1423,34931,1,im heading home
1424,33567,1,busaysay thank isay kamusta ang bulacan historical gimmick ang gilmore shopping trip
1425,32528,1,today get sleep in
1426,19890,0,paulaabdul canceled performance letterman sad less option you
1427,3824,1,nope way stop put wiv
1428,2157,1,twitter attention whore meet new haircut old one http u nu refused cut fringe
1429,11163,0,good day sigh
1430,9883,1,planning move back home the regression process motion
1431,14540,0,eddyizm like turtle
1432,36314,1,archeia nessiah yeah fifteen minute so
1433,26518,1,drinking coffee mmmmm coffee
1434,1657,1,addicted glee watching video again i
1435,10028,1,major cramples
1436,30149,1,downloaded music video ipod
1437,7001,1,deezdimplez lol suck
1438,10321,1,mileycyrus miley tried voting you wont let vote reason ill try back little later lt
1439,4155,0,parent decided drop tour de u whole family house work
1440,21296,0,destridoll sorry message yet get thought straight tomorrow try goodnight
1441,6445,0,lexie kevin can t leave work
1442,11780,1,time ticking sooo sloooooooooowlyyyyyyyyyyyyy
1443,7316,0,lost first field note notebook page filling up rip fieldnotes
1444,4346,0,asiarain expensive worker welfare shit
1445,39862,1,say gud eve guy let play poker facebook yeah cant read poker face http plurk com p swyq
1446,3109,0,breagrant thought one best hero pitty killing good character use thing lol
1447,30217,1,listeninq music butterfly fly away miley cyrus
1448,2198,1,train now forgot charger mean whoshere today till get home haha still tweet u guy xxx
1449,5043,1,want boo btw love fhnixon s post hilarious
1450,30415,1,lisalynn got cup gotta come get
1451,3936,0,sick today
1452,21679,1,editing something photoshoot niley
1453,10608,0,jennjolie yep b automatic u fall someone person or smthng like that way suck
1454,34333,1,noa adamsky good morning thanks following me cheer
1455,1448,1,augh fever s gone again end missing weho clubbing tomorrow night going pissed stupid boytoy gave plague
1456,29860,1,avenueofthearts pleasure
1457,16781,0,hey dude turned flyer poser nice
1458,25748,1,mileycyrus hey r u back la right now what ur favorite part bout europe never country xcept canada xo jenna
1459,14874,1,raining
1460,5300,0,ughhh tummy ache
1461,7196,1,feeling madly sorry myself ï¿½iï¿½m seck d make feel better going fashion show http tumblr com xzwerch
1462,13868,0,hernia hurting way usual tonight way able go out
1463,33190,1,wingsstef yeah tone lost twitter unless use emoticon
1464,27680,1,groovinlife
1465,25475,1,miss anekie ok darl suggest mua tracie weaver making decision
1466,10618,1,work
1467,3308,0,bdmnon heard can t make it
1468,11098,1,since on bogged exam eugh least there left britain got talent
1469,6375,1,ughhh seriously hung
1470,36668,1,claire cordon lol welcome
1471,28873,1,babycakes agree
1472,10738,1,dealseekingmom problem
1473,39879,1,camen marri know get soon
1474,7685,1,markhoppus upset couldnt get ticket kroq presale
1475,29895,1,corrykbythebay people kid
1476,6989,0,gave brother hug good bye took load furniture away house took mattress like
1477,22941,0,going group therapy session can t wait spill gut ha ha ha
1478,21540,1,anyone know move google chrome password firefox
1479,11379,0,tomorrow roomy gone
1480,13855,1,im way brookings
1481,24597,1,http goingtorain com precise weather report
1482,136,0,cross cause stuck twiddling thumb now ugh
1483,15060,0,har vondt ryggen back hurt
1484,24975,1,fredwilson currently using microplaza found via link comment blog http bit ly abrjp
1485,16435,0,ticked cause can t go see quot drag hell quot melissa amber staying home friday night thing
1486,5436,0,walk grand peep lol foot really hurting thought xx
1487,4244,1,arriving itexa lot mail read work thanks god weekend
1488,23298,0,iamdiddy knew gonna kind party would ve stuck dick mashed potato
1489,174,0,uploaded new blog painful story s year old man cried wanted die sad
1490,24007,0,late last night oracle
1491,9838,0,mamahinai list paid get in you cant go out gettin hot went outside
1492,15560,1,tryin figure direct message gettin frustrated
1493,20278,1,elmo tegan sara fan follow theteganandsara
1494,15832,1,anybody want throw baseball around me
1495,7768,1,last ff mel diesel vja demonfactory shawnmcguirt seo web design chuckswanson agracing confidentgolf tluckow legalblonde
1496,15047,0,somebody get work tomorrow
1497,2489,1,work sucked another hour shift dollar show for need new job
1498,5643,0,the wockeez donniewahlberg wanna miss show you guy kick it sad say my plane shop
1499,12067,0,well look like hurdle out
1500,4523,0,think computer sick
1501,12327,1,dead
1502,23164,1,stevencohmer iv added u friend youtube
1503,30408,0,oh usual warn new follower tend over tweet canuck game apology advance
1504,11930,0,god miss bf fuckin much month snï¿½ff
1505,6698,0,nw macedonia rainy day row
1506,15778,0,danger sky got singing falling love now only changing week day saturday quite fit
1507,22288,0,sick chilling tonight watching desperate housewife
1508,9898,0,http bit ly ce got bit face doberman four year old wanted kiss neighbor
1509,8202,1,time nerd
1510,3388,0,kateesslemont tried failed
1511,2856,0,iamdiddy think sale ciroc stay damn thats luck
1512,17842,0,growwear unfortunately u look like funny people twitter move fb start own flitter
1513,10511,1,ambbboo playing lighter fire match grass
1514,14193,1,jordanknight hi jordan gonna u i know ur busy know ur probably tired please reschedule nc leave u out
1515,25190,1,http twitpic com jffz haha me bedroom
1516,5977,0,awww sunthings wrong w ubertwitter last nite
1517,17661,1,phone die ttfn
1518,16983,0,flutter bye send pic supposed go shit got fucked up
1519,924,1,allysonalfonso haha ive got one go curse none friend liking tai lol
1520,17296,1,jayme really sure need deposit save money
1521,8914,0,oh gosh hollyoaks sad tonite
1522,5591,0,jvfriedman can t need work overtime project lunchtime sorry
1523,5261,1,google chrome forgot everything look like reason
1524,4533,1,dï¿½a sin sol grrrrrrr ï¿½why ï¿½whyyy
1525,2660,0,bk ii choice get it
1526,15425,0,daltnnn woof wish allowed go
1527,30727,1,gettin home frm hangin herman
1528,25337,1,cutegurlie boring what ugh come back then
1529,4121,1,ahh woke up forgot reset alarm clock
1530,10699,0,jordanhowell nah iplayer listening back it working
1531,25626,1,mrtrev
1532,16143,1,infelizzzzmente alcool nesse fds
1533,27267,1,omg would sooooo make dis show number one n da rating
1534,27188,1,part neuroanatomy take home test this iï¿½m http tinyurl com dey
1535,14925,0,melroze kno im sad evry leavin horrible im supposed b happy summer cant ima miss evry
1536,6052,1,rachellee wet dirty one
1537,16128,0,shit night want john he
1538,5975,1,kate leaving lonesome
1539,11899,0,billiemcfly said nite x
1540,6919,0,laying bed listening opticon miss joe veneck
1541,18528,0,buddytv excited new pushing daisy episode make much worse finally gotten cancellation
1542,14683,0,malcolmmillion nah understand cant cancel wanted come
1543,3828,1,want new mountain bike
1544,11873,1,jsaladino come sept that s start school
1545,5268,0,philadelphia phillies brett myers indefinitely injured hip http tinyurl com megxu via phi phillies nooooo
1546,4124,0,tiffany in va getting update phone trying figure make sad
1547,26950,1,apple apple girl back long island ihop wish sunburn would peace
1548,24707,1,geelong fc sound good maybe player quote photo etc living wa atm would love bit piece ady sun
1549,22215,0,blockbuster week new zealand quot wolverine quot tomorrow followed quot star trek quot thursday
1550,38910,1,woke
1551,19451,0,clairesale poor beta took seattle riding lap plane happy week long outage cold
1552,38598,1,xo mcflyandjb okay x
1553,9939,0,today sore surgery day glad took extra sick day full recovery expected week calling lawn service firm today
1554,11405,0,saying good bye ronald today difficult sad well miss yuu
1555,26029,1,sweet usb charles marie site bought http tinyurl com csdhw
1556,15526,1,back head http yfrog com zywwj
1557,32660,1,freakonomy hahaha thaanks iï¿½m brazil
1558,10353,0,senior video mustang update gonna cry
1559,11416,1,working weekend look like
1560,36306,1,totaly smell like camp fire lol gross feel dirtiness smell seem relax wonder why s
1561,6689,1,twitterberry moved ubertwitter suffered bb cache error
1562,6032,0,job suck
1563,7666,0,yawnnnnn slight headache n hangover grrr
1564,21815,1,giddygirlie well make feel better staying even later watch daily show raisinlike lay guilt again
1565,11420,0,http twitpic com h yd drive within foot green nd time playing hole count though bcit golf
1566,16787,0,http twitpic com s saw family five get motor home laundromat clean clothes bedding
1567,8016,0,rope witdrawal full effect one tie teaching demo one play with worst one play with
1568,32281,1,sitting kaust office sun shining surrounded busy people ace
1569,12445,0,kristindamama work disney not cracked ta be
1570,7028,0,kerry threw ball anand bounced head landed lunch exploded everywhere
1571,1767,0,itstayloryall im sad missed family reunion
1572,11677,1,pulling article
1573,11917,0,house hunting pain house shifting super pain packing never seems end can t even imagine unpacking p
1574,38026,1,new picture bored
1575,30027,1,check q right now
1576,15683,0,marianuum ntah really wanna
1577,27609,1,lamacq si seguisses al stormtroopers jabba hut death star te n hauries enterat abans que jo
1578,36757,1,ericisiah take bill keep change
1579,8275,0,feelin day
1580,32422,1,cassivellaunus sure mr follow get comfortable new computer may hhrs
1581,4258,1,shuuut stupid
1582,35026,1,leaving morning go mommy
1583,7193,0,wish eating lunch w laddiecatherine ophieracine
1584,10716,1,tired beyond reason would rather anything else tired
1585,35195,1,iamjonathancook goodnight god bless
1586,711,0,amandamallard chaseton s either please die heart really sad
1587,10909,1,tokiohotelusa video acceptance speech anything can t watch stream
1588,18038,0,oh today jay lenos last show miss u mr leno
1589,8199,1,zhundred no professional all
1590,75,1,miss voobys
1591,1799,1,much sand sd pismo weekend another canon powershot broken nd one year buy time
1592,8677,0,empty house ine share
1593,23327,1,woywegian hello hope flu
1594,2247,1,assignment
1595,8513,1,must fool twitterland get retweet sadsville
1596,20051,1,mmmm chilli crab amp deal deal and thats life
1597,29709,1,bearablescents sitewarming party usually well if say myself sigjeans
1598,16550,0,still pool key wth even hot today
1599,23217,1,colleen really sincerely hope kalebnation get better soon
1600,24954,1,less hour
1601,19051,0,please please anyone
1602,14675,0,robbiebarnes sky terrestrial analogue
1603,39182,0,shower time
1604,6690,1,lisatalkingtots sorry hear news
1605,2103,0,suprisingly okay possibly still drunk goodbye suck though
1606,3834,1,mkg now alone
1607,11533,1,celestialteapot oh dear
1608,38618,1,kirsty h good still enjoying fryeffect you
1609,5153,1,feel like bank holiday weekend bet france always holiday
1610,4390,1,dont want though wish slept heather woke up got work later first read twilight
1611,35668,1,abcddesigns ever sleep
1612,12145,1,santa clara long way hoe well far sure seems like it
1613,19617,1,patti cable carrier space channel
1614,15558,1,jenxstudios like buck shot kind camera have
1615,11896,0,family come probably weekend
1616,25632,1,ey twitter home school still cold planned nothing today take easy
1617,25738,1,cosmicxpress cheer defo give call
1618,1759,1,excited ysj summer ball wish one
1619,34293,1,emergency radio iphone awesome listening johnson county sheriff live scanner stream
1620,27197,1,jeremycowart http onoir com try go can tell everyone go montreal check out even people live
1621,33985,0,got home work tired
1622,20625,1,andysowards quite
1623,5824,1,locked mac twice time ok literally twice
1624,16094,1,listening revenge kiss get inspiration think kristie really digging though
1625,10285,1,put real pic up going miss avatar
1626,5164,0,kristphr anything sgelectra sorry man patsy generally
1627,11504,1,ajdaddy ima cry tht mean
1628,7175,0,can t comment directly someone alone
1629,28772,1,ddlovato welcomeee backkkkk
1630,16219,0,tired ive walked kilometre today
1631,19699,0,got crush issue tomorrow friend going india whole summer im back sad
1632,33368,1,digooooo yeah yeah gd night
1633,11855,0,gonna cry went bad history test really hate history
1634,25436,1,thought spanish name pretend one night out ariella gonzalez like it care
1635,12906,0,brran really suck think might cry skipped anything important have comp getting disposable
1636,14131,0,julezykins must kidding boy definately i hope anyway o o girl probably honest must proper ugly no one like
1637,7373,0,working weekend
1638,8708,0,well that s last fabs gone
1639,8036,0,dutchraymond yeah realize bad till
1640,37484,1,marypascoe thanks buddi problem friend yah post pic london nothing much really u
1641,19523,0,trying watch boy flower online streaming suck wireless crappy
1642,11660,0,tired
1643,6805,0,apartment emptying amp day sad last week
1644,5328,0,bad day close relative died wont going florida
1645,31417,1,listened domination pantera grooveshark http tinysong com pz
1646,17347,1,looking new beard fell window bright green one time
1647,26376,1,taylorswift hi goin see wednesay shepard bush
1648,7653,0,biggabx yes fair lol
1649,13111,1,well far back sanity least me
1650,13132,1,theksha http bit ly nack
1651,10536,1,running rain
1652,14427,1,youngmaiine never stop t
1653,5034,0,another long walk heat hate this
1654,22278,1,trying learn oral exam distracted
1655,27409,0,damiencripps awesome shame though mark fiddle player died last month fab version good riddance i album
1656,9748,0,miss boo another note im soready game come tonight fox grill anyone
1657,11950,0,actually hot today the sun got hat every one got tan except
1658,7396,0,adambmusic ik feel sooo bad
1659,12161,1,migraine fighting way back last night
1660,29491,1,mpool call winning
1661,8048,0,vosdjs lol yea fondue point chocolate lava cake really want but wont im mon fri babe
1662,5736,0,close entering pogue s book today quot world according twitter quot yet seem far
1663,21012,1,dbldbl yet
1664,27978,1,love cute texy message especially call mandy
1665,911,1,summer eye wish knew curse tumblr
1666,31801,1,http twitpic com wej speed lesson main screen center court take pic
1667,15652,1,greenville one last time ct moving md soon back eastern carolina
1668,34779,1,audioo
1669,15839,0,anothrstupidkid lucky bed ice cream sore couch cardboard
1670,22917,1,finished eating
1671,2834,0,miss daddy
1672,36828,1,ashleighgrace morning ashleighhh x
1673,6284,0,oww can t even describe much back hurt going go stupid doctor
1674,7947,1,nicsey ya friend type much
1675,34001,1,good thanks what s miami saying come u wrote me
1676,24316,1,imcfly didnt save link dont need distraction need motivation
1677,20195,1,wake up and go make breakfast
1678,17337,0,can t set p phone twitter
1679,6536,1,still craving cheeseburger
1680,10118,0,im sad there s sale sign front house
1681,30315,1,traceydukes hey tdukes flwd u immediately morn when dhmptn mentioned bit abt tattoo love her she s fav twitterer
1682,12710,0,gfalcone britain s got talent cute little girl feel sorry her hope simon find time xx
1683,5409,0,thinkgeek curse upon ridiculously slow internetz work dang image loaded
1684,6158,1,allconsoffun anymore
1685,30590,1,taylorswift hayley williams pretty much amazzing
1686,18193,1,madpierrot im sure s okay ill save u know weiss mine
1687,23571,1,tourbytaxi visited site hope helped
1688,8980,0,lcpromotions doubt it boo always leave behind awesome roadtrips
1689,769,0,wish teased movie night
1690,23033,1,omariofficial qood morninq
1691,14062,0,fall in love aww too miss you
1692,15126,1,annainthehouse know send anna let think bit find way
1693,16877,0,kbal sorry feeling way
1694,3194,1,deucie picked sitter weekend
1695,7806,0,oh darn lost another follower
1696,4867,1,hard get good google listing will wiltshire one local mp called will
1697,1009,1,wish lived atleast relatively close ohio seen smalltown troy derk mcloven almost year
1698,23191,0,thats moan day
1699,1761,1,melkoo hi mel feel unhappy take bit fry overdo help
1700,33851,1,cindyasuen jt snl tonight
1701,12432,1,iconermaddyct wish could get twitter upload background
1702,27942,1,google show apple want see image green them http tinyurl com clrbau cool
1703,7925,1,work
1704,21195,1,mahnx yeah sure
1705,37220,1,ok hit hay thank
1706,19437,0,try dl sims realize pc meet standard requirement need new pc lol
1707,17909,0,naontiotami no missed
1708,39860,1,misstoniii glad uni anymore
1709,39561,1,berdtwit thx sharing
1710,20153,1,amytcathy least get watch lost way
1711,22871,1,julesfm know load others left
1712,4584,1,well exam rocked one go one dreading bit revision tonight work tomorrow
1713,37319,1,currently watching american idol
1714,18987,0,stupid shopping bag left red mark arm
1715,16538,0,cable signal messed up missing ghostwhisperer news hurt toe cold like hot weather
1716,8531,0,redsoxgirl there sadly first rodeo dear suspect learned lesson
1717,5128,0,deegospel hey dee wish could make mastermind session tomorrow wedding statesboro hope chat soon
1718,21949,1,carolinekan haha chocolate always knew heart stomach wait till try truffle
1719,29653,1,thefifthsister true
1720,1649,0,splitting headache
1721,18755,1,paulafarris ya gotta forgive them dog little people fur coat know cleanup fun
1722,18582,0,poor imissbradandjen s mom told looked like hooker skirt short degree out
1723,12737,1,mashupnicole still hour
1724,27420,1,brent gave big mention godtalk radio show last night last segment first hour podcast format avail soon
1725,18303,1,andrewmayne work iphone macbook flat
1726,36107,1,nice time juno http plurk com p svz
1727,10902,1,schade tv addict
1728,8453,1,stacywillert yeah yesterday found house want sold bank effed car accident
1729,12533,0,dutchcowboys huh pr
1730,6921,0,cheered i yelled shake end chant suck quot x quot got suspended amp give public apology lol
1731,14738,1,chrisstjohn http my barackobama com page content iphone longer seems app store
1732,29813,1,chillin bored drinking margarita txt
1733,20897,1,jennamadison lol plan today or say tomorrow
1734,14608,1,raemonvip will tell said happy birthday tomorrow too talking raymond
1735,37003,1,cherrybear go back
1736,18093,1,punkrockchick haha saw commercial it wouldnt kill
1737,20263,1,druey merlin bad already watched bt course
1738,13412,0,traceeellisross all miss girlfriend season
1739,4392,0,retrorewind wok nite shift tonite miss please dm me promise wont tell anyone else
1740,29718,1,mileysupportrs definitley miley
1741,33322,1,okay enough talking time bed big mother s day tomorrow back greeley big move
1742,31599,1,bha take big man type sad tweet like that
1743,39739,0,happy mother day u mother happy mother day mother miss mom
1744,19012,1,got stood up
1745,23977,1,akavirtualpa http twitpic com bckp answer part question
1746,15130,0,heritagesoftail hahaha miss bradddd guy keith
1747,14845,1,oh please wanted complete unfinished tweet tweet cropped between tweet look dorky
1748,30887,0,got little much sun today
1749,7319,1,kno wat er saddo
1750,39,1,gabbyisactive aw would unfollow would you would cry
1751,30783,1,thomaskattus asked sf schedule dahling maybe next time
1752,8671,1,xvikki yes
1753,26312,1,getting ready go apartment
1754,27210,1,jacoblovie cant say havee im james r yesterdayy im learning quotess
1755,20583,1,hlywdscrnwriter thought several time got good friend there
1756,3054,0,laylanatalie nowhere babe ice come job morning sigh
1757,18927,1,almost made apple store mbp replacement fan in stock
1758,27988,1,ditucci kind coach would read tweet still waiting non dried afro picture
1759,8558,1,artbynemo name chad tomorrow
1760,1778,0,remnant missed everyone tonight
1761,29212,1,vinken thanks followfriday
1762,29295,1,cupcake made http twitpic com w
1763,8044,1,jonmerryman remember show remember hiccup
1764,17525,0,hummmmm ohh miss much really hope nice friend like u
1765,6071,0,massive headache
1766,10695,1,anybody want bring lunch
1767,26314,0,izzndsophtv want experience snow snow suck
1768,35887,1,first mother s day next one two week
1769,20841,1,chase shea fisher download
1770,37635,1,hazel joy entirely possible
1771,11286,0,japanese exchange student cutest thing ever seen seriously haha want put pocket amp keep d
1772,27542,0,scarymommy sure entire blogroll terribly updated could motivate update redo it
1773,9083,0,sad casue everyone going seperate way never going see friend again
1774,3291,0,wrong liesboystell one love they really several woman http tinyurl com nlpct
1775,12386,1,cloudy outside
1776,11123,0,bragging kitten cuteness cat never came home wanna throw
1777,39683,1,stupid alarm lol morning twiits
1778,22964,0,seen up cï¿½m anh ko chiu no i noi nhï¿½ tifa roi d thang cloud danh dam gi mac ke quot gt
1779,17147,0,apparently meant take dance lesson
1780,21584,1,harvstrofsorrow still like coldplay said one fav cd r one fav band too
1781,26016,1,made night
1782,25861,0,planning week going good going get lot stuff done
1783,11940,1,gave tumblr api pointing private account
1784,12261,1,get hang kaitlyn
1785,37379,1,need one follower
1786,8090,1,jonasbrothersox umm nope anymoree
1787,32427,1,tldavidson thanks
1788,39183,1,viters hotel thankful
1789,25812,1,haha got email truth following twitter sign need away obscure mind game
1790,14731,1,a simple girl buzzedition miss festivity evening heading hill internet bb service
1791,1568,0,moro end stay grandma bad shes ny ft laud a weddin florida fun miss home spike car lol
1792,10431,1,bring yself go heroism badge achievement
1793,15149,0,smiley steph boo miss you age get internet back try fix alo haha like act time time
1794,25751,0,pain earlier gym session necessary evil much beer past year
1795,33426,1,go sleep
1796,4354,0,checking ciege cagalawan s s s collection regretting see collection tonight got invite
1797,21621,1,devinjay oh referring lil exchange lj regard twitter archive posting
1798,14530,0,emo zaboo ok hurt abit thought good job rude people could understand x
1799,16990,0,im heading home gotta work sunday
1800,33539,1,meghannian hug okay making sure
1801,19074,1,anyone want chocolate nutella mochi gonna go waste
1802,26959,1,safegeek technically i havent really gotten bed think right gonna stay here
1803,4736,0,think cheap sunglass falling apart oh well
1804,29290,1,playing window rc
1805,7994,1,lose gut lol seriously gained lil im liking look
1806,26731,1,woke washed up class till chillin g building nigguhs bby coming ilh
1807,512,1,mygoldmask guy keep set list forgot ask one xx
1808,18572,1,way orlando raining
1809,5004,1,hubby staying one week uzbekistan
1810,14499,0,joenkobema what s wrong come u pain
1811,27775,0,gray hat python book reminded many security tool python version specific pain need use
1812,9046,1,renay poor kitty there s nothing done hopefully least able find good home
1813,34926,0,finding song idea cover actually indeed thinking awesome make day
1814,26009,1,hughsbeautiful cool still bought it tut tut
1815,10755,1,give day old baby poor thing http yfrog com pwwlj
1816,36972,1,jodiegiese yeah definitely pillow fight
1817,14349,0,beautiful day today love sunshine missing man though away weekend xxxx
1818,22267,1,alicam congratulation
1819,19027,0,myronetadrid aw latest quot selenagomezlast day shooting goodbye canada quot
1820,15540,0,hello aint tweetin day cuz switch thing da new place exhausted sick
1821,24191,1,buchmamsell ist im der haus something like that guten morgen frï¿½ulein
1822,29167,1,carlyrighteous belleville parent someone offered bus ride orillia mall thought
1823,19296,0,momneedstherapy sorry ambien got sick perhaps work ash garden catnip plant
1824,22223,1,im going cardiff today shopping
1825,18986,0,study study study fun saturday
1826,17874,1,rain moving west thwarted plan wee nap outside
1827,32315,1,melbelle absolutely love you thanks
1828,39649,1,mcflys bus driver told dad yday dougie smitten frankie awwwwwww also going outside lawn party lol xx
1829,17790,0,heading graduation like this oh nick i ll looking you
1830,21721,1,sarahtonner tweeting running
1831,32862,1,cleaned mii scrolly ball
1832,32568,1,resofactor agree completely
1833,103,0,darn allergy like time year this never used problem either
1834,8368,0,wow got killed first wave horde gear fail
1835,29732,1,watching george lopez went school played basketball today pretty nice hot
1836,6940,1,anyone know pc keep restarting itself
1837,13065,1,awake am saturday sleep day oh well work keep busy work keeping awake
1838,7268,0,calikiks asap but kid asleep car seat arianna take u need pay v bill
1839,20232,1,oliviamunn long frisbee golfer quot accidentally quot catch one back head friend
1840,21132,1,good luck nandito first day ib exam it road berkeley
1841,13015,0,tired canï¿½t stay awake but must finish work sunday
1842,23218,1,well third day virgin s captain s log star trek weekend
1843,37861,1,pcsketch hello well sunny head fuzzy coffee brewed yet how s day
1844,28842,1,hanging bri
1845,22089,1,walking tesco rhiannon hannah hide evidence lastnight
1846,20118,1,tittch file seduced sweetie
1847,21847,1,crushstevens music always noone else understands agree important single song change whole day
1848,5265,1,alisongow think killed judging bt energy attacking see happened spymaster
1849,13633,0,mi corazonsito tiene frio weather suck
1850,9943,1,sianhughes kinda hope died fire cause didnt like sign body
1851,38722,1,day like today thankful mom s teaching proverb thankful twitter too love planit
1852,23452,1,kait o haha philippine want follow you
1853,29414,1,xjamiex thanks
1854,23417,1,probando tweetdeck
1855,8713,1,phone broken amp im lazy go verizon store get new one oh well guess phone awhile aha
1856,1096,0,nite tweeple tomorrow day work
1857,24755,1,europe bound
1858,10983,1,miizlushious cop
1859,24697,1,mohandoss
1860,23758,1,iantalbot honest real art
1861,14564,1,mattjay hey that s wa round round next week
1862,465,0,chocolovere feel way every day
1863,30902,1,make wish
1864,27789,1,tangibleww like last part methodology
1865,22413,1,justads suppossed support local economy lol good congrats
1866,21220,0,ready
1867,36582,1,escurel jessiebear need think name call you
1868,24504,1,new top http tinyurl com cydpp
1869,27212,1,confident still moment baby that s la la land demi lovato
1870,4050,0,sick past day thus hair look wierd didnt hat would look http tinyurl com mnfkw
1871,39667,1,zjelektra that s supposed sometimes get busy recognize always family god
1872,33087,1,tonicate yes need ppl vote get vote ciao now till tomorrow is anybody listening yes am night
1873,4502,0,kellykfog totally unsurprised dave coming back annalisa wrong it opposite big warm mellow dave
1874,1073,0,honza take flight back czech republic morning really going miss him
1875,27345,1,divacowgirl see ya
1876,27443,1,lasttt mondayyy class
1877,22188,0,tomatosponge hey second kind sad ok guitar guitar guitar bbq good time you gt
1878,14492,1,laurenhalestorm yeah way home
1879,12839,0,miss hubby already
1880,24948,1,still amazed awesomness last night discussion great looking forward great week day go home
1881,18680,0,superstarnikki one day
1882,19425,0,sarah miss already sad face texted seriously gonna make cry
1883,26691,1,dillonhall spell sound wookie
1884,21550,1,donniescupcake tweet sometime tomorrow anothe busy day goodnight hooker chickie lol
1885,7094,0,tummy hurt
1886,999,1,come never sleep past good
1887,21790,1,nikkipilkington mr tweet think
1888,25979,1,lowri bone four capital letter aye boy that heart justice
1889,6229,0,murray got broken
1890,12080,1,shoe shopping luck size anything want
1891,35156,1,skimso freako roidz hope lift leg stay way clean
1892,17893,1,hkygrl seeing saturday
1893,27150,1,internship day thee hospital go
1894,20426,1,lightgood hi uploaded completely new chinese lesson www youtube com chineselearn please feel free watch enjoy
1895,26043,1,urbanfly well tricky one would say
1896,3795,1,nicotine replacement patch hour far good sleep hour getting bit twitchy
1897,28422,1,aimecain whuahahhaha need cut bram ladages applejack pancake
1898,9576,1,ladyvee i jet repair shop lol
1899,25077,1,josephadamx watched belong me lovely sister kiddin
1900,3160,0,knee surgery back home week
1901,25054,1,lizajbeck argument
1902,18317,0,took guy think bluff three time row get away it back showing shit work
1903,9302,1,putting anything
1904,32403,1,garretjiroux yep facebook person http bit ly dufaz
1905,34953,0,spicybev yep itï¿½s mother day well family ignore it weï¿½re celebrating every day lol
1906,20542,1,joining twitter
1907,20147,1,mohandoss anbudan bala thanx sixer comment
1908,24949,1,carlyyoliver goood
1909,28885,1,getting ready early night tweeps great one every
1910,31416,1,caseylparker yeah ranga make sense
1911,30329,1,mo williamssssss
1912,6703,0,verb n noun ikr parent take cake tho grocery shop go eat time
1913,39117,1,sarcasmoo waited band singapore show met chris got ticket nothing know
1914,33587,1,souljaboytellem aw that s cute
1915,9074,1,twpp still nw trending topic
1916,8860,0,missing everything work want pix ipinklemonade
1917,23984,1,twittername hosted twitterfridge email u want u open fridge check www twitterfridge com
1918,33112,1,can t wait go bed
1919,3409,1,odbod yeah ford focus titanium get helicopter add top end luxury model unfortunately
1920,23924,0,lol stay hour keep missing tila s last post
1921,2365,0,ugh id better get work
1922,1548,1,last night australia
1923,22526,1,millenia mom think category
1924,4472,1,poppyscorner steal stuff buries fence embarassing man returning them much frog
1925,18837,0,confused angry anxious top everything lonely
1926,20447,1,imageglow unfollow people following follow new people
1927,37805,1,misspleasure way
1928,28631,1,tip today eagle special bronco put house
1929,6221,0,sooooo dropped phone text tweet me currently banging face spike covered poison ivy infested wall
1930,29914,1,innolab yes article wrote blog ago
1931,7187,0,lost friend didnt anything
1932,9222,0,say miss cousin badly http plurk com p xbha
1933,9614,0,received phone call new patient i guess mean work tomorrow
1934,29647,1,chippewa said elusive tricky
1935,3343,1,mezandy me docreative
1936,2539,0,iamnauj can t wish sleeping gotta work less hour wait what re u up
1937,13001,1,symphonic
1938,13595,0,cold take boat tonight might go anyway danvan operation either bummer
1939,28134,1,robertpattz hey dude im finishing lullaby dude saw pic w long hair umm let say keep short ha
1940,24507,1,bird broken wing song love sing know xx
1941,3703,0,friend went new york without got picture smith http twitpic com l
1942,13567,0,hurt sister much potential isnt using waste god given talent
1943,14868,1,never part follow friday
1944,14422,1,damn rain oh well look like football experience today fa cup final
1945,35582,1,katehughes time
1946,8666,1,blueyes would far away
1947,11075,1,art n booklife heard too seems overreaction
1948,33703,1,justjazzo n e uterus u wanna rub lol ok u tell
1949,8328,0,meiko time morning go way across town take pic so sad
1950,38339,1,supertriviaguy hey tallebudgera creek pm visiting anita s special tree could almost bumped
1951,26369,1,dlayphoto yes koi year baby well biggest one almost ft long name
1952,11635,1,re pinging nunu b pathetic mom best friend hell know talk mom bout everything everythinggg
1953,16659,1,hate funeral
1954,15567,0,azamann hah eeee although understandable need new picture thing sweaty
1955,6446,0,head ache tom s call time really early show start pm recovered like photo already go
1956,12309,0,dtballa want forgive forget this please dont like promise going live without drama now so please
1957,27622,1,twiter me this morning donniezdetdiva new profile pic
1958,30059,1,mommyof angel self confidence first requisite great undertaking seems like u r right track keep reminding follow u
1959,30248,1,krigeren interesting today say least overall good day
1960,14347,0,animalbehavior sorry dead as gonna
1961,28791,1,yay ear match
1962,595,0,prncsztalia hate me
1963,6894,1,friday friday morning ugh
1964,26276,1,dannywood mind going gutter
1965,16595,1,mistersweaters one
1966,28044,1,morning is anyone there
1967,6973,1,junlee ghunghte mein chanda hai phir bhi hai phela chaaron aur ujala love songggggg p got lost morrison
1968,17751,1,cousin wake
1969,24301,1,yes quite unsure aswell haha
1970,31359,1,love new twitter background my two hero wichita kraussey haha
1971,14964,0,maxlucado wgn chicago used calm airing idea last day changed programing sound bite shouting
1972,35150,0,sirreigns good luck design remember little people heading bed goodnight
1973,3075,0,guess bedtime goodnight twitter bed big empty without him
1974,6635,0,failure
1975,16343,1,lilyroseallen got ticket gig glasgow gutted wait til november though
1976,24700,0,dotcompals yes nice missed lot fun damn exam looking good hair
1977,21183,0,plan today cleaning washing clothes amp cooking pork dinner weather bit dull hoorah bank hols though
1978,27633,1,back work
1979,35533,1,man u know thing get interesting sometimes lolll im damn good
1980,5361,1,drea bbcrew dude im sleepy went bed soon got home whhaacck
1981,36331,1,started twittering
1982,10765,0,movietfan well completely lame sorry dude
1983,21005,1,rohitchauhan pundit paid for how tv channel website run otherwise
1984,15936,1,tanya jolene try next day o yuk lol n e thing poppin sn
1985,13029,0,chelseapiersnyc tiny cc seem load thinking going batting cage apparently gotta book adv
1986,15341,1,miacarruthers follow me
1987,14467,0,rec game trying cry the pain much i need him can t lose lt my heart breakingg
1988,728,0,stormyamorette one day loneliness creep slap face
1989,26933,1,mscatou someone really need make kit like avaialble home use
1990,32768,1,painting
1991,11177,0,missin ia guy really
1992,1881,1,going see le mi tonight myonlysanction ugh jealous aw im sucker musical i http tumblr com xtlwb
1993,538,0,bed bed bed samuelasanders never answer text anymore thought day sent one never heard back sad day
1994,4780,0,dam vote gonna win anything
1995,12667,1,emmy caus eit school today big exam
1996,29384,1,greegreece little thing link u england
1997,5710,1,lboogsdottv time
1998,39308,1,revise bit back soon
1999,21992,1,happy birthday
2000,30693,0,best day ever missed him tomorrow
2001,26250,1,shontelle layne hmm what s ur fav movie tv show
2002,28429,1,morning escuchando el soundtrack de twilight que gaby trajoooooo la adoro muse paramore perry farrell
2003,24795,1,liesl m make one something charger
2004,1860,1,sitting waiting exam start
2005,22625,1,tonnet next time around please let sylwiapresley know take lunch
2006,10384,0,pvtmarcus always choose good guy even know game feel bit bad evil thing
2007,12664,0,phone still blocked fav cll
2008,39084,0,simbaaa mahimaaa sorry help it twas try get trending topic
2009,34175,1,laerwen try that thanks
2010,3394,0,sleeping soo good woke like min ago n got sick feeling great wanna go back sleep wide awake
2011,7460,0,scrapshoppeetsy rt heart past day etsy boo hoo totally
2012,22253,1,ronchick always
2013,6670,0,im well bored great half term dont wanna go back school monday enjoying hot weatler lol
2014,18578,1,applecored
2015,19196,1,bea eh not sure daw guesting ni cha monday
2016,7453,0,damn the right side earphone stopped working sudden need buy new one
2017,19698,0,guinea pig died today
2018,24785,1,ash phillips say yes shall say
2019,31486,1,mrskutcher yes hot make perfect pair sexy stylish wonderful mother day
2020,4703,1,friday payday oh yeah state employee percent annual salary deducted paycheck
2021,7640,1,downloading tf mere g nearly instantly kb
2022,12281,1,realized cool enough ever get shout trellthms this player playing on hahahah
2023,22757,1,david henrie shoutout holland please got lot fan here
2024,2588,0,binncheol afraid so tour people refusing believe anything else irish way
2025,20994,1,advert make a wish foundation amp can t find photo kid looking close death that s good thing kid
2026,39189,1,benchmarkit clapping bring back life
2027,13495,0,ddlovato food like can t put penutt butter bread always broke bread need tosted much
2028,22538,1,tomfelton http twitpic com jam better lighting would enhanced photo nice angle though
2029,36511,0,crap lost game time today day history lostthegame blame meekakitty
2030,22022,1,sinnamons gotta play off wall first tho
2031,20844,1,kbaxter bummer yo starting final soon so guess see around second week june then
2032,3669,1,woke hour early study test
2033,7993,0,need sit inside hurt ughhh
2034,19582,1,scandalous iphone app came month back called zemote bumped domain zemote com spot
2035,22690,0,underdog gonna say probably kill ya serve sentence living insurance cash now insured right lol
2036,5457,1,schittywk kill jasmine talked age
2037,22337,1,city bittt
2038,14737,1,thecreive glad ok
2039,34920,1,troublebrother much much much mash please
2040,264,1,twittascope rocking sock go away already
2041,21515,1,lilith yeah im okayy lot happening anyone special moment xx
2042,28529,1,twitter question go brother st soccer game season or stay warmed bed minute reply
2043,1318,1,mvermut translation complicated sh t someone going teach
2044,13562,0,wish raining
2045,36375,0,think ever played fun suck marketing promotion
2046,801,1,pm friday left am thursday surely
2047,35672,1,joshtastic going see star trek
2048,29340,1,pamela nope not drunk sometimes think maybe should then maybe twitter would make sense ya know
2049,16141,0,tired need another minute
2050,9641,1,lazy day staying foot much possible
2051,14584,0,beautiful webduck feel badly neaby gran see grandkids amt can t go luck
2052,12322,1,sheilarod funny wrote
2053,33066,1,myyearbook myspace messenger
2054,17269,1,pj
2055,28841,0,apartment nothin do little hungry http myloc me fim
2056,5485,0,tracy berwick break achy breaky heart split way hallway
2057,15473,0,bgt made cry tonight
2058,7919,1,jenshwa expected warm usual stuck wearing sun dress cold day
2059,30425,0,got back sing loud concert fuckin amazing
2060,8610,1,sega united kingdom
2061,12232,1,work
2062,18516,0,oouchhhh pinched nipple accident trying fix top
2063,33017,1,mattlogelin mankini sure recognize without signature two piece try get picture
2064,28039,1,ravikapoor thanks really fun do love s romance comedy though one could used comedy imo
2065,818,0,got as kicked tripoly lol got bad card suck
2066,34508,1,editing watching movie tonight
2067,39409,1,bettyispretty yes please
2068,31421,1,skype laqueshaa just cuz everyone else saying loner
2069,37690,1,ooh new bonkers tomorrow nearly forgot
2070,27797,0,marissa heyy finally got one oh good luck final today
2071,11388,1,get bailey s tongue clipped
2072,15174,1,want go see up want go mom brother
2073,8336,0,wickedblueglow bed sick heavy fever went dr s part reason watching aladdin still fed
2074,14967,0,selectedtweets sorry ali
2075,9553,1,thing fun itouch
2076,18988,1,angellr busy fantastic tried unplug day thank ff
2077,21646,1,nolaxe follow u lol
2078,34100,1,love proper inet back
2079,13254,1,corey cochran hi corey saw reply now pm long night coming
2080,3732,1,rizzle d might get movie night week unless like really early morning you lol
2081,36409,1,thanx mslaurenlondon
2082,29947,1,triple
2083,5877,0,damn fallout hard game
2084,19562,1,philthemayor dagnabbitt u kno wanna go gotta couple lap pool though
2085,14623,0,annejsimmons mother bad day
2086,39572,1,gracechareas okay still out not dinner
2087,17891,1,anybody wanna comment me http fotolog com sokristen
2088,17165,1,everything usually watch pending http eztv it index php main showlist
2089,27613,1,good mornin http blip fm jryt
2090,12126,1,internet week longer
2091,32964,1,top down x x x two desktop gear come time course
2092,19444,0,everyone left gone bed
2093,1820,1,leslieyuko mine
2094,26421,1,stolendreams thats helpful least know got place secured already thing pan out finger crossed
2095,6444,1,incredibill actually web work fine tweetdeck keep crashing nj today avoiding nascar
2096,22959,1,way airport headed nyc
2097,39518,1,remy foster
2098,28381,1,work thinking rest final summer almost
2099,7785,0,still havent left house yet rediculous really s d p amp t k k
2100,8910,0,still office and sun shining
2101,4060,1,soyko spammed trolled howardforums com well keep bumping thread
2102,30134,1,sethsimonds well question blog post
2103,28656,1,goony projected garage door amazing
2104,8983,0,anyone yucky new throwback pepsi mountain dew yet plan keeping around drinking it
2105,16105,1,mitchelmusso friend sent u call bck message dunno could reply credit thts all
2106,37904,1,milestorres sometimes also emoticon sometimes
2107,16130,0,jenny gorgeous pffff love style want outfit
2108,31903,1,happy mother day im gunna crawl ball act like dont exist lmfaoo
2109,8253,0,girl across hall say cat got landlord showing apt heartbreaking
2110,36962,1,aami probably bit short rude word bet time
2111,13265,1,debsbooknook no year
2112,38687,1,saurabh ok yes infact chatted earlier nb in well
2113,23954,1,ellapaigebabe would amazing could meet u germany germany twice
2114,28400,1,started already see smalleyez infinityh far biggest talker er mean tweeter
2115,26859,1,erinbarna definitely coming hope ur ready
2116,17511,0,seagull hate im utterly depressed it miss him
2117,14619,1,angiemac know changin
2118,24005,1,supernatural pm ten counting down
2119,14213,0,justwatched depressing episode jon kate ever i actually almost cried
2120,1465,0,good day till twisted ankle two mile run
2121,24684,1,cougar privacy threatened surveillance increase http bit ly ayvio sorry help one
2122,23085,1,great honey based recipe amp kid download http twurl nl ltlny join fun honey week
2123,29186,0,back know misunderstood see thru ur eye u love mama love
2124,8178,0,california sunny make kinda sad
2125,3724,0,spotibot afraid bit fail last two recommendation available uk
2126,948,0,decided can t stand guykawasaki s alltop spam longer
2127,1650,0,omg period cramp ftl much pain
2128,452,1,gossip girl coming back chaceeeeeee
2129,22826,1,played fontstruct http is gd eje uploaded dafont k downloads amp top category http is gd wyyp wtf moment
2130,9807,0,wtf little year old wanna thug ugh can t everyone friend clique like back old day
2131,27514,1,good morning baby wake
2132,32536,1,aeakett say muttering myself
2133,1370,1,rented bike unknown trail random bump big hill kid one beat little girl good day b family vacation
2134,25364,1,mohandoss based future forgetting ignoring present best keeper according dhoni parthiv
2135,30104,1,dhgarske ha nothing man right mother day except taking kid mum s hand whole day
2136,34243,1,butterflykate crap said v word
2137,29543,1,heartstarbolt could get away it dare me go buy tomorrow
2138,21571,1,mac welcome
2139,14198,0,itslisali bad can t come enjoy urself tho
2140,17605,0,say stephanie im pissed couldnt make instore hot topic rockaway mall see nicksantino haha wont
2141,10827,1,trpilot baby shut
2142,25341,1,download movie quot a good day black amp sexy quot http tinyurl com ckmkul cool movie
2143,939,1,nrin ur pic gone
2144,29646,1,kimdub learning
2145,21103,1,reminder hydra client check email important account update
2146,10565,1,respectmileyc follow please
2147,6363,1,wanna go see cab really bad
2148,21164,1,adawada towel quot sub etha sen o matic quot guide
2149,18220,0,cohenster know awful never fear got load fund drunken catch post exam ja
2150,33492,0,happy mother day going zoo wake oh god noo
2151,12763,0,mulla oh noooooo sorry suck hard
2152,27660,1,building website
2153,23955,1,watching ncis complete first season
2154,4201,0,sick kid trump advance planning bummer
2155,1905,0,hate continually getting sick whenever exam
2156,33694,1,dolcetk too friend
2157,32116,1,oh tonight looking forward
2158,13702,1,yucaipa gonna watch game alone
2159,32813,1,special chocr makin round gourd show
2160,7060,0,jessner suck majorly swamped so twitter i know but still golf tournament
2161,23350,1,bethharperwalsh yes sure would eat
2162,19455,0,savfortomorrow thought pretty good guess not bummer
2163,26649,1,realmikeknight teresakopec guess potus able digging amp folo s nomination good po that
2164,25349,1,chowntown think pool bit possibility become internet sensation
2165,21534,1,bank holiday today
2166,13651,0,stick stone may break bone but word hurt forever
2167,20286,1,waiting friend come over hang out
2168,29578,1,hannahbal ummm idk courtney s date hooking u up
2169,8433,1,wanna roc wit chu imy buu
2170,37001,1,cottin emilyyyyyyyy
2171,27350,1,jeiseman no tacky tweet
2172,33289,1,going drink mojito lay watch movie hubby goodnight fellow tweeter
2173,12413,1,kirstyyxx see tuesday work
2174,14946,0,rainy day philly look like gonna movie night
2175,30132,1,sitting waiting dough rise there s something calm down maybe knowledge cinnamon roll soon
2176,11492,0,im super sick w fever
2177,16617,0,rachelamac aww poor thing hope go well
2178,26401,1,got late yet still managed housework time bad going better go finish
2179,14755,0,ninjabetic oh no hope get soon make feel better hug coast
2180,13215,0,idance well yes lol chat earlier willing learn anything else
2181,30211,1,thanks my real name nadia
2182,23604,1,tea amp found picture big snail walk yesterday
2183,25507,0,besides feeling sick some thing made feel particularly happy
2184,749,1,anyone got jbs live chat vid school saw joe hug tackle nick lol
2185,31558,1,tidewaterknits definitely usually found critic know virtually nothing constitutes good movie rarely wrong
2186,8833,0,weewifie lol staying in craig got footy molly missing good weather buggy either
2187,3329,1,sdrb got love fly tipper http tinyurl com mtopc worst seen dead mule dumped holmbury hill
2188,13208,0,lot reqs today fun
2189,16984,1,rosaacosta u use twitpic none ur pic show phone
2190,39559,0,scouserach today rach
2191,17081,0,everytime still hold horrible horrible memory though
2192,14270,0,moonfrye working extra hour
2193,13732,0,damn never knew could miss phone much hour till told back till
2194,16808,1,chinaablue
2195,4102,0,gotta go going circus real circus britney s tour sadly
2196,21161,1,say passed say hi busy movie task school http plurk com p rozcz
2197,9978,0,grahamcoltonfan hahah too except haley get hit car yay leyton
2198,38095,1,bb lunch room breakfast muffin
2199,4358,0,get job stuff magazine dammit would amazing oh well
2200,25010,1,andychapman sound nice downloaded twitterena lol
2201,14796,0,feeling rather lonely broke oh wait i lonely broke
2202,29744,1,takin short nap gym work kid come back home tonite
2203,21587,1,idiotat tove liden th nks follow tove ddoodm idiot
2204,7915,0,last day high school gonna miss friend
2205,4594,0,modem offline week now god bless g network tim left again may schedule brutal
2206,21814,1,plisdehjkt idea tempat apa yang paling cocok jupiter seru juga
2207,3725,0,beckybuckwild omg beckky love you g s rootin you hows thing going
2208,18708,0,mannyishere awww he cute wish could ve gone
2209,708,0,askegg sorry andrew wish something could do
2210,2873,1,waaaaay tht bitchy ninth grade bullshit half yearly exam amp im sickkk
2211,16212,0,watching killer jr awesome late though cut programme mid song twas favourite too
2212,27206,1,ben stiller morning mind meet real life hope like
2213,37105,1,saigon morning n hanoi there
2214,35236,1,lynne lyon get championship point heat
2215,12150,0,livefreet mean make sad
2216,16892,1,mallory weiss tear stomach gastritis needless say stomach killing scope today
2217,24309,0,funny said never make look far come im back heahhh um yeah school
2218,30463,1,nathangilmer haha should state pride important
2219,33344,0,lisabernart great meet you thanks use umbrella i hope ate got sleep
2220,13642,1,ftsk l listened while fucking pissed called friend can t wait leave shitty school
2221,21350,1,karanguni nice must see
2222,22306,1,miarav wanna come with go myka s party
2223,27327,1,xxanixx whahahah thank
2224,32955,0,adriandanganan clay aiken get autograph
2225,31130,1,im tired great time today together thanks
2226,13725,0,really really miss
2227,39578,0,oops meant tr sorry lol
2228,34295,1,dorzki right feel
2229,12182,0,dreading hearing even worse news tonight
2230,25228,1,fire flame dragonforce
2231,2828,0,oliviamunn pretty lame babe
2232,15012,0,thank u guy much helping follower thing im probably gonna win cause dont follower yet
2233,5119,0,way home sleep makeup pedicure graduation ceremony
2234,20373,1,forgot old twitter account please follow itsjeff stop account soon i prefer address doesnt age
2235,17042,0,aw lose guy ten day lt
2236,18760,0,crimsondreamer bueno hollykins need feel better asap p s miss you done uni soon you soproudofyou
2237,14217,0,veryyy upset cant go hacienda tonight stupid nugget game
2238,1061,1,debbylovespr got one though think mine attributed seizure inducing color light show movie soloist
2239,24766,1,sethhs help sure alllll way haha try alot free time right haha
2240,18925,1,wow like vpl fest front office right now
2241,1667,0,using tiffys computer it feel different mine touch different
2242,2917,1,joyeuxmort miss tomorrow friday the day usually lounged around trying figure
2243,11473,0,michyvasquez oh careful road
2244,4530,0,donniewahlberg feeling inspired today i suppose b ham concert tonight
2245,1563,1,varsity fanclub never same
2246,33616,1,according tweetstats tweet hour am am monday sunday saturday filled tweetage
2247,35562,1,liljizzel dope background
2248,17898,0,going yum dinner watch bad girlfriend play am call time tomorrow
2249,21299,1,come on leave gretel alone liked logies
2250,20402,1,got back rachael s house
2251,11695,0,return joy co tired tired inspire weary eyed see ire irony
2252,8140,0,http wave google com lt google wish spend bit time adding bit chrome though
2253,8066,0,youtube working properly anyone else can t watch video keep failing load
2254,35794,0,got back from ahem meal wa boring eat nonetheless
2255,33146,1,hartheart marlyrae god guy i ll call guy three way discus
2256,20703,1,charelblessed haha okay different
2257,33267,0,omg time sleep today horror really hope best weekend goodnight buddy
2258,23504,1,gemma bessant yeah thats mostly feel make up sleep part vrooom vrooom part
2259,19878,0,friday night magic last night lost bad suck draft
2260,202,0,yuki hime played latter part voodoo village part co op lost usual partner
2261,4292,0,didnt devos hopefully day doesnt suck it
2262,5783,0,mikeandbobshow awww nice
2263,19796,0,lesliein said bummed missed it sigh want go california
2264,11807,0,livefreet awww that s sad
2265,31626,1,much sulking single going tonight tumblr grusome save day http tumblr com xdqxb
2266,17397,1,nobody early
2267,3934,1,trying wake up finding hard
2268,431,1,dravenreborn bet cool sr huh here stopped sweating since noon dad packing
2269,17371,0,ice cream crazy mocha s mean espresso milkshake
2270,10767,0,ohcherub yeah know mwan
2271,37008,1,aewang know going test
2272,3193,0,overslept headache
2273,678,0,lunafactor kinda wish went now can t fall asleep
2274,16799,0,aw going toronto anymore
2275,7597,1,benjamin cook guess shallow then
2276,1784,1,cookie monstr u may try prism http prism mozilla com
2277,473,0,comfort food day pan mee though didnt taste good
2278,32020,1,today mother s day going grandma place boring haha yay erm ok make sense w e wee
2279,19283,0,ripped favorite pair jean
2280,2460,0,google wave presentation http bit ly ehfov impressed nice really
2281,427,1,gay made tonight
2282,27707,1,invited twitter
2283,17851,1,nothing tonight
2284,21952,1,missshonah certainly that
2285,10958,0,erickaditioner noooooooo miss sooooooo much gaah
2286,19217,0,san antonio mission game waitressing huge crowd meaning slow game
2287,5854,1,msolf
2288,27703,1,math left day dmv
2289,15934,1,bobatnhtpc yo if guy want make road trip look waraw u wait long taipei
2290,28098,1,mabelandviolet going send photo dm can t following me
2291,35864,1,goodnight
2292,1979,1,amazondotjon ask ryan stopped following twitter
2293,2924,1,want van basten b milan manager
2294,3836,0,can t get bed
2295,10597,1,mandaril blocked end try remember later
2296,5855,1,furrytigerkitty http twitpic com ru uh wait i thought th tonight
2297,16780,0,summersunrays that s sad
2298,34824,1,mrballistic right iï¿½m stickler correct dpi export color value iï¿½m going dig find possible
2299,14172,0,twitter one talk know celebs nt nice spoken
2300,2819,1,caitlandkawaii im pleb take freezer put oven
2301,12483,1,jess lokelani idea
2302,4216,1,vinylfreak re hulu desktop window medium center http bit ly decbut extenders unfortunately
2303,33524,1,bout drink imma head da house
2304,18449,1,preorder razer sphex shipped today paying review razer ignoring email
2305,34344,1,happy mother day
2306,4773,0,getting phone taken away
2307,20036,1,need get shut eye can t let s try time ta ta twitterworld
2308,11165,1,hair turn whiiite
2309,28779,1,coreymekell lot im bored name crissy btw lol u doinnnn
2310,3516,0,keep coughing gut
2311,8803,1,danishaw no back th
2312,6090,0,oh tired
2313,33617,1,writersblock sure are toasties far behind
2314,22494,1,shang byebye
2315,7500,1,sitting altanta raining boston yay flying rain help fear
2316,11779,1,sky monday
2317,3048,0,millys yummy asian food haha listening let go sad song
2318,11640,1,gdgofficial england
2319,37002,1,sanctuarysunday sus thanks joining sanctuarysunday follow sanctuary people keep date tweet
2320,10675,0,best day work best weekend ahead hopefully someone go usc with
2321,27688,1,rwo y rï¿½t b t c ng user ch y n r i thï¿½ l i nhanh thï¿½i
2322,17330,0,rorzshach oh hug
2323,22046,1,wellity think ima gonna clean room gay need read good book sense sensibility come beat lily
2324,5201,0,got thinkin weird w out dog
2325,1351,0,krista watson can t weekend sorry steph working
2326,38455,1,franco made breakfast mom trying cut strawberry only safe knife fb http twitpic com wsmw
2327,29819,1,chictopia ok one favorite movie series star war make dork
2328,30260,1,thinkreferrals oh man jealous got it
2329,28248,1,meldrum kid eat salad getting crisp salad mr make bloody
2330,24108,1,jeewilikers you call school tell swine flu day
2331,20799,1,newsreader filling blog yay keep pm ing blog site love reading them
2332,5190,0,tinogomes marcelon passed away
2333,11613,1,quot i never thought die alone another six month unknown quot
2334,23844,1,dyed hair
2335,39955,1,got shower
2336,4776,0,cat missing day freaking out
2337,37694,1,bensholk yeah is thanks
2338,7419,0,cindyefolson signal make internet quot go quot pretty bad getting tech get fixed up though
2339,16325,0,back miami miss south beach
2340,34081,1,contemplating whether go prom listen s playlist quot somethings tellin might you quot stephen bishop
2341,35658,1,almost dere really tired eye r really dry
2342,33589,1,rofl love trina
2343,17231,1,jbarsodmg email pic ur labtop me wana put one background http myloc me d
2344,20852,1,mrssprousex yars
2345,7542,0,gonna able talk
2346,24307,1,freezing
2347,8047,0,go work andrajoi treykinkade
2348,31630,1,mileycyrus radio
2349,29358,0,pappadeux yummy strawberry lemonade
2350,24444,1,popey right enjoy lasagne
2351,3064,0,liesboystell one love they really several woman
2352,36620,1,outlawontheedge may suggest http tr im kxkw
2353,19921,1,follow friday rickbaker friend
2354,17957,0,puppy sick
2355,7061,0,brento she maybe first mistake everyone cool sqlfool brown nose moment
2356,30393,1,pm tonight international space station head texas least
2357,8153,1,updated tweetie open browser still broken
2358,7433,0,home sore foot sad sale grandas house went through miss
2359,26979,1,sfx ladyj good morning
2360,17944,0,friend san pablo right now drinking laughing swimming iim here huhuhu
2361,19149,0,omg trying fix pic working ugh also mom wont let sleep sanzz bad day
2362,22810,1,inyiyruma welcome
2363,5458,1,ok frustrated hella dust screen blackberry
2364,16888,1,and iï¿½m good coming iï¿½m drive home
2365,14998,1,livvixo go want go most bro switch st time www direct gov uk studentfinance
2366,38680,1,fromtomm gut
2367,23957,1,jamesmackney awww rusk good tummy ache though p try fennel camomile tea work obviously try
2368,24973,1,j stathamfans sure dedicated gotta love that great amp productive day
2369,13427,1,lizzieiscool meh feel fine now crazy minute sickness session hungry
2370,37702,1,sending blessing gailelaine
2371,34265,1,limeice obviously wasnt coz u werent pc fixed
2372,11450,0,work really sucked past day amp meeting mon got rescheduled am that s plain evil i need new job
2373,34369,1,hanging lacedwithvenom weekend
2374,5057,1,pikalek html converter think going http bit ly pjnc cause took min get working
2375,15242,1,ipod died today
2376,19407,0,miss jp know iv given headache thinking it make want cry
2377,15725,1,mitchelmusso talk
2378,6306,0,wish pool
2379,32657,1,bunnyhungry looool chip ketchup ya waili alaiiik let s fish finger sure baked bean though
2380,11233,0,also toy story teaser carmike said would toy story movie theater fail
2381,24743,1,meeting dalydegagne friend tonight going discus human trafficking issue daly chaplain therapist interesting guy
2382,20438,1,going glasgow
2383,11582,0,sidrajalil even asking others enjoying sadness missing like me
2384,13268,0,ego assassin soooo sorry love kitty know much become part you
2385,27216,1,know im kidding
2386,1097,1,mrssosbourne ozzy following yet
2387,24790,1,going back home tonight
2388,22127,0,little thing always cherish you
2389,27364,1,tcar http twitpic com jjlc love it pouring rain still want go
2390,20174,0,raspberryhatter aw sound amazing think work thank inviting though
2391,2515,0,feel really really bad sorry
2392,13905,1,vogue model miss rachel merh
2393,26894,0,mongab want too ya l shoulve gone rm
2394,11980,0,skykemea yea u max jenrolton poor trivun
2395,18316,1,listening broken lifehouse on repeat
2396,9290,0,chrishornby very ill attempting remember lot nothing going in
2397,2550,0,gutted invited bbq tomorrow night gonna miss bgt final wonder wheel tv outside
2398,11336,1,rj hahha drug though
2399,2410,1,woken feeling little special i dont thing drink bar dry card finally sober home time think
2400,30613,1,pianogirljesus oh yes amazed nice next go drive it that s trust u haha
2401,35,1,screw davidbrussee week
2402,17953,0,give uppp hour tryin tlk mitchelmusso love minutesss lol
2403,14014,1,soozafritz bored got nothing do
2404,2147,0,etschuetz sux mayb btr u nvr know
2405,13833,1,chickenstudios dont know
2406,35071,0,donniesgirl yes blame
2407,37122,1,cynthiaburoughs never know
2408,4117,0,mycaricature pleasure sorry hear pollen thing
2409,10929,0,haha bet man make heel im sorry hurt though hope feel better livelovesing
2410,24293,1,cassusriff yes feel same still got lot box fun though got new place yesterday
2411,23068,1,dhughesy experiencing joy parenthood
2412,4142,1,heyyy where d tweet go shout fuseboxradio bc list always amazing
2413,19065,1,ugh walmart hot white wrong see people become agoraphobics
2414,1205,0,worst week thing really happen three
2415,14974,0,shipwrecked weekend license suspended got cancelled can t take risk driving one life near
2416,36055,1,dbackwardsman yes blonder one sure
2417,29146,1,watching die hard lt jeremy iron
2418,2681,1,want friend need friend right
2419,39451,1,kingref thank u dear
2420,23436,1,dougiedaydream thank
2421,14587,0,lilyroseallen britain got talent rather disappointing year
2422,3612,0,bad dream cant go sleep keiligirl
2423,16243,0,man daddy left work never see lot miss daddy
2424,16518,0,littleisis time coming here want spend day mom
2425,7139,0,joycewaddle like almost sholders
2426,109,0,wish knew put through she stole heart never gave back and occasionally like like look have
2427,19507,1,giselle ummmm comment lol actually watched gh week
2428,17307,1,want come back u s a
2429,32329,1,rove tried whispering name like justin timberlake doe sound sexy
2430,10908,0,drs beverly hill doctor s scare crap
2431,5515,0,get hair cut morning looking forward spending weekend alone
2432,27694,1,chriscornell chance getting see this within hour
2433,32606,1,going bed today another good uneventful day
2434,36371,1,ppchen hehe yes change name like it
2435,38822,1,morning think time went bed so goodnight everyone http tumblr com xajqzv
2436,35446,1,way early sunday watching old episode grey s
2437,3904,1,frankiethesats hey plz look gt http www twitpic com mvd lt u think plz tell
2438,39330,1,linniesuniverse lucien kerk one church vocalist
2439,12895,1,bobbie k k y closing get out
2440,6624,1,mm lens hood fell red sea
2441,25209,1,left brooklyn going uptown latin coffee dollar sandwich can t find downtown brooklyn brooklyn
2442,23513,1,thelonely oh do ability teleport
2443,22151,1,thecatat hello
2444,38048,1,ukpokerreview going start small like slowly higher stake
2445,37392,1,asfaq iphone
2446,17484,0,honestly home alone
2447,29490,1,happy mother s day beautiful mother may love shine world thank mum
2448,26069,1,goodmorning twitter bug happy monday all today mark first official day first fulltime job time get ready
2449,28387,1,heartbomb try blah thanks u today
2450,19604,0,hate song survey always seem make cry
2451,19733,1,vonnieee found link wwe com http www wwe com inside industrynews kennedyreleased stink
2452,9528,0,follower went follow back cant anything till get interwebnet want follower im interesting
2453,14506,0,maaaaan last night funny night sad aswell tho
2454,37429,1,juicytots worry spelt no correctly look wrong
2455,7069,0,work suck big time
2456,34739,1,mmm reconsituted meat product week old veggie gotta love rehydrated warm milk breakfast
2457,38498,1,say diana wanna burn pic dvd cd http plurk com p svsc
2458,8695,1,got back dana watching roseanne start get ready work
2459,2102,1,milosundae akhrnya hill nggi nya macet himym cm ada season pdhl gw nyari seasonnya
2460,10754,1,saromadian srry can t go paintballing tonight good movie
2461,24262,1,back school working bach project
2462,30117,1,watching ocean vega seems appropriate
2463,4336,1,stephenfry get it although religious thing think let one slip by
2464,38784,0,even mile mile apart still holding heart day jonas brother d concert experience w candice
2465,9703,0,tahitianmom truely sad news hear created equal sad know neighbor prejudice people
2466,687,1,loving lil ken absolutely dreading saying goodbye less week
2467,4943,0,tgif bad weather suck
2468,33029,1,merchantships welcome math really not favorite thing also useful so
2469,24969,1,http www facebook com page hellotxt message posted hellotxt facebook fan page hellotxt check
2470,18289,0,iamsuperbianca oh went friend myoh last night ran tarsier pin sad really cute
2471,17226,0,take away
2472,8649,1,bird poo update managed clean slight stainage remains tip
2473,6836,1,dynonugget well lemon ranch you me though
2474,15850,1,work lammmeeee
2475,33978,0,sound like there s party street guess forgot invite
2476,28356,1,going bed night
2477,26039,1,pazkallah wahoo thanks mention others
2478,18131,1,client consult valley ranch home work
2479,1701,1,need remember data customer entered previous page use back button so many
2480,9316,0,leaving sf soon might cry
2481,24904,1,jamie sean cody angry sex jamie sean cody piss one hey guy do http tinyurl com ddyyd
2482,2636,0,never thought falling love cause much pain good thing phase
2483,30360,1,moochergirl originally seattle lived everywhere else including many place south
2484,6066,0,conference call hp gave invalid pas code can t attend
2485,27547,1,cyborg there s small leap http www newscientist com article mg
2486,5469,0,cheetham ala can t broadcast lunch bandwidth room
2487,19846,0,cchiron well a see blah blah blahing much yep forgot sorry but i m here
2488,17544,0,summer yet read book long book
2489,19947,1,gabriellenadine carnivalsofparis think still bl sure hardly talk anyone anymore
2490,11860,0,beta expired today back public release miss already
2491,38415,1,verwon thanks sharing it anything coffee good big fan can t live w o it
2492,17341,0,thinking life dream seem appealing give up im jealous every band artist living
2493,17983,1,raadius cuz ima always late haha dammit got good
2494,23631,1,profkhai tweeple recommend me www audiomicro com http tr im gwoy http tr im gwpx
2495,12002,0,fun time broke usb stick like literally broke it
2496,11047,0,applecharlotte unfair wanna go too
2497,17279,0,patio weather kirkland also launch yer boat weather except missing boat part
2498,3974,0,writing boring part paper hmm sun shining feel like working this however
2499,39616,0,sassyback right karla best movie made
2500,15607,1,nickshotchick hey whats up im library right comp sign
2501,9963,1,dj hero coming soon who s getting it seems like ima retire guitar hero
2502,39487,1,think gettin physical change
2503,4320,0,kay sigh miss day
2504,5478,0,gone right now wish could alter time
2505,9277,1,listening heart ain t brain chris brown http plurk com p xbp
2506,14680,0,way sleep next day way wake up returned amp missed much
2507,25098,0,bored waiting till go tha bus
2508,29811,1,kevinray rub now i mine old fashioned way amp heat lol yea u excuse tom grab beer amp
2509,38992,1,reconnecting amadeus friend
2510,4884,0,finally back stupid holiday missing fit bar men though
2511,22800,0,shower time
2512,14292,1,wanna wif boyfrannnnn
2513,12522,0,biosshadow going sadly maybe next year eh
2514,3016,0,feeling pretty poo today
2515,18527,0,really sick tired body s resisting rest
2516,11411,0,realised able talk crazy cat sunday sad now
2517,9711,0,wish work today
2518,13849,0,want hear voice
2519,10527,0,ok want quit job
2520,27582,1,ltoya yeah shocked probably pitied you thats talk time time
2521,917,0,wow realized checked twitter since am saw to do list good news got lot done bad news don t know day went
2522,1945,0,velf missed last night hon
2523,10805,1,shanenassiri wish would come price got great deal mac took week research
2524,1901,0,dameenrouge tara thai time friend s birthday food pretty bad
2525,14038,1,tiffers thanks lb week
2526,18285,0,drat land boot died once think boot like parsley one going seed first season now
2527,21961,1,went see wolverine husband who work today pretty good
2528,28036,1,back bed
2529,2285,1,finished watching terminator music nothing great
2530,15133,1,soospecial in pay therapy dk do
2531,20512,1,still want smartcar wonderful design ever
2532,3697,1,weather good mmm today shame working tomorrow
2533,4730,1,mrpandora got headache hard work today still ready heineken trying finished
2534,18231,0,sum plz cheer
2535,36996,1,feel owe tinaarena listen new album everything released chain since nice twitter
2536,21849,1,dda wow good mac xp via parallel ever need tester
2537,20250,1,littlemissjoey get public holiday today bwahah
2538,6069,1,churchpunkmom got pool still boxed need level suitable patch ground set up
2539,6893,0,tommcfly tom today school played pov break almost cryed show sao paulo today wish could there
2540,11436,1,graffitibreezyy write back
2541,5927,0,work huge headache
2542,5370,1,mcfrog can t mean without you
2543,7424,1,doesnt joe sing anything affence nick ur stealing spotlight guitar singing
2544,23446,1,nerissa yeah peep good day catchup everyone
2545,816,1,anthothemantho hell yes late
2546,15576,0,diana music im always blunt feeling never seems good
2547,15926,1,daverexwood congrats a s ugh still til end june
2548,18661,1,katekisss meebo com free thing amp effect comp that s use
2549,17523,0,chris sab comme estas bitch
2550,2370,0,everything workout planned
2551,8077,1,causticsoda fine still playing infamous sorry hear thing ended
2552,13706,1,got back school ugh want go dance tonight
2553,20715,1,gjvmanen nope kicked habit year ago
2554,38786,1,eating breakfast drinking coffe strong coffe
2555,17931,1,really miss satan kitty
2556,16771,1,dinner evening playing card already packed ready head home tomorrow go home
2557,18999,0,good day house
2558,21945,1,new forum thread first typhoon season not headed okinawa made look http tinyurl com dmbq
2559,28058,0,up plan transform bedroom today random
2560,13712,1,geeblink eu fiz de chocolate
2561,29656,0,tooshie interesting people like never bored tooshers
2562,10025,0,hate sound silence doesnt like shut out
2563,1801,0,really annoyed work appear blocked facebook now
2564,3685,0,adambien good luck waiting online can t javaone year
2565,2342,0,hour sleep mild hangover carelessness loss brand new ipod pouch
2566,39858,1,hmmmmm exactly one hour three piece coursework motivation gonna watch mcfly it
2567,6651,0,listening opeth trying think missing show san antonio failing
2568,12473,0,dead past day the flu suck
2569,1428,1,poltergeist house
2570,36888,1,made new youtube background photoshop http bit ly awwzn thanks householdhacker
2571,6954,1,tired
2572,12128,1,dreambears crap compared wicked audition
2573,14962,1,geoffjones looked hotel web site what place massage thats job lol lol
2574,20351,1,mgorbach actually use standard speaker wire too standard terminal soldering involved anything
2575,1179,0,greco trying think that
2576,35955,1,ded hey bud shot email
2577,35544,1,gatorayd sawn three time
2578,429,0,one people wrong world blame people there great world living in shit
2579,31404,1,miayuthao must rest work hard abt cr chan
2580,29350,1,babysitting hubby cam cam
2581,25167,1,easties go anytime
2582,26275,0,antidepressiva get motivated fact know wake productive go sleep in though
2583,8712,0,eekkk back work
2584,15702,1,start stupid chore ewww stupid chore
2585,3389,0,elena left morning nine month spent living probably year till see again hmph
2586,6073,1,goodbye mountain fb
2587,6968,1,ok might lil slow quot ff quot mean http myloc me zx
2588,5898,0,raining can t go jogging house gym
2589,12328,0,watching thomas train engine make miss george carlin
2590,11658,1,moving away
2591,26081,1,hey joyfulbiz bet tweeps lot mother wisdom share
2592,28331,0,blerg damn monday must always come decent weekend new glass hair color got carded gamestop awesome ego boost
2593,36889,1,shouq call customer care try enter wrong pw see result quot invalid user name password quot
2594,3066,1,awww watching y o britney snl young cute really funny miss britney
2595,28753,1,chillin home watching movie tv amp making quot healthified quot streusel coffee cake
2596,30995,1,leaving radioboxer show santos saint
2597,19920,0,shanisfearless gaah rain tomorrow
2598,9767,0,tgif also sad last day get work favorite tv reporter
2599,22,1,topic map talk balisage markup conference program online http tr im mlz via bobdc topicmaps
2600,22260,1,western digital caviar black tb sata ncq mb way
2601,1844,1,taylorswift friend coming see nyc but im stupid vaca stupid cayman island cnt go iloveyou lt
2602,6754,0,ate chocolate
2603,33002,1,yonaa mother day pak
2604,930,0,blackout city never good
2605,2431,1,way work
2606,38399,1,elizapatricia pair fringe tuesday smell like win imo well
2607,3931,1,last full day vacation
2608,8507,1,inetters thank
2609,25365,0,podagraph wait min u pretty much home til u jump pond wk go could find cheap flt thought haha
2610,33424,1,harterm tell brad said hi drink sing morgan
2611,28761,1,bre jimmy jon p
2612,33093,1,steveagent think should who hmmmm maybe friend alaska
2613,12577,1,pdddee havent got call
2614,7070,0,saying goodbye good trusted friend today goodbye free sky tv best friend anyone could had
2615,26688,1,thisisrobthomas good morning rob
2616,2158,0,awful hiccup today can t fall asleep
2617,26055,1,whole day
2618,18326,0,doc said bone look quot fine enough quot also see rhumatologist old lady
2619,28002,1,teacher appreciation week making delivery instructor morning
2620,18163,1,american eagle ship japan
2621,16773,1,karleigh katiesantry top radio station fresno
2622,22061,0,discovering kindred spirit line there
2623,11281,1,donnanorgren kid stronger
2624,17424,0,twitter s lame post twitpic gucci
2625,14294,1,britain s got good weather wish here
2626,18345,1,exam active directory tomorrow
2627,3300,1,sarahies week dragged bit essay write seaside im seeing eddie izzard tonight x
2628,57,1,ramtops recession hotel restructuring account done add bit pressure short term cope
2629,9060,0,hey socialmediatv ugh way video gt blah pout social medium tv live gt http ustre am njv
2630,33464,1,queenofkong need apologize mama respect
2631,18182,0,another friday night nothing boyfriend work am
2632,15441,1,got email unitedairlines telling could got monday flight sfo cheaper amp biz class booked tomorrow
2633,13337,0,week lonely without gossip girl xoxo
2634,37476,1,bradiewebbstack umm ok sound verry proud yourselff bubb
2635,20379,1,srhmae think buck dunno
2636,15116,1,paulaabdul ahh naa dont like rain nm really friend comin goin gran
2637,38661,0,hot shower make everything better need sumbody tuck in ugh miss gramma
2638,2548,1,pyroezra know hella wish could mom move across usa
2639,27719,1,spending way long looking new desktop background
2640,35141,1,yawn think imma go bed night guy
2641,7910,0,misscaseyb know mean rain suck
2642,15906,0,food house sugar ant
2643,34808,1,thej cong govt ruling karnataka cauvery found mention truly politician integrity
2644,17131,0,sigh stayed late cause role w assessment tired eye r stinging amp head hurt amp still need word
2645,8120,0,pay sale tax great even worse mom pop business double pay business license
2646,23474,1,lisardggy thanks info
2647,15735,1,jayskillz aww poor precious
2648,33546,1,goodnight tweeps
2649,22252,1,mitchbenn or something red bull hmmm think maybe
2650,24130,1,hair actually look kinda fierce today wth listening u make happy
2651,6159,0,disney dreaming what miley s gonna quit hannah montana i wanna believe it
2652,19106,0,wersching wait till january life fair
2653,13372,0,daddy left go back home texas c hopefully n next two month
2654,6517,0,windycitypretty sickening shoot will smh prayer family
2655,21956,0,gjerninger sure want know http bit ly auuac make want run news happy star war day
2656,26992,1,mklujszo maybe used have besides without ac hot sleep
2657,3714,1,nawty well thx getting early morning meeting wondering agreed it like getting early
2658,22487,1,flatmatescomic good enough
2659,17049,1,anton chekov youtube life well least til st saw st xi wks ago recent update
2660,7475,1,thegoodhuman
2661,28379,1,im trying make myspace look good check min leave comment
2662,31535,1,month back twitter
2663,10886,0,think gay
2664,15494,0,kmaco probably bed depends aide today
2665,35080,1,hate hair long think want super looong hair
2666,26915,1,vuelven sunny day real estate http tinyurl com cqtynq
2667,11833,0,dont mind long line there super cutie front me bad wearing gay bracelet girl name
2668,12947,0,favorite curling iron broke
2669,6935,1,yawn ow caught cramp maybe take nap
2670,22667,1,nomand use wordpress instead
2671,16023,0,feliciaodg screen dark click it hang whoever im talking
2672,27601,1,gym pt waiting drill week tjoe tjoe
2673,22982,1,voted taylorswift cmt com
2674,17087,0,bellabellini yeah know fuck annoying that it s good promo lost contact business
2675,11220,0,phone stubborn think gene something
2676,34228,0,shower taken room right bed yeasterday shower balcony sea wiew bit nicer
2677,16526,1,besties ddlovato there twitpic http twitpic com hac besties ddlovato http twitpic com hac
2678,36038,1,hanastephenson sent u direct message there s mail
2679,5331,0,meeshel suck save it
2680,12016,0,jennifalconer would like swap i m sitting grumpies
2681,26186,1,dutchreaganite i
2682,39827,0,home whitney s sleep church bit dangggg i m tired worth
2683,29386,1,sjneptune hi too
2684,14098,0,loving half day raining soccer practice tonightt
2685,5044,0,jamjar that s mean them
2686,16926,1,sinspired yea road warrior workaholic lifestyle
2687,21532,0,egg today shame looking forward egg bacon sandwich
2688,35216,1,drink at club drinking past hour http twitpic com wnq
2689,20389,1,working graveyard shift
2690,19498,1,im hungry amp dunno make i want popcorn chicken w mac amp cheese
2691,10817,1,lizard lipz know heard lorraine recently
2692,35082,1,http twitpic com wn one present made mom
2693,35960,1,trying decide want go camping memorial day any help twitter friend
2694,26549,1,maroonedmarla try link watch ad first though http tinyurl com ttngg
2695,12275,1,clarityxx
2696,19672,0,today feelin like crap
2697,37206,1,datguyscott better check youtube
2698,29652,1,tswendywilliams and fabulous interracial gangbang woot
2699,24016,1,feego twitter brings back everyone button access public timeline http twitter com public timeline
2700,23458,1,mimi time
2701,726,1,thunder express didnt get see tonight
2702,3365,1,hasin bad
2703,18632,1,jeangrae whyd u feel awful last night
2704,25159,1,watching intense amount gossip girl
2705,25870,1,shbbll video challenge shot not so scenic conference room mic thank loved grant park house amp dog
2706,30467,1,babysitting paionks thinking going see quot obsessed quot
2707,14097,1,enslaved
2708,674,1,ups ketauan cabut nih gimana dong
2709,20469,1,lol thats highlight
2710,34490,1,retrorewind know block party would love hear dh original get chance
2711,10319,0,make feel like used
2712,2211,0,miss cary want drink chocolate milk him
2713,232,1,poll trying get work powerpoint avail
2714,12019,0,kellz making cupcake say can t kelli bad sister
2715,20591,1,watching jonas
2716,32563,1,scottataylor well that
2717,11458,1,newark
2718,8038,0,lazy rain gym amp amp tanning possibe work amp amp small social gathering around tha corner
2719,5743,1,theblackqueen sucky
2720,6145,1,ow hurt
2721,17505,1,emmaautumn ah oliver anooyed couldnt come one twiiter great x
2722,25722,1,worst case cenario show offf white mask scare everyone even better everyone wear mask besides me
2723,7021,0,gah buddy k must hang person right miss him along parker mcphee
2724,23498,1,mysgreen cna get em ï¿½ got one ï¿½ asus lappie
2725,5248,0,sorta need somehow forget e la practically ethic exam self imposed revision time
2726,20337,1,andrewagarcia that s what s hah great thanks waiting craziness take off
2727,11946,1,got feel belly baby
2728,12613,0,gfalcone little girl bgt sad cried lol xxxxxxxxxxxxxxxxxxx
2729,26299,1,mrxtothaz wasting may bank holiday crappy north south brighton party s
2730,16610,0,oh also here s clip new moon trailer can t watch cuz work http bit ly wxal
2731,24069,1,early morning r amp b http blip fm jimj
2732,22142,1,siphotwit get impatient what already sinned strawberry milk sugar
2733,30007,1,elliottp follow anyone sticker usage
2734,7638,1,kelly kelly pay bill kaden pay em radiomobounce want follow him lol dosent get pay bill
2735,29607,1,ritajking oh wait messed messed lyric quot don t concretize it quot
2736,3673,1,ilicco invite might try mr p bale invite
2737,15951,0,andyschwartz nah actually sleep data recovery place called woke
2738,37433,1,christay sound awesome
2739,25596,0,paulamackay think thought it sneezed
2740,27137,1,madinafire dude safely say blown away heard attic make sure pas much can
2741,25982,1,gloveselectric well come nigguh thing may going like phuket bali afterwards
2742,23747,1,wednesday green day perform new single quot know enemy quot tvtotal
2743,35465,1,therealyungberg u said u gonna follow nita ur live chat
2744,2168,0,woke amp can t go back sleep txt bff sayin call me sound important hour ago
2745,25531,1,knorth hey easy just type doing like facebook much simpler good day
2746,11101,1,going work nightshift
2747,37449,1,freestyle exam x
2748,34498,1,updating brett s phone beep really looking wedding stuff again for next five month
2749,34167,1,ggenung gable apartment corporate nice
2750,37492,1,smsm could geocode event cloudmade apiï¿½s
2751,3981,1,need mug chinese a s feel like it
2752,21649,1,andybradbury mostley yellow green
2753,3711,0,james phelps sad yesterday guy fave band quit band replaced
2754,28186,1,boomerous discrimination bad thing learned say no child would say mastered year ago
2755,15979,1,hoping rain sooo warm
2756,16429,1,make plan none
2757,11073,0,hate sick make soup
2758,38114,0,really tired sunday morning xxx
2759,34622,1,mrhyrne juice here didntb even let use computer
2760,2520,0,elmers miss u
2761,25890,1,spawn hahaha awww wait mid august
2762,30000,1,hangin love life tessa mccravy
2763,8049,1,hypedagreat oh ok i quot m work playing til later lol
2764,30895,1,tonight good night everyone
2765,1496,1,goodnight world am
2766,6311,0,well done yet thing left huaaahhhhh jupaa resaaaa awas kaliaaannn
2767,3282,1,home nite sleeping pull bed maggie wishing kyla durden got find apt
2768,19981,0,life suck ur fun
2769,32963,1,tazz big man embracing tear
2770,1674,0,sick stomach headache wish someone could come rub temple
2771,4078,0,katcal relying mobile lack reception trying help looking silly
2772,9205,0,rain must come quot after quot flat iron hair rockin curl week today decide come out nice
2773,38888,1,sarahjacinta hehe expert eh
2774,35437,1,osulop didnt mind movie myself may im big fangirl
2775,7871,1,want compute
2776,1793,0,lovereed thx girl woke up cnt believe sick fever wish could pound nyquil suck
2777,39397,1,actually progressive studying today
2778,4249,1,taylame excuse there me jkidding lol so long b yr fun night start lol
2779,10084,0,princeofcode sorry get project working windoze laptop ton folk came afterwards saw running
2780,4230,0,jus back watching night museum would rate
2781,32305,0,gt gt why blonde keep failing driver license test gt gt gt gt gt everytime stopped jumped back seat
2782,30615,1,gonna go make meme s mother s day card go hop shower hop sleep
2783,7371,0,indysawhney seems like u r pushing wcm site really cant beleive pro havent heard joomla drupal
2784,10323,0,hitekfame bad always running
2785,35916,1,realizing horribly awkward
2786,7345,0,nancyleegrahn grade can t daughter grade math soo sad
2787,35559,1,http simoneserhan tumblr com new post
2788,22763,0,beverleyknight hiyaaaaaa got back scan wow amazing cried haha xx
2789,39990,1,shonali think lesson day luggage
2790,11253,0,sophhs cool tempted see feel sorry jb though hardly people
2791,27954,1,anybody good tip budget lodging tokyo
2792,25319,1,whoa got go bed night
2793,14413,0,emo moment said good bye best friend ever meet sure
2794,23184,1,school today happy may day
2795,1114,0,miss seeing firefly
2796,19378,1,dropped biscuit tea
2797,35817,1,hanging dan houston call
2798,10410,0,ok grey cold day la listening pj harvey jenny lewis cat power i see pattern here
2799,10407,1,way nottingham icof tonight gig umtil download fail
2800,33632,1,rezyelvalerie gaaay
2801,4596,0,want go sit park really painting bathroom
2802,1540,0,tired climb bed fall asleep hope weekend fun couple week left
2803,13823,1,ellabellcullen can t ipod im
2804,21608,1,rmolden yes maybe today write
2805,12252,0,noufah aaaah swear took mistake somehow attached charger apparently needed break u huh
2806,14096,0,epiphanygirl man missed it ive waitn day u giv tix away amp whn im rappn wrk u gav tix away im sad
2807,10774,0,pic arent working twitter
2808,39299,1,cravingsweets happy hot mama day
2809,11868,1,dash cunning gotta go cousin s grad party
2810,3020,0,what s worse fever sore throat cancelling trip see little bro fever sore throat
2811,14657,0,oh god cried much watch guy bgt http bit ly txz
2812,3170,0,kingmoney yep freezing hate winter im literally wearing blackets
2813,7133,0,failed cutting peeling mango hah weird trying father like nothing
2814,16558,1,six final go
2815,28351,1,ain t happy go lucky today world feel ugly
2816,2989,0,can t believe peeling one half day sunshine
2817,19000,0,really tired work whole day tomorrow thought depresses me uncoooool
2818,38953,1,happy mother day heidi klum
2819,33034,1,kierantong know anne judy
2820,19985,1,well another family chosen child interviewed back looking another kid
2821,38294,1,that s way crumbles cookie wise
2822,9105,1,site first date macri s deli closed lunching favorite local greek spot trojan horse instead
2823,4804,1,lexy add here can t locate handle whatever reason
2824,23453,1,morning
2825,10659,0,wish didnt go work tonight
2826,30186,1,wickedbitch real
2827,14380,0,attempting count day till return canada there alot
2828,34827,1,mariahcarey hi mariah
2829,5154,0,kiso omg feel bad wa good
2830,27500,0,apparently im getting drive school morning anymore well dad left school morning watching twilight
2831,19482,1,lopchelle marchie chicago just landed xoxo
2832,13507,0,lunch fun nothing eat
2833,18461,0,killer headache want food here
2834,6213,0,thejiggerjames same party tonight jig
2835,23719,0,philosophical mood tonight wandering round dark
2836,14297,0,saw favorite surprisingly way sad
2837,28661,1,bought good chocolate magazine later play comanche good saturday
2838,23425,1,mileycyrus come vietnam make live show miley much fan love viet nam
2839,15214,1,waiting line get gas degree today
2840,26289,1,ajkavanagh seen kiosk central station nice job
2841,1821,1,tired
2842,33217,1,cleaned laundry nail painted productive saturday night
2843,637,0,wanna go back work sleepy time
2844,4947,1,back revision bye bye hannah lt
2845,32673,1,going bed busy day tomorrow happy mother s day madre te amo
2846,27244,1,here s definition network neutrality may interested http tinyurl com lsqn
2847,26364,1,woke hour sleep feeling better
2848,2022,0,veronicasmusic guy coming back tour oz missed earlier year made sad
2849,3492,1,sazzzle forehead starting peel impressed
2850,4284,0,got work working night shift hospital hr day starting get me
2851,17098,0,icecream truck never come house
2852,4792,0,finished english final just one step closer end
2853,18492,0,selling drumset sad day
2854,1506,1,ï¿½ï¿½ ce grade mock
2855,9575,0,man work busy today people called sick old pervert keep rolling sadness abounds
2856,16073,1,daynanotdana closed three location
2857,19705,0,babymakes no lost link sent pull battery
2858,14071,1,jus got done swimming soon ima need stay outta sun
2859,106,0,cayogial wanted come bz summer sure anymore teacher s life summer suck
2860,21566,1,well actually went got driver license worry bus shit haha
2861,14261,0,yelyahwilliams noooooooooooooooooooooooooo can t
2862,5819,1,so point become apparent degree mean jack shit
2863,39316,1,got exam tuesday wish luck pray me thank you xxx
2864,38059,1,woke go bathroom weirdest dream woke up back sleep night morning wateva
2865,10109,0,friday night never fun work saturday morning
2866,19863,0,whats wrong flickr http www flickr com photo frenchtoastcake quilt top photo show click it sad story
2867,29137,1,ericaleigh evening matinee sp
2868,3474,1,deabarnes why
2869,3331,1,nicers pretty sure bum shape still imprinted
2870,969,0,xmylifesastoryx rob got lucky game beat
2871,5697,0,hummingbird yeah tough time
2872,6616,1,donniesbabe post later comp
2873,14774,0,way seattle yay seattle boo matt leaving
2874,15027,1,eating tomato squirted me
2875,32325,1,jordanbartowski way backstreet boy remember gasping used song chuck like o o omfg way
2876,32084,1,although wolverine great movie think bad everyone saying amp least taylor kitsch
2877,19810,0,iaquarian heart mela much cept last time went booked u saturday instead friday feed u
2878,11028,0,sometimes wish hair back
2879,11237,0,whopee tgif fun job
2880,14009,1,laina recital tonight going going second one tomorrow home alone
2881,29852,1,home dinner parent
2882,28130,1,techbabe put name list
2883,9525,0,dog dug hole backyard well iwas sleeping im grounded
2884,37860,1,blokeslib sorry blokey hr later amp still holding ur fluffy towel dash hope u found mean dry ur self
2885,32791,1,happy mother s day woman men made mother
2886,14040,0,sick home bored want get better already enjoy college grad
2887,25888,1,pincheguera got today
2888,38619,1,cleaning house going see soccergame friend
2889,28825,1,oppositelock terminal kind movie well anything airplane amp hot chick it kinda movie
2890,11375,0,got text guy like name guy do disapointing
2891,2442,0,brookedanielle upset becasue like year loved happens imm really uset x
2892,5493,1,http pic im d horten moss kï¿½
2893,26831,0,amandawilk yes unfuzzy prefer fuzzy clear caleb wanna turn back clock
2894,15873,0,tom pollard never banned court order
2895,4606,1,swflmoms went long ago used go little kid back ton teeth now many all
2896,11966,1,trcatanese tx new fone dont anyones number
2897,27203,1,know want stay cool day use shower gel bath wash peppermint
2898,35049,1,happy mother day
2899,2485,0,dreading work tomorrow wish one day
2900,2561,0,brainstuck didnt get joke
2901,9663,1,elisaxx http twitpic com y niceee hey never get stickersss
2902,8687,0,checkout line kate amp jon splashed u weekly sad
2903,20862,1,paulsweeney cloud croatian apartment
2904,945,0,t isfortammy sad tweet sad
2905,7394,0,jhaywardbenzal ouch hate happens
2906,10288,0,danielbachhuber so tmobile g hummer h wish battery life iphone
2907,34368,0,im done defending him im going bed im gonna give mom happy mother day least ill try
2908,17229,0,love americana movie see
2909,3426,1,going nfg tonight
2910,5157,0,lunch time feeling really odd today generally great
2911,652,1,laurelexmachina swimming go
2912,16169,1,slept entirely long nap long enough time
2913,15789,1,awesomeann well u around twit
2914,4599,1,anyone know good png compression tool o x tried pngcrush doesnt run
2915,24602,1,woke dreaming met hero author anne rice amp son author christopher rice euphoria perhaps would someday
2916,34226,1,going bed night
2917,19156,0,got stuck traffic jam today one sunburned arm
2918,29900,0,rebeccanavarro banditta sorry back food calling name lol all good hi sorry said sooner lol
2919,30782,0,xxyoushinexx hey haha yep me negative comment get reallllyyy mad always defend them haha
2920,19924,0,riley alphabet fashion show today forgot camera cute
2921,37058,1,good morning woke mother s day
2922,5101,0,costavidafred awwwwww sorry going miss you
2923,14824,1,oncherrystreet thought apple store and or best buy guy wanted on
2924,19102,1,andyrw wish rollin ya
2925,26178,1,deberito beto s pizzeria banksville rd believe beachview area sorry answer like year later
2926,30639,1,little buzz epoxy paint
2927,6065,0,computer died
2928,2438,0,jessiimiica like saddest person jtv right
2929,18810,1,pretty shitty week minus seeing marktheescape muscle relaxer need
2930,31657,1,lightthematch mmm thanks u get stoned eat thats cool
2931,9991,1,cowmage read something happy
2932,12265,1,beachbabeever genevaaa picture isnt showing dont think im right
2933,3436,1,hair ugh dont want go work today
2934,17268,1,gotta restart computer thought win supposed put end constant rebootiness
2935,736,1,fakin kisha just luck
2936,19116,1,backstreetboys hey boy wanna see teeth damn it twitter donï¿½t wanna change picture
2937,21523,1,lying sofa chilling don t intend moving time soon
2938,39331,1,maryklly sure willl
2939,7679,1,make challenge
2940,17438,0,lilayy here like know there s people worse life wish could go back change aspect life
2941,18645,0,mpellegrini hurt you sunshine weekend get play that s sad
2942,1052,0,bed stomach ache
2943,24671,0,pink wow now your really kickin carey s butt competition see soon
2944,14414,0,omggg heard someone gonna die new season secret life american teenager noooo
2945,24488,1,x decde finally hour history pm went highschool make homework friend
2946,22302,1,harrisfellman well im working quite ready post publicly still beta testing cool new script coded
2947,29509,1,watching ace cake
2948,1150,0,going miss miss suhana
2949,10341,0,ugly betty sooooooo sad
2950,13580,0,lakers stu lantz awesome miss chick hearn tho
2951,33445,0,know right now pretty bored refuse study suggestion
2952,18366,1,alex navarro wish area offered chinese food delivery
2953,22935,1,new shiznaay
2954,34985,1,back uminaa
2955,1679,1,google chrome firefox
2956,17664,1,ceciliabedelia know lame
2957,4775,1,deck building buddy missing action
2958,6136,1,anyone got goss yet supernatural convention birmingham waiting patiently
2959,18647,0,troublepandapr ok that s true plus insulting saying insulting you trying cheer up butï¿½nadaï¿½
2960,20973,1,harryharley
2961,12818,1,jessiiemcfly oh girl aidan
2962,35940,0,aww thats wikid need book myne sooon miss lovely im ned brekkie speak soon dudde xxx
2963,10421,1,sitting doctor s office
2964,186,0,money phone
2965,14450,1,ddlovato today quot sonny chance quot came brazil loved it amazing lt please reply
2966,13223,0,feel like crap
2967,11606,1,therealsavannah why
2968,20829,1,welshgirl hey thankyou how s u x
2969,11906,1,bob everything okay
2970,21221,1,paddydonnelly obviously havent seen mr first thing morning
2971,1311,0,feel really sick
2972,30207,1,pamslim can t wait crack open doubt learn well support evangelizing cubicle freedom ness
2973,34397,1,hanabobana mb try back end summer well fun movie watch lost
2974,22703,0,so doing eating cracker yummy unsalted one course salt caviar
2975,39976,1,right coursework now promise
2976,5891,1,karneee love it really simple think word put twi front clever
2977,31182,1,perze gut feel say gonna boy ababa
2978,2422,0,damn failed assassination attempt louis re http ff im mrim
2979,28232,1,running errand little man maybe act like year old today
2980,3700,1,work today
2981,12235,0,raning really bad
2982,3521,1,fladdermus a
2983,24914,1,mikeseymour keep long people ffwd like now aac w chapter marker
2984,35918,0,juliegoodacre thinking changing hassle everyone follows u get jason
2985,20144,1,time watch op dead like me sleep
2986,5058,1,theyotesdiva might too one accused guy quot one sided quot issue getting way way hand
2987,34212,1,jeanninesioco yep
2988,13542,0,melaniericheson used nkotb sleeping bag too know
2989,24995,1,dylzwexford perhaps see twitter version pulling someone s pigtail let know work you
2990,1353,1,rockedbypickler honey got mad yr go crazy
2991,15861,0,tired
2992,20732,1,took ic photo look good http tweet sg
2993,37283,1,quiet mother day evening happy mother day yummy mummy
2994,8317,0,missed friggin hair appt
2995,3801,1,narendranag expensive window linux
2996,24240,1,vwll would one vwllers want add event ning http bit ly bfsh would much appreciate
2997,25506,1,coach colette saying big hello you
2998,3832,1,month bad month try get advert together kobold quarterly
2999,4183,1,tikcets ï¿½ each but want go
3000,19281,0,ksdaisy aw poor thing
3001,39196,1,mom there happy mother day
3002,4966,0,hate young
3003,20463,0,beltranm hello late playing internet love you
3004,16822,1,watching big brothes big quiz rather tiredd downloading dvd wait till finished till go bed
3005,25630,1,dizzyupthegirl thankyooooou
3006,37550,1,woke fell back sleep woke back sleep again woke staying awake morning
3007,30234,1,ruecian something way mail pj address fyi
3008,12597,0,spare time seems twill spent homework weekend
3009,33356,1,elm sentiment exactly
3010,1485,1,metafisix thought gonna show
3011,6146,0,need cheering
3012,10654,1,jessicaringle work tonight m
3013,31230,1,lostinthesound chris baby born today
3014,9818,1,ak flop come k bet get raised call turn a check river rag check bet raise call
3015,37368,1,mozy thanks
3016,12476,0,skinnermike told joke onstage butlins one person laughed scarred life
3017,343,0,sad christian lacroix file bankruptcy
3018,18002,0,at amp t cheated system green day ticket damn at amp t
3019,8880,0,last business day month wrong time get new tag people
3020,28663,1,meredithklein oh that s discreet
3021,9324,0,mraeannon thank u know miss u ill take pic soon get need email txt something
3022,32226,1,drinking smoking bad but im grown tho
3023,31596,1,kylieireland facebook page email picture bang like blame kitty
3024,5358,1,friday feeling though working tomorrow
3025,7422,0,r i p sammie cat
3026,19030,0,rain almost perfect day clothes wet
3027,2587,1,ah getting
3028,24799,1,gregmottola believe true fml quite phenomenon all thx superbad
3029,37481,1,new twitter
3030,24670,1,new article http tinyurl com cmek let know think
3031,5915,1,siwhitehouse unusual
3032,3089,0,car broke down time start looking getting another one thing another
3033,3809,0,eminem can t wait that recently bought metallia guitar hero cant play coz sony tv went kaput
3034,10293,0,natebodnar going jordan told come im stuck work
3035,28407,0,afey umm abt comment like p quot i dont like this quot
3036,32797,1,youtube now
3037,9985,0,going busy day suck cause wanted spend time someone earlier today
3038,3013,0,wish concept time right now adjusting well obvs
3039,12231,1,teamdelo one done already
3040,36634,1,asencil stinkin adorable want come check studio
3041,25300,0,ankurb kidding go around quoting
3042,14768,1,r casagrande haha thanks keep raining might go
3043,9995,0,sadly sitting home could going partyyyyy
3044,3570,0,living ignorance
3045,3706,1,get cat stop killin rabbit another headless baby rabbit n garden dis morn live close field wher lot rabbit live
3046,25882,1,ary ary aaaww fall courseeee
3047,13756,1,timothy carroll want marty mcflyy t shirt
3048,36065,1,meminty yeah afireinside
3049,15063,0,prom s today bought ticket im going cause dont dress hair done ect suck cause gonna awesome
3050,30262,1,jaymeallover sry missed call fell asleep boredom colorado sunrise enjoyable though actually could hear it xd
3051,16315,1,homework borriing
3052,4395,1,something totally eating broc cab bean insecticidal soap getting rid pest want chemical
3053,13838,0,fed pain
3054,21917,1,themakelounge might guessed crafty lady like would laminator mine cheap one worked brilliantly
3055,17792,1,who d thought wallace amp gromit team behind monkey island could combined disastrously
3056,13156,0,today free day bell rang wen rang end okayy but
3057,3174,0,room hot sleep in
3058,10136,1,brianjking drive automatically ejecting supported disc ie cd r can t boot disc time applecare
3059,15981,0,lrntoswim thx followfriday afraid remiss blip lately
3060,33895,1,irenedepp includes you
3061,11800,1,sky monday
3062,11484,1,bre done wow blogging eh huggles
3063,18834,1,cannot sleep due watching uktv food keep craving bay think body guna ache tomro
3064,9904,0,way dad s sistas r i p deb
3065,2858,1,back track transcription process still can t stop lappy overheating though
3066,36666,1,watching life ryan
3067,17811,1,supjoya really do cry shame
3068,25086,1,anywho im early night good night twitter world
3069,34367,1,watching cartoon
3070,27401,1,sweet mama b yeah mate g town jus sed blue martini tha spot ill check out good lookin
3071,5411,0,flyykiddangel lmao need shopping partner today
3072,2373,1,wordsaftersex turn yet
3073,28412,0,jordanknight officially resigned never knowing tink mean
3074,16761,0,twitterberry hate
3075,17926,1,mitchelmusso done
3076,17020,0,iholleeee miss too need talk you keep screwing lovee u
3077,31598,0,kimgoss saying past week miss playing spade drinkin chillin good old day let know baby
3078,8318,0,quinztar oh no mean able get pwned shottie weekend
3079,639,1,watching biggest loser hallmark never fails make cry nyeh
3080,1401,1,epicfail joseph class long liao
3081,35999,1,wonderful day photo practicum fotoschool mind typical dutch cloud though
3082,21431,1,second wind home time
3083,22067,1,ruoivietnam thank chu t ï¿½ ch c v y quï¿½ hik ch c em ph i i h c khï¿½a ph c p ki n th c c khï¿½ g p
3084,31096,1,white house thing s lifesaver http snipurl com hkuj
3085,14579,0,marijo sabido nada de ti making bit sad must say
3086,29804,1,watching said
3087,35693,0,past am already spoiled rotton
3088,7233,0,burned tongue
3089,17319,0,annamessias miss yoooooooooooooooooooou poia
3090,19015,1,tierd i want talk
3091,9556,1,huneychild back frizz head
3092,37955,1,talula
3093,28069,1,paultelner lol really wanna go there imma check vid rite
3094,11614,1,insidegaming flame war week episode
3095,16106,0,banged elbow bleeding owwiee
3096,38019,1,made good money hr worth work bad needed tonight good stuff murphy law week wk
3097,27282,1,ravenbeauty me you counting crow table mountain casino event center near fresno july there
3098,21886,1,aww holloh used little much haa lazy shiit
3099,27196,1,jill morning saw that ridic insane stupid esp weather glad that
3100,19194,1,pandamachinne cheese chip
3101,28563,1,sitting home watching atl time todayy waiting jess come like go get marg head later second sat
3102,4405,0,kjnyc depressing
3103,35332,1,wearing spidey boxer
3104,28155,0,big sugar yet another s bandwagon late get on next s amp d bnl reunite kind like odds
3105,9049,0,teelajbrown know list miss b c conflicting plan go
3106,16927,0,mitchelmusso didnt answer
3107,35423,1,post warhammer blog anyone interested http bit ly uwlm
3108,11432,0,one thalia fat joe wtf terri im getn ne funny today
3109,39869,1,five would love hear nokia perspective
3110,8122,0,stressin h core supposed cleaning room feel like crap
3111,12731,1,looking girl name easier looking boy
3112,5466,0,tcwmatt oh no well get back lot picture
3113,39154,0,rove live min kinda excited
3114,10385,0,dam missed hollyoaks nite
3115,11623,0,daynah work iphone yet love simplicity need able sort task iphone useful
3116,23634,1,teemonster back long island today spending weekend manchester vt hope great week ahead
3117,11455,0,sitting almost empty dorm waiting jordan come take last thing say good bye graduate tomorrow
3118,1915,1,cheverlyhillz im hella pushin it how tha graduation sorry couldnt smash thru
3119,15887,1,shaialston aw take care babe dont aim get dm u addy
3120,13668,0,saddest celeb story week http bit ly hph
3121,13632,1,cakez ya got twitt somebody sayin look like gonna rain west coast i aint outside yet
3122,19592,0,dont get use twitterr
3123,13484,1,cameronmoll none above none option
3124,18750,0,selenagomez awwww gonna miss you
3125,18630,0,thestorystarts nothing aimed you joining in sorry
3126,20228,1,sterestherster adem in adem uit
3127,11208,0,tina beanz damn sorry hear tina
3128,3334,0,oowww why wisdom teeth hurt much
3129,14252,0,eshsomajor dare u love making made email im stranger u never replied
3130,16848,0,sad wont able post new fic morning
3131,9474,1,boulderdiaries afraid going say that
3132,1320,0,trentskers pfftt wish time though
3133,26218,1,made seamless connection toro toro quebec two
3134,23626,1,rain one reason stay snuggled beneath duvet
3135,4958,0,warhammer k space marine officially announced p luck pc gamers
3136,22511,1,woo two day till awesome gig one day till uni finished day gig yp
3137,5574,0,like waiting
3138,33905,1,tally whacker skypeeeeee
3139,10592,0,mexico city traffic beating rush hour make aeropuerto
3140,3483,0,doggy sad cheer jessie
3141,4744,0,ozzblair hug bad day having
3142,23877,0,xkirstyxo basket case mine miss it going listen shit load
3143,10877,1,tweet
3144,398,1,ready go school
3145,1008,0,miss rain oh hell way tell me
3146,8011,1,waiting sumone come online
3147,11491,0,there s one cherry dr pepper left fridge thank god im addicted stuff sad thing skin
3148,19347,1,rufmac priest said quot unnecessary anxiety quot
3149,6856,1,ugggh school boring cant wait year over stressed shoulda stayed home today
3150,11102,1,brought john tucker must die again first copy recked watch
3151,13160,1,krithin btw short notice know rsvping party thanks much invitation though nite
3152,7943,0,play tennis bel air court wet but play anyway
3153,10845,1,oops correction nowheremonastry can t seem spell worth darn today
3154,24031,1,morningsteppa yeah big chill good food good music great weather cool day bro
3155,14322,0,falselove oh that s good top are haunted house sound one bakery inside ralphie s body amp forget
3156,39916,1,going spend day law
3157,9242,1,it erincharde yea afterthought
3158,5305,1,mikeabrams link work
3159,27502,1,morning tweeple
3160,30332,1,slept am yesterday
3161,6787,0,slept hr body aching
3162,15229,0,matrix online shuts next month wow i feel kinda sad
3163,30403,1,duccat pic please
3164,24442,1,mariakri melissa celebrity now
3165,1105,1,hate tweetdeck reach access limit
3166,24921,1,aggieduchess goooood luck
3167,2170,1,playing bejewled facebook damn want higherscore
3168,28078,1,home school now watching show
3169,21400,1,sloppyness babe lt
3170,29134,1,tarajean what s dinner
3171,2976,0,tahninial called cheeseburglar made sad
3172,236,0,late nothin do
3173,10648,1,wtf tweet posting super excited weekend lt jfg
3174,14474,1,new lego rock band trailer look pretty weird coulda done better job making http bit ly jcfk
3175,28666,1,watching film real woman curve good film middle night
3176,39195,1,lectronice yes indeed
3177,5540,0,isabelmariee oh snap
3178,34959,1,thecomputernerd weird usual ok that s like
3179,27231,1,you u eat exactly true you u digest todayisaprosperous amp productive day thankujesus beyeblessed hee hee
3180,14327,0,impala guy past ok since iï¿½ve got appartment car itï¿½s difficult save money
3181,2322,1,pyroezra idk could would cost soo much there
3182,8519,0,first car offically gone good bye turquoise topaz missed greatly
3183,35048,1,idreamofjeanny chowder shit
3184,29869,1,
3185,34747,1,indo dormir good night
3186,7439,1,djdnice know
3187,8758,1,swine flu outbreak cayuga county first case
3188,14818,1,andydx awww boo maybe wont sober s team evo need snag someone partner
3189,5116,1,xdkrystal yen lol get vid phone ipod cant find song lol
3190,20177,0,school want read eclipse and some page read
3191,17695,0,look like another night office lol
3192,18098,1,lorrisb appealing fact would hop pretty quick dont wanna impose sacred bday hun ur friend
3193,467,1,crunchmonkey well got home till tmw p comcast right didnt miss
3194,28696,1,joesdmf know wanna finish bsg first
3195,9822,1,rainy day rainy
3196,35598,1,listening brandy never say never cd
3197,24925,1,suddentwilight yep that s right mean monk that s a photo taken me better photography
3198,21086,1,playing who i sister
3199,7333,1,natalie kno came coz sun kept going behind cloud come back sat window floor lol
3200,18758,0,jungle book sooooo cute nothing eat drink
3201,11185,0,rest peace marshall
3202,10313,0,sad say bye bye beautiful mountain http twitpic com k
3203,10490,0,chrissligh saddened see felt need comment clay know care lost one follower today
3204,21027,1,charlesjwebster pleasure anytime
3205,27929,1,hi all again
3206,6675,1,mekya yes found you come greenville perfect weekend picture sidekick go shooting
3207,20491,1,nagatep grabe norm researched dami pala flamenco form sub form kaloka attempted solea kaloka ang beat
3208,38367,1,saw star trek hardcore fan anything really good get
3209,10665,0,fire call today missed
3210,7166,0,paulo one yes went smooth bad get back work though enjoying friday
3211,15246,1,duty student union punter u member public
3212,6606,1,hiiiiii texted u day u respond what s that
3213,8233,0,msdivineknight wish could want stay play u guy enjoy block party
3214,26993,1,storagezilla grease drip pan double butter dish in pinch
3215,18309,0,last day tv up front w colleague sydney paris london
3216,14339,0,joeyarceo yeah new material
3217,19690,1,sad yo hear ashleycat
3218,38686,1,caseysevenfold coming year wil said yes would good
3219,12856,1,yankeeragu think really good probably damn obscurity
3220,20499,1,one looking pembrokedave pembsdave and know yet follow anyways good guy
3221,10181,0,cherryadestains blatently fault shoving bag said felt much tricked me xx
3222,32311,1,bai kt decided disney wedding parade mushroom trampoline float kt bai jump
3223,27980,1,if believe him would believe me bring horizon chill go spine whenever hear line
3224,18907,0,bunnybridget would love learn trapeze wanted since kid sadly there s place live teach
3225,33247,1,iampritty lol man got hr iont woulda made wit ramen noodle t v time
3226,13118,0,cant find red lighter reminds amy
3227,13715,1,dollyblowflake hi there agree small child running happy breaking tear
3228,20300,1,jordinsilver long hold wine without tipping
3229,33681,1,arsexhair ohh heyyy
3230,34056,1,gf thanks g actual birthday tuesday
3231,15678,0,ancillatilia tooo wish could get
3232,11867,0,really sorry becausei looking forward it thought itd fun u wanted hear it iowe u beer
3233,19459,0,miss soooo much gonna see month
3234,2360,0,madeofhoney im sorry dont wanna cuz u act u turn right around ignore
3235,16719,0,monkeymad nooooooo receipt break heart
3236,30966,1,get sub subway ur way home
3237,22227,1,tea break cant wait drive home tonite
3238,4617,0,going eat aunt soooon getting ready changing hope today goood day idk miissss himm
3239,719,1,sha da asshole ï¿½ cant im sister house ï¿½ net tonite
3240,35790,1,valleymon hello friend welcome twitter
3241,36610,1,lesley m awww mother s day gone o work today witht camera little while hopefully
3242,27205,1,work five year old gonna keep young
3243,30245,1,happy mother day special mom there luv u mommy
3244,6046,1,cash looking trade can t find
3245,19025,0,rodmcnasty miss
3246,32503,1,bluewolf thanks
3247,1214,1,summer end some start hahah
3248,3750,0,want transfer naini trip picture my comp upload thm web bt dnt hv usb snt via multimedia r pic expnsiv
3249,13670,0,holiday fair
3250,5238,1,jemimakiss got nrierp twitted link it no fail
3251,34603,1,petesterz riceagain r sending tw business ppl mainland return favor re chinese police representative tw
3252,39882,0,heap keen next weekend mummy lt
3253,9654,1,say space time need http plurk com p xdvj
3254,37765,0,fighting mum mother day
3255,6574,0,banjoist may ask bluegrass mean sorry advance looking bit silly asking
3256,39378,0,elizapatricia never met person miss like hell must charm
3257,12770,0,omg going robinson tyler wfm freakin miss anthony ugh today kinda suck lex lt
3258,18643,1,tabiamusic skyped u la nite
3259,21105,1,im bit tweeet yall later
3260,29336,1,wildbluebug yep here s pic kid standing puffy taco photo http bkite com jzs
3261,8690,1,robbin g odd wanted see weekend
3262,31244,1,sweetdreamer bad trying get live dream rule world saving super hero costume
3263,33398,1,deleted lott facebook friend ask friend want idgaf
3264,5808,0,andyjih yep sadly min meeting
3265,9208,1,great lunch baby bull time work til
3266,28571,1,got wii
3267,1849,1,jthaessica also spoke lt ï¿½tearï¿½
3268,4924,0,rainy day today car stuck house needed go post office too bastard
3269,23786,1,go leeds shopping
3270,144,1,ether radio awake ill nap afternoon
3271,13363,1,james young iv got two twitter
3272,33084,0,listening new demo song going fantastic done
3273,36215,1,monday school gosshhh waiting
3274,25901,1,gonna stop hogging laptop tonight tomorrow again twitterer
3275,6551,1,last lunch intern
3276,1872,1,morning folk light tweeting today hurrah crowd co busy friday inside sunshine out
3277,11152,1,eightyfivemusic too wish would say unfollowed
3278,9421,0,want new lappytop now site say till
3279,14574,1,jayytee yea knw
3280,3294,1,reynolds x three first week june
3281,24159,1,rustyrockets et s genitals magic glowing finger
3282,6888,0,miss much heart aching without bub http is gd jai
3283,25175,1,phomor cant put age put grumpiness
3284,36374,1,vectisdebs plan way forth
3285,37529,1,jonasrask thank jonas
3286,20523,1,gonna eat chip anybody want some hahaha
3287,33997,1,finally gave twitter try find sooo popular hope wont hooked
3288,15086,1,saw land rover pull school parking lot thought spencer
3289,90,1,lepetitagneau what s going sweetheart
3290,27973,1,also realized weekend many people internet hot ok catty comment way week
3291,15315,1,jennypoynter want frosties
3292,21696,1,poorprogrammer office
3293,35113,0,tired work till tonight happy mother day everyone http tinyurl com qubl
3294,29144,1,gonna eat pizza doing
3295,32650,1,phillies gamee mama mother day
3296,10049,0,wanna see up tonight one go me whhhyyy
3297,6529,0,smart car worthless car ever made amp make sad many see anymore
3298,19646,1,food cheesecake factory w travis lost passport btwn sd lv
3299,23352,1,coollike toy story pwns
3300,11804,1,darrkwillow sayid could dead
3301,12769,0,siggidori sorry creating new comedy style quot bad joking quot
3302,9797,1,solangeknowles girl know beauty price
3303,5750,1,late week watching jay leno tonight last show move pm sure material bsame
3304,14012,1,arg exile still problem alt tabbing
3305,22287,1,xabierr im sure jont wont mind sharing
3306,6697,0,could tell gonna angry day
3307,20138,1,theblackbug realized think week college welcome otherside
3308,22249,1,asio look like renailemay hiding money offshore bank account behalf last fm http bit ly cets
3309,6026,1,bcyde still figured them sadly take research know what s what
3310,39426,1,omgosh saw hattie wake up must summer garden hedgehog come hibernation
3311,17334,0,rip big cup miss
3312,9548,0,citygirllife ready weekend see flash flood warning around here
3313,23102,1,serum bishop sez need get u look flight email ur work tonite
3314,20014,1,time sleep
3315,15569,1,work thinking thing working
3316,12026,0,kenzonian yes do still almost gmail storage ceiling argh forced delete stuff buy space
3317,35826,1,good morning went bed feel already morning go fast going gym soon nice day
3318,26636,1,glastowatch thehwicceman cakey getting porn one mentioned girl seem loss do
3319,5320,0,davenavarro columbus wanted say sorry missing indiana show tomorrow sad wood g
3320,12866,1,tonight last jay leno late nigt show
3321,9692,1,socialvibe facebook use myspace twitter most hardly check facebook
3322,28929,0,miss k renee saturday cool friend job different position let know town again miss u
3323,5199,0,school w linda nothing i miss
3324,7022,1,yeah one burrito taste like other avocado ranch sauce
3325,30170,1,justicejuice that s alright add egg maybe sort leftover meat bad lt
3326,25895,1,went twitter crazy last nigh p well thats happens u got nothin ta o clock da mornin
3327,1090,1,richardgiles mine pool someone elses pocket
3328,28439,0,stii no make realise doomed humanity usa
3329,15050,1,redxrojo naw idk ur talkin
3330,13988,1,jonasbrothers guy say hi answer question yesterday nice song
3331,336,0,mona aw headed to cancelled trip aussie
3332,1407,1,physical coo know lettin steam
3333,15962,0,lt ha internet weekend
3334,20324,1,rove heyy
3335,12402,0,it s romantic novel cried end i m going bed i m tired
3336,2632,0,guess talking orlando magic whoiskenan nothing magical
3337,25713,1,chriscuzzy way it may take get since coming u fun last night
3338,25363,1,good morning tweeps wishing great day
3339,31492,1,terrencej wanna join twit club
3340,30660,1,chiefeditorsau thanks follow
3341,4384,1,moniqhar heeeeey abandoned twitter momma dot
3342,22532,0,hungry going eat catch guy later amp people hurt sardonic quote waiting hit back
3343,20055,1,goin bed
3344,9076,0,dan been child miss you msned day
3345,14069,1,glasgirl sallyslytherin amason seems think hamburger a go go get till october well now
3346,27481,1,helping dad decorate bedroom time shower
3347,35109,1,put there adidas josh denyer xoxoxoxoxoxo
3348,11067,0,slambooutchea day
3349,36093,1,treat mom s like queen s cuz
3350,22348,1,microsoft announced window release candidate download available tomorrow
3351,1876,1,going work soon
3352,6022,1,gee totally hatin like real mean like duh studied enough need refreshing tonite hard
3353,27005,1,getting morning coffee heading class
3354,18607,0,cant believe er
3355,20987,1,therami well managed go sleep another couple hour wake still snoozing
3356,20429,1,ben grubb sweet friend kevin joining u but look girl carrying backpack amp boulder pad
3357,36468,0,swine flu temperature screening feel like criminal cold
3358,36512,1,solangeknowles www youtube com watch v ftuvxmrn
3359,13496,0,demi super girl like french fan
3360,17687,1,drness bf time omw class new kaggra
3361,118,1,feel deflated ugh dog
3362,16917,0,uh finally home completely wiped
3363,29796,1,carmen believer know that s ok thanks
3364,23959,1,publicvoid dk problem
3365,4840,1,way disneyland without retsi
3366,4489,0,macmuso hobart sorry
3367,725,0,can t sleep darn frustrating
3368,13219,1,paganvixen kid tom baker peter davison much torn two tennant amazing miss him
3369,29893,1,thedcsportspage that s told him
3370,30890,1,working layout page prom dress almost done
3371,18296,1,think it get state probably still touring home dammit
3372,11596,0,follow mzthave cause really shop there even though showin love
3373,19487,1,bout hit pmark make one final meal wit housemate
3374,30046,0,creative party me myself moi
3375,19428,0,mssbxny artery tomorrow hagen daz
3376,8315,0,went really well vid didnt work im sad
3377,39471,1,firequinito all smb possession sec remaining
3378,11139,0,man fucked test playing cod day till summer
3379,7642,0,zarigee got mcdonalds surpisingly popular drunk food option suck diner hr anymore
3380,15179,0,can t believe leaving place tomorrow
3381,627,1,baby recieving vaccine
3382,15104,1,angelinexo hiatus like really long boo
3383,35309,1,dawnrichard dawwwwwwwwwwwwn hit u back told u y so please read it pray u decide
3384,36790,1,pinksage quot thank god go gay me quot
3385,18592,1,one time going self awareness ask one principle mourner wake doing
3386,10617,1,iamdiddy well not spur
3387,19241,0,wita still think unfair infamous pc
3388,23220,1,maverickny thank you
3389,26850,1,michelleblanc busy chained laptop webcom wed afternoon likely yul blog see there
3390,8812,1,work till
3391,15154,1,coffeeplus last two know going weepies
3392,6253,0,listening mendeed discog again still think disbanding loss metal
3393,15584,1,lucky lucky friend nickleback concert atm wish
3394,6717,0,think unfair miss sun place work closed writing essay allowed sunny
3395,11707,0,zwriter missing qualifying think david reutimann leading
3396,25758,1,hmmmm wonder number
3397,24009,1,sorchasilver yum thanks getting dressed waiting washing finish hang up text set
3398,12457,0,fell holdin kale hand today i hurt foot amp bruised forehead im klutz
3399,18618,1,can t find tom price tweeterwall
3400,12672,1,good night have get early tomorrow
3401,20062,1,watching office also comedy gold
3402,7850,0,grimestopper loss client lost job too hope quote later today turn work drowned sorrow w huge h
3403,21385,1,hectorbrossi one actually composite film want real rain also let know go
3404,9595,0,damn paid like first slightly stoopid show charge pop make sad
3405,30790,1,got updated ipod
3406,3009,1,got day painting
3407,18414,0,quot monarchy quot gonna bleed u dry nothing slave pig d c reconize country anymore
3408,38015,0,ficklampa hehe option advertising world mess might future time yes lï¿½get dï¿½g
3409,19535,0,twitter eat dm s happy
3410,20247,1,terricook oh hi terri good you good gossip
3411,5764,1,lambdacalculus hn meetup thought going decided bail last second
3412,24716,1,amylovesjb mayyyybe
3413,21856,1,indiekuri tell u
3414,8948,0,one love brittany forgot flower
3415,10199,0,tatrtalk wanted to sadly work today normally work friday either
3416,27373,1,didactylos yes please check position location map added http bit ly ttvn
3417,32218,1,saw wolverine last night
3418,39031,1,everyonesmad pretty least think need catch sleep soon though
3419,8425,0,orion girl ooc sorry keep missing other
3420,10771,1,arisinterlude damn gonna follow son
3421,2535,1,tummy bug lame got hour sleep that
3422,26616,0,computer slooowww morning think sign go home play yard
3423,39659,0,dans public transport decided everything north london that s utter crap southern train alright
3424,37558,1,galaxykaren hiyahh karen always listnin show morning tweet backk
3425,7955,0,slow get tix
3426,10741,0,painful sound world cry someone love what s worse can t even hold say sorry
3427,10135,0,impala guy hello iï¿½m back hope happens occasionally wednesday
3428,8739,1,http survivingtheworld net lesson html lt lt chose wrong career
3429,1555,1,philcampbell blue sky where still grey hazy window
3430,228,0,fairyfroggie yeah i m sad quot ravenclaw quot account love account bit
3431,4832,0,seanlights nooooo dont dare lol im gonna cry lt hair
3432,11212,0,assfuck quot i m sorry quot roll okay gave in sucker http twitpic com xt
3433,15292,0,mid shift awful im counting time
3434,15009,1,damn everyones nappin beach wake half crew ko d lol aww wish cuddy buddy tho
3435,15309,1,miniatus wish could
3436,33045,1,sittting seat watching tyra show
3437,18042,1,cyan gotta leave early again like
3438,38072,1,johnjcampbell wine
3439,33080,1,spending mother s day mom
3440,12841,1,am hubby s alarm song playing quot blame alcohol quot course get back sleep cause thinking joe cruise
3441,18765,1,hey guy working need worry tooo many follower tho
3442,11392,0,wanna see mama called back yet mama mama
3443,12224,0,bored need friend
3444,22636,0,fudgecrumpet saw deforestation so surprised bad back mrsfudgecrumpet moan back you lol
3445,38467,1,ivanaf oh would riveting tv trip break room coffee toothpick eye keep open
3446,10423,0,innonate juliaxgulia can t figure reply tumblr sorry get nyc can t go event b
3447,14153,0,lilyroseallen yes there many cool thing american cannot watch
3448,13503,0,wish camping loch lomond right stupid work film watch
3449,14321,0,yourboogiegirl dude same hurt
3450,19851,1,picture wont come keep saying thats nice picture it
3451,19481,0,wesleyadamquinn missed chicago show boo me
3452,163,0,miss puppy
3453,21806,0,denvy oh whoop bad
3454,8286,1,katiejonesy game doesn t
3455,23168,1,saving till hk
3456,23058,1,http twitter com djc yana yeah haha why
3457,828,0,nd written fuck get less idea every day every day
3458,38627,1,eimajuno hey sorry absolutely understandable poking little
3459,8200,1,emclev yeah imagine nice much longer shift
3460,31250,1,one taken earlier week http twitpic com wb
3461,16151,0,mitchelmusso sad got money phone ahh well lly mitchel xx
3462,25065,1,michaelmagical definitely pray bath thanks
3463,5383,1,jonraff jus spoke lawyer blow trial to
3464,25473,1,markismusing always appreciate quot musing quot
3465,20826,1,justinmgaston haha sometimes mobile make u slave advantage too
3466,22890,1,jofarnold aha that s you meaning take look look cool could get pool
3467,2379,1,ac lol academy ish haha really really miss o b
3468,38470,0,emo moment many tear love family sorors
3469,19278,0,miss tugger misto last night amazing lt close
3470,13605,0,therankinfiles fair asking mktg cd s etc suggested never even emailed back
3471,5901,0,thought going fun day
3472,18631,0,therealgiftednj yeah
3473,33552,1,ioeides hello you welcome twitterverse
3474,13037,1,exam stressful
3475,2966,1,lucalexa thanks scared dentist look like going get go
3476,4880,0,drop girl got heart sure leave broke bleeding know turn back you lo
3477,23701,1,fotowala wow joined photography scene pretty recently large format make even interesting
3478,14873,0,need sleep can t
3479,12626,0,sitting watching britain s got f talent watched small girl cry sad
3480,3356,0,gleeding need tickettttt gah ya got there reason listened dear elliott week overdue
3481,12278,1,job searching
3482,12994,0,hate watchn thing make sad n wana cry
3483,23046,1,reading magazine
3484,3554,0,made dentist appointment th june feel sick nervous already however ibprofen paracetemol codeine friend sigh
3485,38683,1,xbbyfacx am you
3486,32542,1,star trek imax kojikun seastar brian george
3487,30542,1,mariahcarey feel sorry nail lol feel fine thank
3488,18915,1,sitting bed weekend
3489,32638,1,getting follower look ashton
3490,14856,1,pisces cool wish could av gone da live couldnt
3491,1497,1,fasnnurmind ima goodgirl takin advantage
3492,14391,1,charlyblue could barely choke
3493,24656,1,morning twitter
3494,12942,1,everyone sing playback comet
3495,18290,1,want go see
3496,21438,1,going beach today
3497,12353,1,way home tonight saw newspaper headline susan boyle quits surely true
3498,12796,0,plan evening dinner shopping dress shirt watching up going bed plan saturday funeral friend
3499,35472,1,jayrock thnx babe call u finish it
3500,2475,1,inrsoul can t buy rent
3501,16684,0,liddesigns oh no sorry hear abt firefox crashing you
3502,36230,1,drhorrible http twitpic com wja damn felicia freakin cute
3503,6011,1,nerdatcooltable what s name mixtape mixtape connect moved texas gotta find new guy
3504,31181,1,shepardsfaith shall annoyingly tweet tomorrow
3505,8307,0,chrisefs tryed day werent giving using
3506,2531,0,phone passed away yesterday jumped table searching new phone
3507,13531,1,want iphone lt
3508,20811,1,davidarchie finished eating
3509,28254,1,maternalspark raise hand oh oh too caffeine
3510,864,0,sisser moving tomorrow make sad actually guess technically couple hour since already friday
3511,21804,0,mobileech looking new sm sending solution http promotion itagg com get ï¿½ free sm every itagg
3512,14325,0,doh rush get puma open got pulled over sad
3513,16601,0,head cold
3514,4662,1,shopbatty may email tech support ppl that s odd
3515,8157,0,crystaaale wtf kinda best friend i still met hubby depresses
3516,5531,0,mall worked turned depressing place
3517,23517,1,hugh masekela pix online contern t pix review http clada lu gt coming next naturally concert evening
3518,24916,0,st period hate class can t wait home b happiest person world wen home
3519,38869,1,woke longest sleep month so nice get work done prepped next wk amp free k coming home tonight
3520,425,0,joiskol room make sad
3521,35063,1,marsalkey ui arre going study
3522,9068,1,hottsnowflake never smh flat lol
3523,33318,1,livenoutlouder mother song funny wrong funny heart andysamberg
3524,17300,1,pkeith come sick one with inflamed vocal cord
3525,38517,1,israeliwine add dunkin donut menu too
3526,1123,0,brookeleeadams hang there health priority right now hate seeing good people get mistreated genuinely sorry
3527,13143,1,weblogamo kardam ama moteasefane baz postesh kootah shod albate khob chizi nadashtam ke begam
3528,1750,0,pretty cold outside today got another exam
3529,1593,1,barackokitty ur right dont reason early im sure niece room hr botherin
3530,17667,0,missed play
3531,21891,1,open thing
3532,4458,1,andrewgreer
3533,32095,1,christianivan try hard draw blank
3534,37708,1,mm cold shadow anyway ooh monday
3535,34923,1,omgoodness need sleep
3536,35233,0,solangeknowles proud solange
3537,4757,0,im gonna fail test miserably history
3538,5627,0,back killing me stupid softball
3539,22583,1,php website upgrade hell bank holiday how s planning
3540,23132,1,iamjonathancook must go strawberry field
3541,18518,0,lost work nt happy right sloanster
3542,14979,0,madison that s get abandoning u miss you
3543,8517,0,spencerkeasey yeah suck working nano take music off sad
3544,15975,1,jessdubb u would put work
3545,27245,1,kinda nice break wont matter soon grad school
3546,19026,1,robpattznews youtube outside u can t see
3547,28782,1,justjayde make sure ur plantin next water soil
3548,21456,1,rosehwang thanks
3549,13546,0,class next two day but work everyday today til next wednesday sad
3550,19110,1,im lonely werkin
3551,11014,1,realaudreykitch awh there
3552,32260,1,final tuesday thursday home friday
3553,12574,1,im away comp ill back later
3554,17376,1,can t on sugar mountain or people tell me
3555,31283,0,theclairemarie can t studying fail come over make u tortellini chicken chicken salad
3556,520,1,miss cheryl lucky want teleport
3557,27612,1,held sea urchin b starfish n screamed
3558,27374,1,thecr think s related size depend structure system hard relay tweet worth blogging good question
3559,32806,0,tired really exciting saturday oh well hope better tomorrow
3560,30316,1,dosjon nope year since happened like this
3561,39806,1,beepin well that s good study good
3562,33915,1,babygirlparis dont get trampled
3563,8922,0,mcfly anit age z
3564,1541,0,bad day got worse
3565,7782,0,lilivonshtupp rather go matinee work still debating whether go co going alone fun haha
3566,1045,1,anshprat yahoo map lot desire yahoo
3567,33883,1,madz xx yet would like know okay mum ask mumm hopefuly gonna tell u soon
3568,13420,1,traffic crawl i right now
3569,6167,1,deadlyx um mr deadly sir please follow twitter
3570,1917,1,doing do
3571,5403,0,iamchrismann sick stupid guy moment u make believe suck get back reality
3572,13854,1,thats it end tear fear v eric prydz dj hero http bit ly hpbg
3573,758,0,ivanae love to knw gna cut stuff tv
3574,34063,1,texting
3575,13106,0,today day leakycon awesome number wish far away
3576,25329,1,danalar yeah posted news blog yesterday
3577,27831,1,crawling back bed because
3578,13056,0,might snob friend follower ratio
3579,9954,1,bored sleepy listening music p project s
3580,9664,0,melii that s true still suck though cause quot lolol original ohshit quot so yeah thanks
3581,15324,1,kyoisorange lol always friend havent got yet im busy next weekend dunno im getting
3582,39453,1,way home
3583,17516,1,sachisstm yeah late lol
3584,30344,1,tiffany already ten minute late reading flower attic late breakfast starbucks listening waking vega
3585,30905,0,beccachan happy birthday sorry blank one sister messed up
3586,10011,0,need hug joe jonas
3587,2294,1,so working news well amp rob place wonder boy never get left alone
3588,10557,0,aliasgirl exactly say hinted him seriously die true
3589,17343,0,spendin time ant gone night
3590,2721,0,damn got chili bean shirt hate messy eater lady
3591,38387,1,hubby arrived getting ready ranchero s
3592,1180,1,jay leno one show left host tonight show
3593,11795,1,going get blood taken
3594,10657,0,rckstar gotta that sad
3595,8605,1,damn people contain gluten cant cannibal
3596,16845,1,mitchelmusso wish could speak im uk im working
3597,15721,0,thewbdotcom sadly can t view site due region restriction
3598,17810,0,guess relaxing dinner movie tonight i looking forward day work
3599,31228,1,way past bed time gonna catch sum snl
3600,31663,1,downloading apps iphone
3601,12690,0,kezzawezz want dinna hink get shown elgin n got nae go with n
3602,14348,1,another long day hallmark
3603,14850,1,grouptweet great service find time lag time posting appearance twitter small downer
3604,16376,0,ahhhhhh software downloaded can t get install file work
3605,23280,1,darklord even bc drove ass chandler getting home hour half later lol
3606,8813,1,dï¿½jï¿½ vu changing gq outfit
3607,33186,1,hanging
3608,26034,0,decide time something devil always counteract frustrating discouraging
3609,1529,0,depechemode concert next week cancelled alternative date known yet dave gahan tumor
3610,6110,0,well thats then exam failed bsc gone
3611,12237,0,hummmmm ohh miss much realy hope nice friend like u
3612,8456,1,galia ouch applied ec summer graduation then hug
3613,2251,0,theerealfdhc sorry hear man bullshit cant reach now heart go family
3614,16796,1,craving coffee
3615,14605,0,oh storming gotta get computer
3616,36954,1,www youtube com user sammyandchellishow video soon
3617,10314,0,missed tapulous giving away ttc code
3618,171,0,heresmyhello hate change course fan life lt oh met rob something went horribly wrong
3619,13953,1,jonasbrothers d movie amazing little short wanted more
3620,5455,1,presentation finished busted ankle stupido model broke catwalk twice fell hole beautiful bottle green mary janes
3621,25590,1,sethsimonds get as door go work goin goin
3622,16908,1,queen losing thing important thing like keycard bus pass
3623,21898,1,good morning lady gent going awesome day quot even though weather terrible quot
3624,25362,1,hot see u bye see u love hot
3625,533,0,miss little batty month old got sick always fun full life lt even end
3626,36291,1,twiztidrose digging twitter picture
3627,8158,0,room empty
3628,13556,1,get music start playing i clicked quot home quot
3629,23894,1,min buy new bed
3630,18963,0,rvds dammit wanted ask someone might shooting cant remember name
3631,8924,1,s hair fire right now ewww smell
3632,20993,1,cherrythegreat problem definitely bring gelli
3633,918,0,http twitpic com b miss bestfriend left school
3634,12520,0,oh really tired migraine endometriosis amp fibromyalgia amp migraine amp sleep probs compoundin ea since surgery
3635,14651,1,wanna make new vlog update tomorrow homework well
3636,8734,0,hr say ca taking tax check
3637,5287,1,wish blog working properly great followfriday blog post wanted showcase
3638,17075,1,mileyisamazing take tylenol advil whatever one never get headache dont know better
3639,32459,1,dastasia everyone say
3640,8244,0,mrsucre lmao sure did luck though
3641,23245,1,woke bank holiday monday college got text tom via jason s mobile earlier today hoping turned up
3642,6966,0,leg hurting standing day
3643,6095,1,azboricua no bug coding go forum reg let know work
3644,23266,1,french teacher one hour left til school end
3645,17546,1,night twitterland x five hour sigh
3646,24053,1,hubermanuela hey girl what s up r u gonna today
3647,2700,1,sudden craving broccoli cheese soup really bad mouth watering envisioning bread bowl head
3648,10142,1,red rock lunch colin jkearl euphor come ipa junior freshly made yum yum yum
3649,12603,1,seogoddess thanks check out staying thursday night though
3650,150,0,last day working uni today sad time
3651,7686,0,gym day hoping enjoy last friday twenty
3652,31776,1,bouvierb day trending topic ahh happy birthday pierre bouvier
3653,2009,0,also hit chin something fell hurt ugh work gonna suck
3654,21335,1,wear lot white http tinyurl com dlbltg
3655,30341,1,anix bought cheesecake ice cream last week thinking good sucked much taking yours
3656,20674,0,hot please short stakc competition
3657,3468,0,sitting alone quiet house
3658,26266,1,seanpercival keep mind decide add la leg westt coast stint june
3659,13924,1,smashingpumpkin http twitpic com h
3660,21634,1,taryll sweet dream
3661,928,0,lyrically me would me
3662,10543,0,tahninial nothing make up last time checked jar curry sauce pepper inside disappointed
3663,9934,1,meg la mania mask whoooops
3664,28147,1,janitorusrex would fun date steve o
3665,10132,0,melissa leah car wont start
3666,7404,1,exhausted new song quot one day quot myspace check http www myspace com tannajoy
3667,19682,0,sunmess performing lifeball vienna year unfortunately get chance see her
3668,34012,1,great photoshoot today chris ryan rolling stone keegan smith amp fam may opening dave matthew s band summer eek
3669,14340,1,firefox taking upwards k memory time restart ff
3670,38474,1,b tifullytragic london last night give hour amp sure appear
3671,1258,1,going wake dear friend marlito sy tonight novaliches
3672,12869,0,home sore knee
3673,24889,1,newy shortstack yeah go going second one aswell
3674,31102,1,shootthehole welly s pinball wizard canuck
3675,23499,1,ethyl deadgirl hard stare
3676,13776,0,already miss mohawk
3677,28815,1,tararizing make happy hear girl talk tweet nba but could give nugget love
3678,5980,0,ordered new computer unfortunately get end june
3679,10173,1,abelpetsupply lol trialing for part florida trial come screeching halt summer fun weekend
3680,15573,1,labrys nope neither lady today
3681,34707,1,green i girl that s twitterbff
3682,854,0,katiefreeze miss you lonely empty without you http yfrog com ozxoj
3683,822,0,annnnnnddd another one bite dust
3684,10786,1,andyman me
3685,4971,1,robbiebarnes hmmm offer tesco well think wee one next stock them
3686,7443,1,wanna something tonight work dunno what
3687,29968,1,juan kinda guy kid growing around science guy grew around politics
3688,323,0,omg keep losing follower sad want one day thats goal d
3689,34424,1,hellosawah dang want beach late night that s best sound wave breeze hope well
3690,10484,1,ogberry cold amp raining inglewood
3691,22581,0,well glorious weekend bloody raining nice bh order then
3692,26984,1,cwbtoad thanks bro
3693,8117,0,o k feel like need cry can t believe less year ill walking across stage get high school diploma
3694,29593,1,jenniferdodd show discretion occasionally
3695,9659,0,saniyyah quot my house quot i like club wnt whn la u know going that s tuesday i can t
3696,4427,1,sleep while still mourning adobo cooked http plurk com p xgf
3697,28917,1,chatting w calyx
3698,3117,1,docbaty ow
3699,27920,1,ra ra alone i need coffee too
3700,24308,0,iï¿½m boring bad weather today watchingn alias fun boyfriend
3701,1676,0,good start day left money home hot day looking free carparks
3702,7457,1,curse firewall proxy server restriction trixie wait get home
3703,19341,0,feelin depressed miss soo damn fcking much besties i wish wouldnt left yt
3704,1550,0,meikah hala know one shame me
3705,8594,1,babyblueonline awww thatss well sad x
3706,11149,0,beautiful night im stuck inside feelin ill instead crazzzzzzzy as party
3707,28297,1,dj little while tune want www soompiradio com soompi
3708,13760,1,wearebrave
3709,27038,1,getting ready school hopfully today good day
3710,7690,1,andshehopes bout david wallace
3711,37954,1,it good miss flora
3712,9350,0,stargirlreads cantttt grandparent here
3713,9882,1,stefathena maybe go one day thanks swined
3714,35546,1,playin didgeridoo living room thinking world going by lovely life fb
3715,2483,1,eljmcfly done much them brazilian ha meh think love country uk
3716,34546,1,http twitter com cruisemaniac status quot shadez requires python yeah tweeted yesterday dont install
3717,37968,0,ohaigabriella hate it english day everyday
3718,8446,1,stressed fro work drink
3719,20875,1,kellylabanco makeup year long tyra stole away u
3720,34505,1,whats new xtine got hair done today waiting jerry work noon tomorrow currently reading quot he s you quot
3721,23281,0,waaaa ran machine problem yeah
3722,5887,1,tired n want sleep bed
3723,503,1,busygod pgpm student where pgpm student year back wish could stay one
3724,9389,1,right anyone know episode bone showing sky tonight pm programme synopsis available box
3725,33208,1,free twitter tool get follower http short to q http jijr com hulz http short to r http ve org xpg
3726,8945,1,justlikeanovel aw could played penis game morning nobody else wanted play
3727,24726,1,lisa sue li natï¿½rlich
3728,5442,0,need get life together aka apartment cleaned back birthday
3729,5394,1,plane ticket uk everywhere europe beyond cheap for june oct there s gig near future announced yet
3730,1879,1,hot today must weekday
3731,12394,0,german think able go germany free whenever want plz
3732,15196,0,petronella really want shish kebab going settle toast
3733,894,1,regent lord aww youtubed it
3734,16753,0,jaidenkhat sadface
3735,2711,1,kelantan good sort of home pi m guilt stricken turtle egg really again really
3736,27457,1,http twitpic com jjy paulamackay anotherjulia morning view back deck
3737,15785,0,can t fucking concentrate damn heat cooler job
3738,21736,1,ctreit hmmm maybe that s meant eluded something brand new know medium
3739,11338,1,agent m ah knowing microsoft could probby it would want charge way much extra
3740,13012,0,hardcore damn frat that s bad good show at least hoping so esp since bk
3741,9270,1,ropiko also tired
3742,23557,1,going offline buhbye twit
3743,509,1,awwww never noticed http bit ly rconp
3744,34213,1,jennafurbee definitely easier way saying it yes
3745,38912,1,thewinevault thanks seriuosly back plan
3746,17019,0,im mad cuz cant get picture work
3747,18286,0,got work late lame busy day
3748,28598,1,listening black eyed pea
3749,8350,1,heartintherain yeah come barcelona fan concert come barcelona jessi te quiero
3750,6634,1,inflight suck mama
3751,39488,1,marysarahmusic hey mary twitter karishmaa luvv youu
3752,20361,1,psymon spark heheh odd though thought couple others done better
3753,895,0,wondering come mcdonalds take long deliver food
3754,17301,0,keeganfrank want here
3755,27427,1,go get fresh air refresh mind
3756,38033,1,hypnophil good morning
3757,26659,1,must time month watering eye again http tinyurl com cuwjb speciaal voor marianneh zo vind ik ze wï¿½l leuk
3758,38518,1,collect tv acquired freecycle
3759,18690,1,xxigetwet sher good quite people even get see due court rushing see fam
3760,30760,1,halu dinner second time week
3761,30383,1,redcaphifi ahhhh wonderful track adaptor
3762,13886,0,nova caine saw it made sad
3763,9824,0,shoe me
3764,11569,0,eujean yeah
3765,3112,0,wow serious hard time sleeping decongestant keeping wide awake wanna sleep
3766,22944,1,alittlelesskaty hey u like fob follow me luv talk more looking frineds follower ellen
3767,36660,1,cheeseburger
3768,37664,1,sleep sound good right
3769,3396,1,wish go two different school time
3770,9066,1,mischievousmel please send youtube link erin watched cooking get see cowboy
3771,19769,0,mlpband heart broke little little mean lot
3772,10501,1,danyelle elaine lol see ya twitts tha time n didnt get one till right lol u never get mine damn twitta
3773,11949,0,wish outside thats thing thats gonna kill work day everyday summer
3774,29331,1,gabbylucio say look like demi hahaha yessss august nd blast
3775,33083,0,hit sheet
3776,34267,1,zanelle welcome
3777,28927,1,taking local art
3778,19653,0,tymrichardson movie tym sad cry non stop
3779,6205,1,wave would trend higher bing
3780,37153,1,teachereeya too
3781,10427,1,saying goodbye car next week gonna miss it going come back beautiful though
3782,9031,1,want rain go away much lately
3783,18952,1,dreading weekend every minute coursework done week learning page french speaking
3784,39510,1,popstop yeahhhh
3785,5929,0,feel like shit
3786,23027,1,pandemicz yes
3787,15983,0,observation aside riverwalk pretty much cute girl downtown sa
3788,14290,1,lipzsjuicy shower sorrrrrryyy
3789,8997,0,sad tea oatmeal cold
3790,27887,1,yes going today
3791,29883,1,capemaybooks woofer knew
3792,7750,0,holmescnn oh realize well already work today still car ask
3793,2830,0,rawrgoesaimee ah bibisita ka kina gq bukas sasama ka sa rusher eb able visit jumpstart tom coz something
3794,18152,0,need speak sofiedeville left phone home
3795,10190,0,sick happy th amanda
3796,1166,1,remember text twitter get list command halp
3797,2787,1,tarale dinner appointment tonight
3798,28369,1,checkin twitter out
3799,34860,1,clevert thought so text later week catch open link sent via email yet heh
3800,35462,1,rainbowmonkeys even question when when question
3801,6413,1,stepherann if see christoph please tell lunch packed morning left fridge
3802,38363,0,oh obviously back stupid sleep schedule luckily church tomorrow
3803,17254,0,charlieks tonita face emmaleeks nana wish last night
3804,34607,1,ninjapants see
3805,39982,1,hey guy something ask ask okay accept critic comment thanks guy
3806,38218,1,henriok really install o x harddrive get boot school imacs
3807,1999,1,got greatscores exam yeaps
3808,30065,1,davemark welcome last two year flyer fan
3809,387,1,deedubau hahaha know anyone anything except power lol live bubble
3810,38699,1,loisheilig welcome picked slack last day turn get it
3811,8287,1,aw toy story coming next year
3812,10672,1,trying open docx file virtual system dryer office
3813,24396,1,ah good idea library seems work thats obviously
3814,25584,1,keza ta babe know love curried
3815,7307,0,sexxieluv dang just far away i darn dream
3816,9601,1,got three grade far math gt b acctb gt a bio gt a good time had sad math grade though
3817,6214,1,tommcfly philippine tour please please please
3818,26215,1,way work late usual
3819,15932,0,every saturday till work suck friday monday july th either
3820,32858,1,ladylove boring talking to lol homo
3821,36716,0,scene slut am always shit
3822,37804,0,mmmm ham yummy hat hair stupid deli
3823,14109,1,hve fat kink neck maybe someone handsome massage later see
3824,15793,0,valerierenee bad day
3825,12110,0,mower shopping
3826,15872,0,empirebetty well tell marry like maybe that s stuck situation like
3827,11460,0,sosip oooh i wish could ve gone today too know zach looking forward it
3828,10186,0,melissapan awe yeah fun revising others get distracted easier gt lt yeah tired revising history
3829,21866,1,nicolerichie watched persepolis broken english also nice sunday
3830,17950,0,aw one fishies died
3831,36540,1,keitaeden sent u dm s hollaback
3832,6508,0,cbobcreson silatjunkie so kfrieze pointed able involved convo lack iphone
3833,38313,0,queetsss thanks babe guess find right person one day til better alone
3834,6063,0,freesat s coverage sky dish really really bad moment block place really annoying
3835,36406,1,hey girlie doing thamissus
3836,3575,1,quwanaisnotmynm davey
3837,10513,0,promised eat crisp im starving there nothing else quick eat
3838,21730,1,moniqueconheady say hi kimba
3839,35503,1,limeice fern n petal fnp in help accomplish task
3840,13207,1,wizzlewolf said patchouli incense burning now i love patchouli dh can t stand it none
3841,14659,1,berlyanne lol rub
3842,2878,1,hannahdevonne follow know one send it p dont get hope may sen
3843,17448,0,getting ready leave girl scout metting don t feel like
3844,20063,0,shaundiviney u point pointing yesterday ppl wait til midnight kinda pissed
3845,33849,1,shaevvv
3846,10100,0,tessonfire feel almost empty inside today good feeling
3847,32370,1,bia love nkotb yup a always wonder v ever come back earth getting kinda comfy
3848,12186,1,heard good vibration thought charlie dying lost
3849,25973,0,getting play golf kickin leadership team i feeling r gonna kick golf course
3850,17678,0,suewaters sorry failed grasp meaning
3851,4501,1,whahhh noo
3852,27802,1,andreashale lol nah swine flu bro lmao what s ur schedule like week need catch up
3853,12936,0,back laaandan miss already check new giant purple bow gold wing necklace lt td http tinyurl com mymw
3854,516,0,missing deeply
3855,17139,0,well guess heading la weekend doubt get go p blog meet greet
3856,10991,0,msteagan sadly cannot listen sob
3857,21265,1,yay joss coming saturday
3858,12639,1,unscriptable yes upgraded consumption rate
3859,30801,1,talindab http twitpic com w guy look nice
3860,1688,1,bronwen jjprojects might missed latest experiment know blog many word day http tinyurl com netwc
3861,13526,1,finishing last friday olive crest
3862,1445,1,fml still awake melatonin working
3863,13035,0,home chocolate peanut butter stupid kid bus ruined yearbook
3864,21572,1,zekemurphy webmail friend
3865,14307,1,thundershower plus baseball equal awwww
3866,13011,0,sound input computer stop working mic jack usb webcam mic work either checked input control
3867,7035,0,tummy ache probably helped eating that many tic tacs
3868,8331,1,nick carter video set private
3869,13907,1,hauntyou umm ok just start cat fire promise
3870,3344,1,blue cupcake sometimes plugging fix problem
3871,7414,0,reaaally need
3872,6876,0,second year
3873,23826,1,loisheilig always told kid see hear everything mind manor guess proved him
3874,664,1,emlevins
3875,33643,1,post unclerush
3876,513,1,first impression silverlight sadly based saw today quite problematic
3877,34925,1,think may broken nose show
3878,15078,1,zyber twitter
3879,13121,1,work
3880,19109,0,already missing biddy bop home mom s night watching little bro getting rest birthday party tomorrow d
3881,10667,0,gonna go brother show still feeling like poo
3882,14756,0,went dentist mouth hurt can t eat
3883,12469,0,feeling bad daisy cry every episode watch waaaaay much tv
3884,13259,0,shanedawson sadly live scotland though shane lt
3885,7360,1,abbybradz sure think revision effort need s monday
3886,7388,1,theolsens aww that s sad miss seeing guy big screen
3887,17570,1,foxyoxymoron would have supertarget any
3888,6408,0,workout stunk no headphone
3889,21967,1,lewisbostock much know coming thursday right door sale
3890,2596,0,man starting rain real hard
3891,7359,0,bloody exam next week
3892,7169,0,mousegoessqueak ahhhh same geometry like said b it would graduated feel ur pain hun
3893,9004,1,nigganelle yeah feel anything all remembered looking loopt phone nigga coughin
3894,29318,1,brother phone using internet
3895,21853,1,kusasi lol tweet amp eat multi tasking woman see ha ha enjoy moment
3896,33048,1,ha totally posting update am it lightning outside pretty
3897,6465,0,novemberlight sometimes fail
3898,35696,1,blue raven oh skeptical too think best thing could said circumstance
3899,13261,0,wish laying sand listening wave crash shore
3900,17870,0,ugh back killing me
3901,3199,1,lost vocie adele laughing lol still wondering college week
3902,24119,1,school used concert tonight
3903,13644,0,brianna love aw goanna get see tonight co leave tot s early go missy s bday party pullin double haha
3904,8571,0,going work one suck miss happy hour sonic
3905,38077,1,wrong azuril earlybird suck http tinyurl com pmdp
3906,15337,0,can t go movie today
3907,26334,1,bernadeth oic cavite sorry im america see profile there s word like america
3908,26254,0,good morning http blip fm jnl
3909,32054,1,mahhsaayyy well gracias haha that play
3910,12521,1,babysitting kid let play wii
3911,14600,1,completely exhausted thanks yesterday go home yet
3912,37704,1,enjoy silence
3913,22246,1,leaving work minute go broompark see new flat lunch mandy dad
3914,23847,1,good morning
3915,7006,0,miss old ha ha can t tell person s name
3916,14369,0,yep lost bet chris
3917,8285,1,statisticsio no why
3918,34066,1,want friday come quick want beauty sleep shopping
3919,3039,0,crazy night lost key walked home missed papi s call swizzy sad
3920,32296,1,goodknight twitterland happy mother s day blockhead momma wonderful day
3921,12088,0,lost internet raid o
3922,11785,1,sampan haha ooh gorgeous it whole weekend follow ouch i blister shoe yesterday
3923,25387,1,babygirlparis ten buck say know going think is let know boulder still beach
3924,31265,0,melissa paige amen clearly know you able say that wonderful get too though suck
3925,22029,1,editing picture
3926,14107,1,mitchelmusso guess get load email amp people asking stuff al time seriously wonder ever read comment x
3927,21859,1,ojtibi hey oj want ask hooked somebody ayt now
3928,22207,1,har har swineflu everywhere http twitpic com jbo via kaihellyeah
3929,2161,0,use twitter quit life
3930,30322,1,metro achan
3931,7920,0,neeshababyyy guy retarded
3932,7968,0,happiness chinese totally disappointed food usually good fail
3933,27416,1,work church
3934,26669,1,watching live feed killer set pretty neat
3935,344,0,dont feel good all fuckkk
3936,898,1,miss nostalgia everyone please kick tushar
3937,16499,0,vautlapeine mean fam minus ahugs
3938,626,1,aright twitter fam guess ima outties gonna try n sleep horrible pain
3939,3719,1,get business coursework done today will will won t
3940,9734,1,cant follow any followfriday lol u guy follow steveraze djpooh losdigital djsmartiez djeightmile maestro rollingout djlgee
3941,5120,1,day minnie
3942,25762,1,happy belated birthday francesc fabregas wish best fabre
3943,33660,1,say late goodnight people
3944,27629,1,slhamilton thanks
3945,12130,1,ok eaten food bored death room seriously nothing do guitar taken venue
3946,19103,1,missing granpa goingo church two hard month without him
3947,30437,1,church now
3948,1299,0,erica know right
3949,30088,1,columbushort follow
3950,11264,0,think mowing lawn allowed done teenager suck well mow
3951,21201,1,urge play wow wait week til im dad day til mcfly im excited l
3952,13148,1,adamswifey yes
3953,23708,1,chuckwelch that s half solution address intrusion link sharing process thanks
3954,13186,0,igobydoc no kill spider mostly good eat bad bug make web like do smushing one
3955,36090,1,skyping katie amp allison yeah boy katies mom mooned u
3956,6372,0,jferlee see last night oh well watch theater that s must
3957,36546,1,browsing digital art tutorial like found henning s site http bit ly wjga refreshing knowledge skill
3958,11146,1,turn near perfect mini break
3959,27474,1,firefly that s nathan fillion nathanfillion
3960,35684,1,bed now
3961,469,0,headache right suck
3962,352,1,duncm bit ben s thai ed
3963,16576,1,eff blairblends get suspended
3964,1634,0,jazzy miss neice can t wait see bad n grown as lol
3965,37987,1,drhodenbaugh yes hindustan rock dude dunia mein asay koi fusion nehi milegi
3966,31467,1,msmack telling truth know skill
3967,27659,1,glowster hey dave whasup
3968,9513,0,loved one leaving sunday sad
3969,14433,0,jesusfreak probably suck you
3970,26131,1,rz hope so time tell good luck
3971,14833,0,irishjonasfan lol making feel bad coming lol
3972,19597,1,anthony y tony bring any suck
3973,211,0,moggy internet last night er brill massive explosion end nearby gas work er standby
3974,14079,0,gergtreble trailed street sheffield find pub number landline go it
3975,21307,0,sharlynnx aww thank xx
3976,3087,1,dr dinasadik forensic mein kya hai ba rat te jaao micro havin micro exam soon the lab diagnosis individual bacteria
3977,14590,1,thisisryanross ryaaaaaaaaaaaaan http bit ly snjen
3978,4764,0,good news flat great regulating temp heat bad news sodding lovely outside working
3979,15929,0,angiebeyince damn dublin
3980,39077,1,bus yay six flag
3981,17283,0,today last day high school ended going home sick stupid dead rat
3982,19435,0,heylushh haha tooooo miss havnt seen age
3983,17964,0,misterperturbed ordered replacement palm centro cuz phone got kill t wanted palm pre cant afford data plan
3984,1797,0,wrong button music biz building is
3985,27411,1,photojunkie avatarcamp photo perhaps lol just itching see them
3986,4974,0,field day gt class not winning
3987,13563,1,going settle watch sisterhood traveling pant two mar bar yum
3988,15193,0,think gonna able go see jb d concert wrong time close
3989,25109,1,got home errrr v luna hospital far
3990,127,0,miserable feel like im gona cry sux
3991,13238,0,pool fun without tim it
3992,24233,1,glad see typical bank holiday weather wise going much today yeah right
3993,14031,1,missing tampa
3994,20149,1,melissa yup they ve stopped hawaii season already talking season hope come back
3995,23859,1,guess start getting camping fishing stuff together wed amp thurs trip braunig lake
3996,12670,0,tyefighter sell guitar hero p fund splitting ex
3997,3996,1,speaking speaking
3998,766,0,cal dachshund rescue found home foster pup max soooooo sad see leave
3999,3478,1,atlumschema thank you need pas test first
4000,14643,1,still working
4001,6308,1,tommcfly dougiemcfly broken little toe vai doctor hoje vocï¿½ vai na fm quero vï¿½ lo atravï¿½s da internet got see
4002,10218,0,way get crate bella dolce sad cuz livingdeaderin going tto richmond
4003,20616,1,it claire sunny send
4004,19904,1,kes dunno like longer hair jensen
4005,28322,1,step by step leaving behind
4006,37171,1,robbymacbeath safari always work fine here problem all need love robby
4007,10971,0,karenemcg yeah sound good
4008,28009,1,faithbookjesus what s blog entry about
4009,10330,0,ok wtf something menu in window sell it wanted bubble tea
4010,35191,1,kev wangotango you lol
4011,7531,0,meerasapra seriously used spend time house
4012,6628,0,think book gone forever mourn forever shit
4013,987,0,sorry mean
4014,3107,0,pinkbunny awww thts good hun i m worst day sick
4015,5496,0,semipenguin gone restarted twetdeck wanted follow peep got posted frommy friend
4016,9188,0,waaa octo drive can t go
4017,38144,1,goebicyu rentaphone yesy
4018,14451,1,perezhilton oh said perez
4019,13710,0,everyones set quot away quot msn nobody talk
4020,1672,0,stuck shitty traffic day going crap
4021,39661,1,goibhniu yeah agree doe btw check linuxoutlaws
4022,19261,0,burnt zuccini
4023,31734,1,lilstrobe pshh thanks
4024,1984,0,drinkins suffering internet work bad site hosted russian server available
4025,16248,1,mitchelmusso call number uk really want call u know xxxxxx
4026,18786,1,really want go see script ny august one go
4027,22803,1,laurenredhead problem box made undernourished professional
4028,22664,1,spikethelobster spell ppphhhhhttttt
4029,11127,0,ugg want go kaylen house cant finna bored weekend uuurgg wanna spend da nite go see go shopping
4030,3677,0,ac fan doesnt swing way sweating hot humid day
4031,1641,1,almost case swine australia hope may still decides come visit
4032,32515,1,djsleeper u sd weekend let grab taco tomorrow somethin u free
4033,6513,0,hour now since dog put sleep rip old friend
4034,27838,1,ppatel window livewriter s accessible guess answer that
4035,26593,1,aly o uh could come visit austin make gigantic moving decision closer st louis portland
4036,12539,0,tommcfly hey tom happy enjoying brazil sad cuz goin see show
4037,16694,1,whaaay first day tomorrow go well
4038,23293,1,jeejee dat klinkt erg enthousiast
4039,8658,0,theemptynest before sometimes turn thing felt forgiving remould cut re form
4040,16830,1,seem run bit keychain issue user differs library keychains system keychain owner
4041,5687,0,zero thomas it
4042,31893,1,sharonhayes where song
4043,18169,1,djgigidred already seen jazzy know blew roof off supposed go pony party make last night
4044,1728,1,trying finish moving stuff tonight feel good
4045,16762,0,realaudreykitch seriously kill bath now shower cubicle miss bubble bath
4046,33840,1,wishing mama s organic happy mother s day
4047,12750,0,going happen one day feel girl mum
4048,29003,1,take willoughby st nelle glie old oak center big mall many place choose from
4049,1410,1,vivzy wanted change handset cover pen drive headphone place guess happening
4050,19948,1,algarcia want get dressed go to one go with mentor
4051,19290,1,http yfrog com xoxij fry bread good gave little pinch lettuce ha ha
4052,19374,1,estmay there need somewhere new
4053,7826,0,bronchitis prescription fun all miss two day row work
4054,10499,0,adam lambert version feelin good head miss idol already
4055,12760,0,sorealcru gloomy la sun nice
4056,15319,1,this matter http bit ly ssyp jealous
4057,1961,0,am foodshopping cause sick day hospital alone blow
4058,13604,0,aonir trying convince janeylicious wait bit see up well want see
4059,22203,1,taylorswift yay plan today seeing wednesday thursday
4060,37749,1,lu lu must getting old bent second thing said last couple day really turnon
4061,22108,1,grcrssl nd breakfast want food lol tweet breakfast loooooolding
4062,39437,1,rainy day getting starving dream hot tea noodle
4063,24524,1,atchoum at tweeting today gardening either bet
4064,21625,1,diilee break leg real saying p quot good luck quot
4065,23612,1,letteapplejuice heckitty forget one
4066,2207,0,nicolepenney suck going summer school need catch several unit
4067,26224,1,day almost over atlast able comment waiting new blog ted
4068,32472,1,well enough mushy family talk bed stubbornly go
4069,23688,1,souljaboytellem good night
4070,37790,1,mohdismail saya yg reply
4071,27454,1,p tell weekend
4072,24213,1,lunch mark deakin meeting prof didnt go badly
4073,8105,0,gone
4074,5203,1,officialbabyv yes got lovey him amp returned love amp thing led another amp also brittanysnow want know ur mad
4075,741,1,tense so emotional so me
4076,27755,1,playing machine actinggg
4077,9168,0,amber benson raining am wish wasn t
4078,6858,0,lesley m melted maybe square inch skin ran cold water min two iced ice melted now hurt
4079,35369,1,skipabeat anytime lol reading stuff
4080,8840,0,got caught rain outside im cold bbbrrr
4081,11495,1,got yelled helping cat neighbor
4082,1172,0,go get life sam texted phuture tonight http sgbeat com pic
4083,7155,1,also make space computer game meet minimum requirement sims moment
4084,973,0,home school shitest day today
4085,3881,0,dog got hit car front jamies house
4086,29902,1,wanna move england quot ello must go loo head caddy yes quot gahaha awesome accent
4087,8162,1,inlovewitharmy knoooooooooooow
4088,35654,1,movie popcorn time
4089,2708,1,naughtymutt explosion them late eighty odd weather instead migrating wind blew back
4090,21600,1,rachky taltalush yes secure masculinity
4091,12966,1,ate much ice cream curly fry
4092,16381,0,one bad day migraine today st since neck surgery month
4093,14902,0,heard single waiting month hear and im disappointed
4094,32322,1,mojustice heard fall waiting too
4095,23987,1,thewrongirl sololoy son amor
4096,32692,1,watching canuck
4097,20965,1,jennyltd course would
4098,8236,0,jovenatheart never follow sad lol
4099,24453,1,nin app get rejected apple reznor threatens go jailbreak always entertaining http viigo im sxb
4100,34193,1,rgambarini instrumentalist like give singer hard time vocalist s job toughest he she sick
4101,16506,1,back see missed truck fish retrorewind
4102,32493,1,dpocza hope take offer one day
4103,3318,0,kinoflyhigh fuck shouldnt left
4104,21715,1,emmanuelgadenne maybe think spending christmas
4105,18830,0,ev trying really hard hate you
4106,16370,1,heatwave cool never heard ny http myloc me uf
4107,20274,1,mattro heh meant difference b b
4108,26838,1,middle irish sea absent elk brother newcastle come love newcastle
4109,6543,0,gu formally known world s ugliest dog died miss you gu http bit ly exjcn
4110,1837,1,brownie sundae five dumpster blood bros itunes palm reader closed fun anyway
4111,15938,0,think perfect weather go camping cuddle dave star sleep
4112,16621,1,need blackberry
4113,25698,1,dont look toe put shoe on painted big toe
4114,5104,0,okay lied meant time next week sooo much longer miss mommy
4115,4297,1,gen casey u ready fight war north korea http tinyurl com nehqpb uh oh war pig getting excited
4116,11154,0,staceyi awww missed twitpic
4117,12729,0,ugh dunno im best mood know allergy meh
4118,7636,1,school bored wanting go home
4119,14394,0,really cant take this
4120,13234,1,dam wish celebs could frikken follow baaaaaaaaaaackkkkkkkk
4121,38922,1,playing logical gate game charles http tinyurl com jwjmy charles took less mn make light bulb flicker
4122,10425,1,listening busted am miss
4123,36202,1,mobiusrecords yeah ok probably happen too
4124,7527,1,saw pony used live front house again developed cushing s disease tho
4125,20946,0,orangeflowers run earl grey lemon tea instead whb
4126,32939,1,finished watching star trek imax could ve watched night live long prosper
4127,39899,1,going go get food
4128,22173,0,saikatblogger wow effect thanks update
4129,12912,1,ii working really want geordanos thin crust cheese black olive peperoni mushroom pizza
4130,488,0,work tom
4131,3623,0,zachsang nina picked call lastnight didnt know talking like totally didnt answerr
4132,36964,1,sm bacoor wahaha may wifi toinks new hair wiih short short http plurk com p sveoi
4133,18062,1,guess take nap
4134,8363,1,marleematlin book signing go lived would ve came
4135,6877,0,frank urquidez miss u
4136,35473,1,keirajonas later fine youmissed joe bebo online x
4137,3635,0,got three shot today can t lift arm
4138,9545,1,sharkshocky hi california cool budapest hungary cold cloudy today usually hot summer
4139,13049,0,likewise buttahbrown better ask appreciate neglecting sir fresh
4140,18479,0,can t find trusty hair tie hair spill place run mom s band work me normal one hurt
4141,27683,1,vitalstatistiks since travel quite often use online travel site would love feedback ixigo com
4142,18757,1,waiting pizza work damn go tip
4143,3021,0,brighter note still work friday working people problem oh man eating pizza tonight hoorah
4144,16546,0,new guitar hero metallica guitar already broken fail
4145,15379,0,envyamor sad missed guy last night
4146,13558,0,http bit ly gqdbd one saddest song ever heard
4147,21172,1,tommcfly saw costa st pancras didnt much time drink there next time try
4148,29236,1,amirahm wear mine too
4149,25543,1,done reading book magnonotes na ako sa mga kailangang imemorize http plurk com p rqhn
4150,29575,1,eier von abe idea white weird bad
4151,3503,1,tired hearing story everybody going ibiza
4152,6785,1,templon personally know many people agency could built site like pres candidate buying honda
4153,3802,1,think crow took one baby bird garden today know nature still like it
4154,38883,1,sanctuarysunday forget post forum fb mission success
4155,12467,0,gailmoscoso oo noo thats good
4156,16721,1,thing always end going bad
4157,5618,0,bunburyette come online need someone talk
4158,18666,1,time bed hour
4159,17827,1,ok got bit bad back lifting drum hardware car downer
4160,21208,1,djksly lol make cookie hit up
4161,32100,1,nightshade worth wait busting gut here
4162,9012,1,almost lunch time
4163,27208,1,hughsbeautiful oherr soon then plan party saturday x
4164,1190,0,say still dreaming nikon d errr ate kuya please lang huhuh http plurk com p wxrx
4165,11750,0,watching dr phil s special same sex marriage sad ignorant people
4166,2683,1,phoebo yeah but finish go home get changed etc etc im
4167,14026,1,jaylenotonight good luck tonight big finale show
4168,22112,1,johnmoi brilliant thanks sure brownie point get though
4169,11469,0,suzanella missed mine too fun
4170,812,0,electrax i m sorry still sick u know them know u guess quot pelzer present quot
4171,28342,1,backstory maybe u get coffee machine new desk seems appropriate
4172,6058,0,life suck
4173,33773,1,missxu thank take compliment may
4174,20151,1,lodewijkvdb worry get stamen back soon kind distance run usually
4175,39853,1,shezababe star trek me nah dad one star trek right enough today see corlaine much style shezz
4176,21610,1,shez wishing babe ball
4177,7342,1,little girl still holding phone tear pouring eye
4178,24058,1,tommcfly glad
4179,1594,0,underpaid really need well
4180,609,0,found can t drink bar booo missing e palomino s cheer sad face
4181,31622,1,dont put behind wheel lmfao today fun
4182,32794,1,goodnight
4183,10469,0,amandadiva laundry last two day
4184,17093,0,kelauli sad right now
4185,10227,1,alone evening
4186,34773,1,hard tell think right hope
4187,22389,1,chathuraw get fixed year worth thing
4188,39136,1,happy mother s day mom s
4189,7672,0,g night world vacation end day
4190,31132,1,bitbass man gotta whip gotta whip it
4191,19384,0,owl make sad
4192,18955,1,ant lollipop
4193,7836,0,nellclothing cancelled run favour of staying in wish monies pubulation tho
4194,12082,0,friday night working
4195,11170,0,tummy hurt
4196,35180,1,ok twitter fam mom plan tmrw dont include still errand run early morn nighty nite
4197,37767,1,bumblebeebree love more cant wait see ya soon night
4198,39041,1,revision what fun still thursday basically nothing
4199,38950,1,bonjour twitterland
4200,28775,1,got back baby sitting went well
4201,30556,1,beautiful song anyone could use pick tonight http blip fm ynxo
4202,2649,1,heading bed somewhat reluctantly look around must dvd region only
4203,37990,1,date like man dont get played like bitch
4204,2806,0,sick n tired people steal people s work
4205,10966,0,headaaaaaaaaaaaache
4206,30614,1,megzmegz lt follow girl meagan
4207,38464,1,sylserra please let know found like know well although handy mobile
4208,14494,1,cof cof cof
4209,37161,1,mrsrance congrats ya ran
4210,13382,1,hoping everyone safe frm purge supposedly happening work right now
4211,21726,1,michael phelps hello michael nice day
4212,36033,0,rain drop keep falling head
4213,1469,0,terrencej yooo rainin dumb hard out
4214,34929,1,waxmotif tompiperfresh yaoo tompiper sonnnny
4215,14697,1,wishing karen will amp grace
4216,1413,0,canï¿½t stop loosing worst month result ever bubble two time row
4217,36635,1,got new lyric book
4218,9285,0,nothing lol
4219,10422,1,run later hopefully catch everyone missed today working web bear miss lot
4220,34346,0,got home love stake shake milkshake
4221,14989,1,omgosh degree sweating miserable gonna visit atx need ac need ac
4222,17729,0,oh dang drag hell came today it man wish remembered would gone seen it
4223,1765,1,rain here plain cloudy know which
4224,6943,0,tired idk do and much church nite gotta write sermon wash amp flat iron hair eat much
4225,14973,1,regent lord mean leave alone
4226,25285,1,shebunny yes am want meet
4227,7821,0,female robin flew window watched die bush think going cry now
4228,21707,1,kasey got
4229,31760,1,kepp done that always ended selling machine going back mac
4230,37514,1,tiaantjee cool rite
4231,10232,1,follow friday thing work real follower
4232,33965,1,back weekend get away
4233,38125,1,penreyes actually think doogie howser got idea captain s log
4234,11746,1,goliix story life
4235,25148,0,school gonna learn use skype
4236,14864,0,beckyhope ahh yeah get mean alevel retake exam day gig yah im pretty stressed
4237,7064,1,tiffanymmiller yes work
4238,11267,0,xulap consider lucky rained age depressing
4239,18253,0,mattpicasso iphone quot not opening downloaded apps quot thing forgot cord home
4240,2293,0,cant sleep tired goodnight maybe
4241,19915,0,josie s surgery officially unable procreate way it poor medicated baby
4242,25545,1,getttin ready
4243,15703,0,rarecandy wanna go car here
4244,15320,1,turned fast food whore
4245,20851,0,bored freakinspecial hope wlan go today
4246,13622,1,ashleys
4247,15386,0,follower random spammer
4248,31187,1,lawoogie that s baby little rhythm still sinc inutero
4249,306,1,digenis story reminds living portugal
4250,22991,1,done e mailing load e mail came past day need follow ups afternoon working two client project
4251,7521,0,starry surrounded them official niece nephew yet
4252,24705,1,kate aww tell follow me
4253,3687,0,tired tired tired sleep well last night thought much slept much glad almost weekend
4254,22386,1,bayanijovan everything near sg point sana hindi sa jurong east ang office ni madsdeguzman
4255,19614,0,teseract got paid hour could retire xbox live thinking rock band
4256,22530,1,lï¿½m ti c m ng mm gia nh p h i i ah
4257,9343,0,hereprettykitty mustv e read mind going thunderstorming pick boy bus stop
4258,1023,0,madush oh my im offended ha
4259,19717,1,rainy season come
4260,5606,0,disappointed cadbury chocolate block got smaller
4261,20183,1,joycescapade coooooooool dooooooooown patience is virtue
4262,20662,0,eminem am freaking awsome im going back too seam like something big inside me no is alien
4263,298,1,thabillcollecta yea gotta
4264,28508,1,clock work
4265,27554,1,isapersefone really sure bout that maybe could idk never bought anything
4266,24791,1,spreaditfast thanks reply friend
4267,25535,1,getting ready school class start critique noon painting vermeer day though
4268,4146,0,davidtreynolds but want steak
4269,7315,1,woohoo procrastinating work going lunch wait sister though dang
4270,34121,1,putnampig going sausage yum yum
4271,22097,1,rythmiq az s finest vol intro lookn
4272,24847,1,love david soooooo much lt
4273,17121,0,listening to sweet talk cute aim considering taking gameboy color again miss chiptune
4274,34900,1,mcrsavedmilife night
4275,38720,1,that s cause old mate hehe
4276,7016,0,freezing math class
4277,9164,0,skewp miss baby together haha dreading taking kennel
4278,33822,0,dailypep sure cry unopportunte spelling moment
4279,32359,1,close brooklyn usually get neighborhood changed lot year http twitpic com wfr
4280,18197,1,missing everybody http myloc me s
4281,13505,0,lol exam go mcast school finished form that s soo disappointed
4282,24247,1,thanks harris editing done soon hoteleden see better job behind camera instead front
4283,22459,1,laurawalkerxo eh june th going signing th think is x
4284,5479,1,girltrumpet said
4285,11745,0,one go see tiesto
4286,16705,1,miss dougvs lucky edmontonians
4287,11443,1,boyfriend
4288,10866,0,velmadaria still thinking fkc meal missed yesterday
4289,700,0,tummy ache
4290,19730,0,unfortunately heffas decided take impromptu mall trip without telling
4291,10131,0,feel bad kid sick
4292,25775,1,day back work day went allllllllright exposed swine flu hour thats ok think wash hand
4293,19888,0,feeling sick
4294,23398,1,kind tired poopy puppy patrol who knew two lil doggy could make much um waste super cute though
4295,5355,0,heading farm dont want wanna stay talk boyfriend stupid mom making go gt lt
4296,10253,0,please help get song head
4297,6254,1,reply topic yet lolz welll somethin could reply yanno
4298,17399,1,cleaning room
4299,16851,1,anyone want buy place oregon coast one gorgeous area unfortunately must sold
4300,26698,1,in write cm us git versioning check rail git interested working something like that
4301,12443,0,leod uk argh twitter didnt post reply tweet age aint much enjoying sun
4302,30039,1,dfizzy ever read uh got one question would ever date fan lmao
4303,22349,0,bighugclub get around problem good idea
4304,21860,1,hello bank holiday monday hello revision ï¿½ï¿½
4305,35636,1,like saw movie would give tyler perry
4306,30283,1,flordia stellarkartband u send picture shrits saw ur update facebook
4307,11513,0,emzok miss u m need tae catch n
4308,20896,1,jesse w t wa interview much private chat
4309,3462,0,enjoying sun heavy heart depeche weekend spending time man love double gutted
4310,11199,0,spyou oh no sorry hope back bike soon
4311,5371,0,sad probably never see fleetwood mac
4312,8755,1,nick carter say video private
4313,9587,1,buried web change going make lunch now chance later much do
4314,14370,0,messed makin right taraellis dontennant elikamahony best holy day wish all
4315,574,0,joek depressing stuck inside day
4316,36245,1,lil shawn go back home want see ya b u leave homie
4317,22231,1,out
4318,39457,1,happy mother day mom s
4319,15123,0,banged bloody foot ow
4320,24300,1,error yeah apparently you removed it
4321,22247,1,say alright alright going already sheesh well better early late http plurk com p rpbd
4322,10157,0,mikeyunderwood rice crusty bread chili aawww
4323,18992,1,medic work play
4324,14598,1,colleague quot helped quot creating unit s site iweb helpful trash code cs file page site optimizing
4325,38260,0,parsnipzilla ohtays make sense now cool
4326,20505,1,chronic illness blog let know post link www ptsici blogspot com
4327,24742,1,nikki redbull amount caffine cup coffee theory quashed nicola
4328,5081,0,effort time put relationship people learn enough trust anyone
4329,20631,1,womenontop nope there s too
4330,36326,1,talesfromthepit loved blog musicares event good work
4331,12239,1,heidimontag wow think people actually really live jungle dont get go back hotel
4332,14416,0,theycallmetap http bit ly orh lt lt miss music like
4333,39798,1,thanks to soultravelers marcphotoshow worldtravelblog cthechange annaphoto new follower
4334,34875,1,souljaboytellem lord mercy technology much tattos mon dieu ï¿½ï¿½ dï¿½ faire mal
4335,7718,0,pinkpop weekend amp got ticket meaning bruce springsteen oh well wwwwweeeeeeeeeeeeeeekkkkkeeeennnndddd
4336,6387,1,tyhra renee mzladi b fa real n shay toilet night shlda knwn sumthin w whn crd u scorpian bwl
4337,29061,1,okay so aim account now send ur s n s add u thx
4338,32267,0,david henrie wat u mean killed yes im sure lady gaga awsome
4339,29565,1,pat es since away come tucson
4340,34719,1,brookenparsons nerdy all made one yesterday
4341,2785,0,last night bottle wine house cocktail came home sober still gonna sick
4342,39139,0,hit car u leave note http bit ly pb yea put whatever u want note
4343,35959,1,uploading picture
4344,1350,1,anniemay omg fair
4345,4615,1,laertesgirl ohh course stop though end dream john woodvine amp zoe thorne one signed programme
4346,7607,0,time fly and never got right oh why
4347,6419,1,stevenbward interview picked ny too probably forgot blogtalk radio
4348,38496,1,follow johnofisher because either way really cool tshirts hey johno x
4349,34698,0,chacity follower me wanna cool her follow never happen
4350,6180,1,admitting like action plot like romance plot always make feel like setting back feminist cause
4351,33743,1,evryone come http www blogtv com people ginanicole spamming much blogtv glitching might work
4352,37293,1,pg night
4353,6632,1,guy need get me week since went cache hunt geocaching
4354,15477,0,can t fix it guess write get bored watch tv man lame
4355,14132,1,finally roll time stop weird love do
4356,18216,1,left phone home wont get back till am dont call me
4357,29165,1,destroytoday tweetie using yfrog now think chance adding in client image viewing
4358,19136,0,well get call back oh well
4359,34585,1,phone kayla johnathan cisco woo
4360,5095,0,aw want classic burger
4361,20259,1,lilazngurl hi there nice meet you new twitter guess too
4362,30746,1,genuinecasper ur friend laradolilly sent
4363,3186,0,way sleepy awake
4364,22056,1,brittany shaw night babe
4365,1809,0,min bej semanggi traffic friday siggghh
4366,11421,0,alyssa milano local pet store get shut last something like that it s horrible animal go through
4367,36829,1,beckystarzmcfly yes go see star trek sooooo much fun
4368,21371,1,made officially unavailable best friend
4369,19758,1,brother week
4370,7667,0,miss one would anything spend min me one used say tell
4371,10432,1,passed exit baltimore
4372,13163,1,wilw sad commentary not
4373,27284,1,toasting seems waffle farmer kid sure eat lot
4374,1220,1,charity gant popularity contest think twitter help become trendy
4375,18843,1,nothing evening missing lifestory
4376,1174,1,cant watch anythgin till tonight
4377,19669,0,dying hair back pink missed cupcake miss sherry melanie
4378,36179,1,jmike u little prob ur twitter happen old pep resteraunt mayb help u fix
4379,49,1,wnna take bath
4380,2464,1,super tired
4381,9621,1,annran thats bad
4382,10913,1,shradhac uh oh
4383,16209,1,kikirowr hope feel better soon
4384,13638,0,bad mood dont feel good bad one care
4385,16396,1,andrewdearling o missed it miss rpt mrw oh well there s youtube sunday guess thanks andrew
4386,13310,0,producing pieterbickford anchoring sad goodbye miss lynne ashminov miss you
4387,24472,0,shotdown haha stay nearly hour coach get here may convenient hour tv
4388,15150,0,really weird night last night miss friend
4389,19022,0,bored miss everybody already
4390,28840,1,back wayland good home
4391,2827,0,boy girl lie awww santa real either
4392,22169,1,ohthecake say hi dan katherine zachy
4393,6152,1,dreading shopping swimsuit
4394,37242,1,ok actually going sleep hour i tweet far much already
4395,901,0,staronmainest idk lol head hurt rly bad amp stomach hmm personally think s ive deal wit
4396,21826,1,munirusman yes talking you
4397,32024,1,way santa monica
4398,35430,1,finished bit sketching writing
4399,12953,0,vegasrex wish time back airport already
4400,4460,1,firstladydaboss wats wrong boo
4401,6558,0,fell think knee broken look fabulous
4402,22582,1,hayleynewland good lad wore phil known year now seems like minute haha ok hayley
4403,24737,0,teach bunch fifth grader morning oh joy
4404,21286,1,kingtardy yessir right
4405,6012,1,round way ahve copy public contact personal contact first big deal
4406,18881,1,kearycolbert june chino hill ca day rained n june socal we outside grad move gym
4407,35023,1,would like remind people kansai scene whatever current issue like nothing
4408,6573,0,walc er ready cry going long day reminiscing
4409,31939,1,saw nick s friend jose fish gh damn well star war probably going mlb game get good seat
4410,661,1,ccburns unfortunately
4411,12567,0,missed ups guy again ugh sad got cool stuff today super excited about looking forward tonight
4412,16534,0,gailporter p s gutted went order dead famous dvd today amazon couldnt find wallet went back last one sold
4413,13127,1,critic lady think shes watching scrub delusional shes bailing plan
4414,6044,0,judez xo pretty took like hour ursssss
4415,2317,0,watching jimmy f delete social network profile jimmy cyber time
4416,17114,1,lulembo neither
4417,36676,0,morning all wash car remind me choose white again http bit ly ymb
4418,20012,1,need break computer adios lt
4419,20860,1,going movie clancy
4420,16801,0,chrisdjmoyles justice left dj talent voted n
4421,9851,0,where s happiness
4422,34545,1,thedigitaleric believe see
4423,1138,1,want monte cristo sandwich sooo bad
4424,9289,0,wish sun would shine
4425,9729,0,lost respect someone
4426,19505,0,djflykid ooooh boo see bar at titusofalltime s well miss other make pt stopping by
4427,27241,1,way school
4428,1273,0,cant talk well remembering something said me good thing fucking bully nasty piece work arrrrgrrrrrr
4429,30724,1,nice long nap http plurk com p stvqp
4430,28814,1,nodgesoft pfft cydia apps ftw code phone make reload springboard
4431,17489,0,talisaduhhh miss bein
4432,25287,1,keza hi babe
4433,19315,1,y oi thay doi khi chung ta thoi day
4434,14280,1,sure use neko tix sunday night may offering someone else first know interested
4435,38733,1,new twitter background
4436,27607,0,imjustcreative com on dude always think thing get worst
4437,1015,0,shaundiviney didnt get msg bought princess
4438,31641,1,roughly cleaned room heading pablos read
4439,35149,1,testing ymtumbkr iphone http tumblr com xiyqycvc
4440,17061,1,new friend now please comment
4441,35445,1,home much going on long day
4442,34849,1,new location spam off http www blogtv com people xbecksx
4443,18699,0,want hear voice
4444,15842,0,karma bitch got hung lol still big dawg though
4445,21474,1,godawful hangover today worth tho
4446,28881,1,thanks people added skype want add me name twitter name yt name blogtv etc
4447,8721,1,a nobel
4448,36470,1,happy mother day i love mom
4449,20200,1,feel like spammer season is called summer season
4450,17276,0,attempt sync facebook twitter seems failed
4451,4589,1,feel like gonna make year
4452,7774,1,there s guy house can t go downstairs pant
4453,18110,1,life college stay home mom delay bash http bit ly cnyhp
4454,16483,0,aholston homework bound whole weekend fun
4455,4576,1,hollypop mmm holly
4456,9911,0,exprincess http twitpic com sniff feel left out grin
4457,20017,1,character design complete week give another sneak peak stay posted
4458,2609,1,eucalyptusapp saw note faq language thing would change mind need help anything else
4459,33068,0,thespencersmith hush stop teasing
4460,12441,0,still eat still office get sick throat day leave air condition throat killing tour bus
4461,6081,1,need go sleep am tonight exhausted
4462,25668,1,jacqueline wilson day cbbc
4463,3074,0,fuck elora danan breaking im missing last nsw show def need hit melbs someone come
4464,10651,0,fun sun im seeing tan yet though want chocolate
4465,235,1,livestrongnj yeah terrible cockatoo hardest live with emotional good thing found you though
4466,27781,1,laurendorcus i need huge favor love anticipate text
4467,5936,1,mattterry can t make nyc huh
4468,20630,1,dutchrudder told em english special quality come cussing welcome fun dutch
4469,13983,0,oh no read going remake girl wanna fun stop hollywood just stop
4470,14884,0,jasoncalacanis damn missed live show guess wait till available itunes
4471,20355,1,back buisiness
4472,6302,0,sad day office glad friday like get away while poor co worker lost son
4473,16122,1,jayhostdc went last year gotta go friend s party tonight though never win
4474,3601,0,awe gotta go mom command sleep already
4475,8576,1,projectcloud pinched nerve
4476,5228,0,experiencing pain paginating asp net listview control
4477,8043,0,head huwwts
4478,11110,1,dont know world thing work
4479,8866,1,dkhotopic aw
4480,32824,1,workfromwithin busy even get talk you please tell got lipstick
4481,15754,0,damn sunburn hurting jack whitehall mmmmm
4482,27048,1,powerpoole quite welcome mr poole
4483,18313,0,susan ferman that s weak facebook fail
4484,35244,1,uppp dnt feel like goin bed blahh boredd thinkin men hmmm ha
4485,9286,1,cathiria it probably next week though
4486,12436,0,finally friday still grounded till next thursday stereo life lt
4487,24183,1,communitychannel youtube
4488,9921,0,eat sandwhich since guy meeting sushi brag about
4489,8622,1,mattydavidson noo started th season wednesday im ep y
4490,3312,1,ibood
4491,11274,0,bigcitysomeone wish could go see ya warped sure tho
4492,19545,0,buffalolass sorry want call aim couple hour need vent
4493,492,1,kalliet oh superseeded good enough
4494,35985,1,good morning bought flower mother day breakfast time
4495,12029,0,mom woke u p mad dreaming shoe whants go river stupid
4496,31546,1,blastinggg music
4497,39177,0,iamhenrymorgan screen covered blur how s ya day kiddo
4498,33380,1,angelicabeanz pretty gnarly
4499,6238,1,ram upgrade done ff still slow disabling add ons sure one make cut honest like sophie s choice
4500,37784,1,chhophyel that s share link twitter http bit ly qljyb view stats http bit ly info qljyb
4501,8006,0,frgmnt know lame
4502,37666,1,day till brighton
4503,4478,1,elizabethn may u case attend back can t afford go
4504,13683,0,mitchelmusso wish could would cost much call way uk
4505,20967,1,listening awake godsmack
4506,39553,1,lisahopecyrus xd hello that s important date
4507,19485,0,sad take suit b c know going get wear one long time
4508,6088,1,sobk yes seems way page found
4509,23002,1,designerdepot nice collection
4510,4345,1,pissed fell asleep pushed record missed chrispalko
4511,5846,0,the wockeez missin u guy day ill b tomorrow butttt see u june th blockkkkk
4512,17240,0,jennabeaniscool need hug anymore
4513,95,0,sweeetnspicy hiii im ipod i cant fall asleep
4514,9560,0,fell sidewalk harvard square stupid cobblestone hand hurt
4515,16282,0,angry sad happy excited hate mood change right immensely sad
4516,12721,1,vlastikb logically yes find one though always seem see beside motorway cant stop
4517,23531,0,quot my problem miss you cause don t quot
4518,8786,0,hollyoaks curse justin strike again date burton end screwed poor sod
4519,11134,0,one call awww wish could talking minute
4520,16508,1,mandzz ohwwww whatever excited anyway
4521,22572,1,good rainy morning
4522,21377,1,garretjiroux tnx reply myspace
4523,30710,1,half meet groningen please
4524,15666,0,kelleyviolet suck thundering here getting ready shut down
4525,20169,1,tessmorris fine going big walk today mile
4526,4456,1,tati sent emal doll get it littletati
4527,9308,1,everyone another hater wehatemileyc
4528,37539,1,msclara fact apparently first follower himself um embarrassed now
4529,12098,1,aboutvetmed
4530,6816,0,alyssa awww sorry kind fish have
4531,37418,1,ivanjohnivan well actually larin name quot model quot besides sleeping crawling etc
4532,1030,0,d version sold regular version is
4533,25648,1,craigralph jailbroken went early prepare bricked
4534,36074,0,rblpnqte sheryonstone quot sheesh sending one ladypn think could use lol quot rb delux http blip fm zj
4535,23445,1,jaimemcknight late already finished chapter posted it
4536,12747,1,mikeywags srry im interesting right now stayed til am cause tummy hurt im pooped work
4537,12421,1,clubpenguinfan guess boner story funny ton boner moment like unfourtantly
4538,880,1,ecctv make feel better lost overnight cause posted picture baby
4539,10442,0,running errand geeta feeling like plague
4540,23978,0,howby hm sorry hear that well keep holding on break over go take nap now
4541,331,0,fuuudge movie store closed
4542,466,0,can t sleep suck one day sleep get go shopping mom ugh
4543,19573,0,gimboland sorry change plan revision monday exam park one friend
4544,33695,1,pressrecordmag oh like idea
4545,6657,0,wow realized limit quot more quot button suck guess two day max sign twitter
4546,12573,1,must head back office
4547,33499,1,worldofhiglet think make seem shallow actually respond converse follower don t biggie
4548,15067,0,naataalieee yeah point gt lt please dont make feel worse
4549,18127,0,johnny actually invited movie many thing concert
4550,19457,1,mileycyrus wont let twitter keep saying twitter capacity something bird keep coming up
4551,21885,1,went piggy bank man hell lot money there easily live next week
4552,7117,0,mourning venus third round loss
4553,14710,1,one worst day life
4554,14102,1,date hockey game confused next week
4555,24040,1,think josiphina jacqui killed tweetdecks overspammed like someone
4556,13769,0,mitchelmusso sad love talk live uk can t wait new album please say hi xxx
4557,39939,0,watermelon haha twitter hard though it
4558,8988,1,batbuick great buy lunch get pay cut next month
4559,10540,1,charbotgreen suspended quot unusual activity quot
4560,19333,0,hollytheboss lol sorry bout today did u get them amp else r u guyz doinq cuz c im eligable howeva itz spelled lol
4561,2592,0,hungry
4562,22419,1,princesssammeh talented sam
4563,5623,1,fever
4564,5319,0,shutupandspinx yay lol know felt gone
4565,36896,0,curren y spitta caught traffic around howlin wolf min wondering wth going on musta nice
4566,34339,1,justjr blushing blushing amp blushing
4567,32801,1,show twitaddicted get
4568,7695,0,bored work ridiculous saturday going suck class morning
4569,36789,1,wlauw yea dongggg
4570,29005,1,sophiedopex great song east clubbers
4571,18115,0,ugh tired
4572,28540,1,haha bored think go watch movie bbl
4573,37949,1,hear silentending
4574,15297,1,djhazzard whoa alcohol get buzzed price
4575,12166,1,franknitt remind me supposed meet homie daeone show ack kill please do damn thang
4576,17421,1,littlebitofmoni get used column tweetdeck room column macbook
4577,5751,1,getting ready work working weekend
4578,16384,1,tbortnyk know feeling
4579,3863,0,rip robin washington park library
4580,39271,1,masterballerina yes you
4581,5530,0,lolzyluvsjb yeaa sad watched live performance peru etc epic wish come n i lol xo
4582,22273,1,freakgoddess hypnotyst hmmmm beware
4583,10380,1,jonasbrothers hi jonas brother came argentina la otra vez
4584,18500,1,calvinharris wannabe dubai
4585,6613,0,suddenly remember memory ohhh please
4586,17142,0,sitting home bored
4587,32049,1,limegreenmodern take pic
4588,23928,1,pizza jamie wtg http bit ly dvsca britain got talent sure ha
4589,36513,1,beer pong yee
4590,38579,1,elizapatricia tuesday day long still get watch
4591,28166,1,sqlchicken post photo robot ok offline hour now ttfn oh im
4592,4140,0,anticipated meet tapan parikh apparently wont pas nairobi head straight mombasa
4593,18236,1,babyjidesign cute pic girl vibrant get anything cpeven close
4594,26709,0,celestialbeard http ten com au good news week htm lt it definitely nothing christian
4595,14149,1,gettin cardio right now walkin train station awww miss gym
4596,17125,0,jobo s tired getting work
4597,24023,1,laflour good suggestion thanks
4598,38774,1,difference today going go shower get ready
4599,19057,0,traceyhewins tired may go bed trouble miss american evening friend x
4600,27743,1,ladymaryann there
4601,26004,1,tracking heather hayes today that s right daughter isaac hayes aka shaft aka chef southpark jj killa
4602,12472,1,microautoe one day baby
4603,6417,0,wish drems could come true
4604,29501,1,shopping
4605,23341,1,understood well best luck
4606,14825,1,man looking packing book looking past life feeling kind sentimental
4607,23723,1,zeb napped hour already today asleep again must growing fast
4608,26315,1,bed cuppa tv on husband cooking life sweet
4609,30165,1,ginaxmarie logical reason get hollered x past hour dnw
4610,6154,0,stupid competition stuff keep getting way going get word today kill heather writes
4611,19975,1,cadistra think wearing bermuda cinema good idea all outside humid like cwazy
4612,28082,1,lebron maybe mvp year like lakers win nba title
4613,2151,0,mom ok far missing jaron
4614,16633,1,knobzie loss
4615,22500,1,taylorswift hello you totally go biggest shopping center europe go shopping together xx
4616,37851,1,cameronjnp lol ahhh well good song
4617,15812,1,still working music grade outside deck sun behind big gray cloud
4618,39813,1,wish birthday massacre would come australia think said thinking though
4619,15768,0,crisis forgot fringe comb men no one help
4620,38573,1,realbillbailey thanks headsup re tour booked ticket palace th june
4621,11818,0,working tonight http plurk com p xkbv
4622,6424,1,gracetanglefoot what two block away more
4623,33460,0,still feel like craaaap like everyone earth need know lol fun birdie
4624,23494,1,jlandells add blog cmf ad
4625,7732,0,never thought say this miss job commute cubicle free food amp coffee downtown quit
4626,8956,0,really feelin well
4627,12412,1,flesheater happened sodarnhappy go
4628,28327,1,xktstarx oh actually one old number change now end
4629,18128,0,kraeth really love ride she bad recording
4630,16006,1,applecored anyhoo thanks spank o x
4631,19219,0,fab broke
4632,10919,1,glamourfrog need tweet editor yes meant
4633,4921,0,puffffy leavinggggggg nooooooooo
4634,11309,0,alltimebritt made sad thought jumping joy
4635,31020,1,so s face
4636,6825,1,asynja mmm btw talking amp gone
4637,36771,1,lilcease aww kind dog u have chihuahua named zoey
4638,32921,0,robincareyyo you kickable
4639,38261,0,need push diet last level good last week lost lb better gain
4640,34805,1,well guess depends undergarment
4641,6153,0,soo tired still kinda angry missed concert
4642,39216,1,band practice
4643,17848,0,damn wish botcon everyone
4644,2029,0,hmm disappointed made serving able enjoy one stomach full wishing company help
4645,25317,1,currently watching supernatural whilst waiting skin come
4646,25824,0,shonali hello like little chat can t dm you mail id
4647,10205,1,want cheese fry fontanas
4648,23883,1,got live last night vid comin soonnn
4649,33537,1,happy mother s day mommy there we love you
4650,2372,0,aww minute left family guy
4651,31261,1,kellyolexa hey girl doin ya hear big interview http kellyg roneyzone com
4652,11810,0,crypticirnangel sad nothing
4653,18990,1,nursing sore back today
4654,18457,1,gay emo zac haha surprised cute one either taken straight
4655,34363,0,kixsal star trek imax d huge screen still worth watching
4656,4675,0,nothing like yoga clear mind make realize crappy thing really
4657,22122,1,lucykd hey momma cherri s site still active http www mommacherri co uk love go one day
4658,720,1,damn hi facebook what s wrong can t add photo
4659,29394,1,dad mum heading way normally jump middle thash bit cat chasing dream
4660,2253,1,prepare
4661,13522,0,gi ri ja suck it
4662,28719,1,gtg now listen cobra s new song myspace ttyl santi lt
4663,16462,1,heading work n freezing
4664,11670,0,wishing outside instead trapped office
4665,18422,1,late
4666,9013,0,im sad right becuz lady
4667,22242,1,bring till fall asleep
4668,17091,1,alancarr ment c u tonyt frend l n wen got ther wernt letin priority ticket in def aplyin agen tho
4669,11342,1,thingsmummysaid rollercoasters multi storey car park without wall
4670,15720,1,thought summer hour meant supposed get go home
4671,17650,1,chelseachase car
4672,18642,1,dinner scoop said goodbye senior trip
4673,7689,1,ogberry rain
4674,21597,1,digiqom welcomed new team member company today
4675,20276,1,rosiecd dinner amount dinner one greater say afternoon snack pack day prob ok
4676,11709,1,eleww dood locked vimeo wh video
4677,25078,1,bigeyedfishie good news tooth
4678,14656,0,greg pritchard robbed place final bgt cry baby bitch face got instead
4679,37454,1,calvinharris really calvin harris
4680,25044,1,willyemai indeed
4681,12587,0,found swing set sale block home super cheap want kid one answering phone listed
4682,7154,0,going excursion week twitting
4683,25490,1,back house work
4684,24532,1,picture day yo preschooler light blue striped utton kahkis wonder color pick hour
4685,10987,0,musecrossing much a sugar b taste lord put ya down fun way
4686,3136,1,ahmaeya im listening random playlist leaning toward serani
4687,38497,1,iheartrachael pre made jelly bradie
4688,3275,1,limeice awww dangness cant wait see picture lime green element wooot
4689,32167,1,sly party enjoying life partying tonight maybe
4690,32772,0,agentwill want tell think body odour
4691,26936,1,today list edit edit edit edit editing
4692,28318,1,sez thank sezi
4693,32669,1,zeemalmer bubbletweet
4694,26449,1,thanks ritadmissions becoming follower
4695,31784,1,veschwab anytime aim please
4696,15049,0,realized today last day see best friend tanner im goin miss much
4697,15617,1,emlynley find extendable one
4698,3752,1,nikforsyth july th flight get in mate goin hm early
4699,3323,1,thing easy simple seem be
4700,31869,1,returned huntsville saw sam houston s grave went prison museum ate chocolate dipped strawberry
4701,33522,1,supernatural http twitpic com wjel keep tied fun please i ll make feel better
4702,5429,1,go work now
4703,36417,1,pcsketch considering buying one these hence monk quot look http bit ly vbzg
4704,27893,0,doctahana can t really anything that i
4705,14985,1,awaiting reply two project one cancelled
4706,5330,0,phew melting stupid fan picked good day stop working
4707,13819,0,feeling fab today missing boo
4708,6367,1,elijahmanor targeted browser what read window mobile us ie core default
4709,23873,1,eugenechua oh that s good might wanna fly shoot photo
4710,14715,1,going work
4711,13361,1,maybe go see movie matinee s week go pm night shift week coming up
4712,12034,0,hate car place lt jx gt
4713,26247,1,staff meeting today joemo it same travel safely joemoore we ll see tomorrow
4714,8920,0,alexistai please roll eye can t handle that cry
4715,7708,1,two o clock please come faster
4716,10416,1,http twitpic com t square b sad she s well square crocheted bee poly fibe
4717,34761,1,ashlaws know say great mind
4718,32877,1,waiting friend arrive eat stay alive
4719,951,0,miss rich
4720,4189,1,jasonmhines rude
4721,19568,1,roomerholmes know hd comcast it
4722,24825,1,trnchn yup indeed like train announcement shortly arrive kï¿½lle
4723,13910,0,omg parent today fighting mine
4724,35438,1,back home preheatin oven popping pizza
4725,15640,0,omg today felt like last day school horrible
4726,19052,0,missing bffls missing friday night date hot dog dinner know evening hold
4727,22235,1,richardbishop http twitpic com jbba ohhh someone like play food heehee
4728,767,0,wow feel like ish really feel bad ignorent aholes wont overturn prop
4729,7578,1,chamillionaire wish could go gotta work
4730,11684,1,headed back pulaski
4731,3122,0,gedhead stephenfry fiftythousand follower hugh laurie s needle haystack now
4732,33795,1,good night lovely people sleep well
4733,38411,1,vradio take backstreet boya put silk mc hammer pant sgt pepper beatles coat lame music smap
4734,6604,0,favorite shirt ruined death bleach fb
4735,26584,1,xarkgirl pooof nirvana work http myloc me tdl
4736,20441,1,davidarchie alright go market haggle them
4737,17293,0,mitchelmusso http twitpic com swx wish calling can t malta
4738,13430,1,mckenzie yeah get june th blahhh yet another reason south better
4739,24264,1,gottfriedjs gosh travel quick beam gottfried
4740,34980,1,yesbabyyes hi howmany people follow much help others
4741,22488,1,work again yo ho yo ho another day hell hole
4742,4327,0,jonathanrknight actually wish back tahoe miss there
4743,15500,1,chair http twitpic com mnz
4744,22165,1,got back week jamming french city meyrueis feel hella replenished
4745,21163,1,jennifeaniston think parent trap amp high school musical
4746,22773,0,zobi haha yes hard work too get home am like sleep haha
4747,4545,1,detroitduchess arg tried one pic moved failed save it then never showed foot purty
4748,35907,1,yaaw one want call me
4749,11352,1,andibeth ok sweet whenever u want stuck bed weekend
4750,37837,1,caaakes tell x email pic officialshew gmail
4751,31126,1,louistm thanks follow
4752,17401,0,going bed cant take thiss longeerr maan u
4753,15240,1,raining md
4754,29012,1,cotton candy milkshake
4755,2751,0,sad sad sad thought aunty stina coming looking forward family i miss dat alone maui
4756,12735,1,zac brown virginia beach nova
4757,23469,1,xkilljoyx dude letter new currency think rich
4758,31673,1,hope mama like mother s day present
4759,39704,0,dangerjoe hey mr danger
4760,17265,0,xzenax bad time everyone whywhywhy write essay fair
4761,21981,1,downloading song http plurk com p rpwx
4762,8502,1,awake want go work
4763,32803,1,noufah thanks dear wish best
4764,17990,0,hmmm lovely wish now tired can t sleep
4765,16786,0,min till end follow friday
4766,30128,1,going grocery store best friend
4767,18914,1,sport car curb flat tire
4768,19173,0,waiting sleeping pill kick in gonna tired work tomorrow
4769,18961,0,omnomnom came online unread email well backlog yesterday http tinyurl com lxjdjc
4770,15753,0,mathewhulbert there s film tv job especially wmids can t afford move away yet sorry missed
4771,19029,1,knitkat sting
4772,24388,1,hmv
4773,26893,0,thriftymom tear
4774,11244,0,man two clock hr till work
4775,9802,0,jelz want house gt
4776,16425,0,hanaabanana know yopu got round watching it cried
4777,36566,1,simple recipe creamy spaghetti bacon corn mushroom pepper http bit ly ktfbr
4778,17995,1,misssnoozer show awhile mine took hour
4779,2388,1,series denver k
4780,21315,1,enough studying whew time sleep
4781,5350,0,iamlittleboots recording eqpmnts out full day mind gone blank outfit g a y still nt arrived eitha
4782,9295,1,wish realized wife held onto debit card took long walk get lunch after grrr
4783,35083,1,eboni ife forget cinnamon
4784,28198,1,leaving minneapolis homework going watch brother tennis match later
4785,35937,0,nikkibenz hope so recorded pit wa game find didnt record lucky leaf woulda lost
4786,4191,0,adinterim still jealous
4787,9338,1,leo carillo beach rogers state park list state park might close http tinyurl com lhqgs
4788,26257,1,melkirk lol thanks morning chuckle sure follow me please check
4789,24848,1,morning everyone
4790,10544,0,eating funnel cake mag fest
4791,32447,1,joejonasfan heyy you
4792,213,0,lenje still pity come lamb though
4793,37317,1,sageeb well find first knowing who
4794,26708,1,fourstringfuror yea mostly b c sleep oh well lunch time come soon
4795,37284,1,home
4796,14137,1,whew vacuuming good time vacuum
4797,7100,0,hi im chris cant get mine keep getting error
4798,13775,0,ultramegaman never done friday digest today anomaly usually schedule friday leave time it
4799,29608,1,vega fireeeeee
4800,35493,1,everyone listen hadouken fun
4801,15510,1,sharonsmiles would appear note self change perfume now hmm get tarot card not
4802,25910,1,park seb ruth
4803,3584,0,loving weather weekend shame back work tomorrow
4804,37147,0,yiannis k good question could they
4805,36036,1,paskalamonik know agent let know
4806,35175,1,luvinmesomed thanks try
4807,31659,1,ape server side javascript mootools http tinyurl com odqwgh via paraboul
4808,5443,1,novah gah forgot separate bin maybe bad idea
4809,10901,1,still working fb
4810,25898,1,come close astroturf myself mgrocki save yr drain spray paint yr yard green instead
4811,32156,1,tweeten tix deal nkotb http tinyurl com nkotbtweetentixsdeal lt or seat price nkotb date
4812,31591,1,homeworld http is gd yioj
4813,2040,0,cold
4814,3524,1,totally skid road
4815,29599,1,chillen trying figure thing gettin drunk
4816,4438,0,finishiing training exercise new mexico looking forward hour bus ride home weekend
4817,26370,0,going fail art final fml far worst semester life school wise otherwise best
4818,22304,1,snuggled bed reading
4819,657,0,hmmm using tinytwitter small non touch screen really much fun
4820,2810,0,back work warm today
4821,37192,1,eating poutine listening mitch hedburg
4822,7143,1,sheisanarchy
4823,11413,1,tommcfly tom mito tour dvd s still made co seem stealing really want copy
4824,26624,1,morning twitterverse woke up felt little lethargic n wide awake now gettin ready hour drive home
4825,25624,1,week today untill th birthday yahoo
4826,32658,1,butterflykate who ve u noticed kate
4827,35879,1,listening lady gaga relative left mother s day celebration
4828,38576,1,sing everytime
4829,2593,0,wedding tv make cry inner desire eternally happy start rest life
4830,1612,0,mean monday take test monday please please
4831,7106,1,gadgetopia need dm following me send email
4832,19811,1,bffleck friday made miss high school
4833,7518,0,cold
4834,16735,0,two month ago became irrelevant
4835,17940,1,hate stupid boy arrgh
4836,11187,0,iaretanja forgot put something essential day
4837,10488,1,way work gonna miss general hospital
4838,36295,1,katlee yups still lot pruning unfollowers do take time
4839,6788,0,erickadiaz get go coffee fun hate too
4840,18817,0,waiting denver game come on dont think gonna win lakers suck lol p
4841,18678,1,rikeezy boo suit grey hair
4842,1794,1,hitting dock soon
4843,15265,0,ladydutchess awww mish u ladie whats good
4844,1616,0,birthday over
4845,19185,1,nite nite fellow tweeter goin put ipod n listen westlife missin guy headin sleep early start am x
4846,5390,1,follow friday bit hard work kick friday
4847,351,0,go dreaded dmv tomorrow
4848,24514,1,fine old british tradition chilly grey drizzle bank holiday still observed
4849,32473,1,movie night kate
4850,2714,0,papermelody although bit tighter smaaaaller last pair baggy hell get front wedgie
4851,19867,1,crucifixxus dude sn nowadays think lost
4852,37993,0,alancarr quaver sandwich tea
4853,4383,1,work closing file
4854,29931,1,meesterbell yes change
4855,1780,0,ugh two week push produce six pack produced nothing pain
4856,39804,1,watching jonas brother special sky movie
4857,4260,0,spent half day troubleshooting something even within control cluster always mean high availability
4858,7819,0,wiffleball damn
4859,396,0,stupid tooooth hurt
4860,15817,0,always feel sickly wake up well got busy day ahead me yippeee
4861,30587,1,prank call
4862,10036,1,boo gf can t go passed guard training lol
4863,12734,1,ok bye alex fun today
4864,1175,0,sad leave beautiful apartment
4865,8164,0,lilmoever mad wont there ughhh
4866,37076,1,thegrates friend request play nothing sir hit perth tues jazz charni
4867,21114,1,bronte saurus i hear again wish
4868,2747,0,nelja exactly like in glasgow it s bgt busier
4869,18343,0,jvb thanks found article say cannot join uk though
4870,21568,1,is postieeee http andshehopes blogspot com kewpie html
4871,6105,1,art advisor haha going turn thing but can t tweet phone stupid spammer
4872,19251,1,avalm never tell mommy mean me
4873,5586,0,tryin fall asleep work
4874,27516,1,miss lawrence oi fe aprendi usar twitter eu acho bjus
4875,25372,1,know what s best tactic best tactic go flow care
4876,34376,1,borat less gay http bit ly izkab
4877,20593,1,keep character limitation soon writing like shakespeare garrulous fourth grade scribe
4878,18512,1,johnnybeane happened
4879,37534,1,ce tare is tin castile pe urechi si n am dat drumu la muzichii bun asa cred ca vopseaua m a afectat rau
4880,119,0,allergy suck duck nut lt gt
4881,12553,1,belly speaking me need food
4882,11461,1,justinmcintosh ugh
4883,12783,1,ruthnin expense could without moment
4884,7987,0,happy dont know reason
4885,18438,1,mrgetmoneyent ahhhhh work
4886,12295,0,veronica oh noooo suck reschedule another show
4887,23923,1,new twitter hi everybody suggestion me
4888,6218,0,hate moving
4889,24110,1,robluketic kidding say fast you like second tweet nothing
4890,25679,0,squiretwizz right sympathy well
4891,1364,0,zackintoys sadly hopeful american doll posse blah vacant dynamic
4892,3997,0,wow tomorrow over never see people again kind sad
4893,15241,0,missing best friend commme back kayla going little
4894,1766,1,keytar make mind
4895,8150,0,hate pain
4896,15665,1,georgielockwood im sorrryy went cinema broth cause im cool yeah im sorrrry tomorrow tho ill make sure
4897,37845,1,agostino http bit ly ngjkn told probable
4898,14727,0,way work hungry
4899,22088,1,watching h amp a got new photo myy room waiting ulise get home
4900,33500,0,tipthemilkman awww problem sorry tha loss
4901,8037,0,today off work tomorrow
4902,3320,0,hm still workin contract hmm i m feelin awful
4903,24983,0,bye plurk muna back im done reading book http plurk com p rqc
4904,35551,0,go boo s pad
4905,23856,1,wyclef that s good sentence
4906,26926,1,pfoty forget venezuela talking like classmate
4907,32965,1,digital girl well something thaz quick please
4908,1088,0,matty le tired
4909,15076,0,lovin clean shaven mr flower look young reminds getting old
4910,994,0,rscheuer sorry spanish moment
4911,29967,1,hatpak remeber blue dolphin wore out thinking victoria day gift me
4912,10891,0,looking special girl im fed bein hurt
4913,28574,1,dachesterfrench dammit guess baby daddy impostor then i kid kid
4914,6439,0,hate interview im going horrible today
4915,30552,1,tommygun truth
4916,19860,1,essinem ohh poor cupcake wave tlgame
4917,16965,1,physical therapy
4918,4875,0,another gorgeous day pau will home time week though depressing thought
4919,20031,1,monday here one day
4920,2399,0,kpatthethird fml dad didnt leave moneyz wait till get home call finish work
4921,25808,1,joined
4922,30019,1,hello new follower say hi say nice meet too
4923,6297,1,going home back get grocery stuff
4924,19565,0,donniewahlberg l d come u could australia far away
4925,15160,0,omfg favourite jerk chicken place closed
4926,37364,1,peterpepperpark u dont quit smoking http bit ly chzlw
4927,20886,1,arunbasillal tat psp father name hw end userid long story vishnupsp user id almost site
4928,17762,0,papercakes hate happens hope figure soon
4929,14179,0,leesab nooooooooooooooo well g prob june help u
4930,27923,0,smileitsbubbles yo name girllll
4931,21006,1,watching short stack tv
4932,704,1,l a said quot wipe slate clean quot jelly
4933,13613,0,anhhoang sorry posted vid again load me
4934,35272,1,rockstar sid full length video bad
4935,17218,0,feel bad nice people though whover said line
4936,4488,0,covering grnturtle slow today amp lonely
4937,7242,1,missed hello kitty enough time oh well
4938,34638,1,yosid
4939,9789,0,thriftymommy well daughter now thats said i miss day they go sooo fast
4940,17686,1,emmaloveshearts gross haha like tiniest piece ever taste like ate whole onion eww
4941,37959,1,yes am yes driving night back dallas lead worship morning sleep overrated
4942,7026,0,working freakin computer trying save stuff harddrive seems failed miserably
4943,23585,1,alloverart good morning
4944,18078,0,kill sick n friday night
4945,11262,0,happy sad may soul rest peace
4946,21774,1,say somebody n e body please
4947,11719,1,partyends talk zlam dunk http partyends com blog p cd release tonight stubb s wish could go support
4948,35580,1,free all good nite mean good nite wateva
4949,29640,1,waitin fall boy
4950,449,1,week wasnt without adam lambert performance
4951,35910,1,cook sumptuous lunch today
4952,27090,1,jerryshaw lol get then n give one
4953,36648,1,werecat good know thanks
4954,31227,1,fawxing crayon
4955,21177,1,davidarchie follow jason castro following you i mean want to just letting know
4956,30589,1,islamqa well bro
4957,20517,1,madisonsaywhat yeah imagine
4958,9864,0,feeling well food poisoning
4959,26331,1,n case missed show yesterday here s chance listen bbc iplayer enjoy http tiny cc oikbk
4960,10371,0,good place grab quick healthy lunch downtown golden look like may safeway
4961,27726,1,milan retardeddddddd anyone wanna see paint pic
4962,35699,0,davestyles haha yes b men lie show one marry
4963,29701,1,shutting up jk
4964,34682,1,neptunecoffee yep even better tap
4965,14440,0,hate program freeze installation
4966,15897,0,seattlewillow well work leah might something embry
4967,21635,1,actually really liked merlin last night part bit eh part chick singing like whoa
4968,20344,1,mrrvm ruilen
4969,2925,0,jennytalia shut face mean me pedro supposed mean one
4970,22524,1,angstyrossini lol must new
4971,10354,0,wait get home watch new moon trailer clip stupid work internet access restriction
4972,13946,1,san jose good time w bros also helped dad edit next holy land brochure wish could go
4973,39441,1,claire cordon morning done bit more week go trying get done advance how s you
4974,35352,1,still bored long till next tour date
4975,25836,1,raining calicut
4976,35877,1,sunsetboba lulz robert
4977,11864,0,wow really missin fam ily today baddd
4978,24577,1,kiyomisu ya would gained kg then working today
4979,7012,1,notoriousflirt yeah
4980,3985,0,taylorswift soooooo wish could im school myspace completely blocked
4981,31260,1,idratherbeski siriuslyheather follow
4982,14843,0,hello thank followfridays people always forget sorry
4983,2060,0,boo season finale
4984,27682,1,pink hey lady coming canada fall love see concert time st time
4985,37515,1,manonblaauw ooh know it hold hand
4986,5527,0,broke girlfriend feeling lonely heartbroken sad time guy n
4987,8335,0,marisatangorra handwriting isnt them everyone making fun im sitting myseld lrc
4988,19780,1,crazygolfa think plus everyone want see d train could keep going obviously not hopefully bounce back
4989,602,1,waiting get picked up
4990,33702,1,listening jello biafra work
4991,10165,0,slept eye open again hurt like hell wish could find eye lube stuff make feel better
4992,30140,1,sethsimonds re chocolate thing
4993,22565,1,busara im duong vietnam r u from dont understand wrote twitter please tell me thanks
4994,19517,0,ladebelle yeah double edged sword guess dead new story
4995,50,1,chocolate milk much better straw lack said straw
4996,36368,0,finally home exhausted work week over still expect less hour sleep tonight happy mother s day luv mom
4997,29802,1,eye wide shut one weirder movie ive seen any wanna sell their sleep apt
4998,16647,1,nothing sobers faster getting sprayed wet hose
4999,9427,1,dad s telling travel alone on problem that done boring
5000,15308,1,helen bop marisa mauro go use banana dildo srsly people arsehole
5001,24535,1,young money
5002,15892,0,kingivn fun amorsote even tho u forgot bday today
5003,7948,0,charlies roastbeef mostaza manejamos wtf
5004,19144,1,tamtamdoll no new orleans since katrina
5005,29033,1,twistedraisin movie too
5006,10711,1,damn it
5007,19990,0,gossip fluffodile here latest mad night teg jack lou tess frey gender war v sad friend also
5008,6246,0,roxeecruz ur linky worky
5009,37299,1,studying math brought brain explode
5010,26785,1,bailann quot may th you quot that s why
5011,23964,1,rcss
5012,3231,0,last day exeter last session gym last breakfast last meeting coming
5013,39275,1,jessiealeea lol well hope find someone give massage wish could half world away lol
5014,27403,1,davidarchie great end having
5015,33516,1,well go that shirt haha
5016,13688,0,mitchelmusso album getting uk release ill order pay huge amount get shipped uk
5017,21488,0,bj way inconvenient
5018,12915,1,jrobertstwc help jen monster energy drink crashing
5019,1504,0,dj cm drink enough hangover tired worked
5020,36458,1,u missed disney pirate skit snl http bit ly ppf
5021,11627,0,porn store forgot put dave ipod fail
5022,13367,0,photogjack yeah price used market hasselblad even close way used hold value shame
5023,7710,0,playdate cancelled
5024,36679,1,scorpfromhell latest season doesnt air indian tv channel so kinda download episode view online
5025,7270,0,sweetpea here sad time
5026,11968,0,glennbeck husband loosing goverment job due downsizing he looking new job can t find one small town
5027,4513,0,garethcliff heart hurt them imagine shit skin twenty stuff smeer it shame
5028,19154,0,michaelpietsch totally ignoring me sad heartbroken
5029,16611,1,throwedmind sun see ocean now i almost ran squirrel driving home store foggy r you
5030,24523,1,threebysea hey there crop photoshop play around composition look better large etc
5031,4640,0,bored well like one see havent got friend
5032,8072,0,starving alyssa s mom would bring subway
5033,8688,0,lilvanillafrop that s funny
5034,14661,1,humidity friend ask hair
5035,9179,0,ready saddenning depressing dullful upsetting dreadful weekend
5036,1014,1,blindcripple good idea brain can t twitter
5037,14084,1,avinashkaushik new article finding youtube channel stats google analytics account can t find
5038,2733,0,sad beloved boy online wait everyday
5039,3238,1,slpy day zzzz
5040,12244,1,ate way many chocolate animal cracker
5041,35190,0,oohhmandy itsnikkitime haha shiiit austin o brien pardon bad call
5042,22861,1,judysteapot yup working away hard busy busy busy
5043,32404,1,watching cat hat
5044,1371,1,feel like ive done london marathon ach
5045,11591,0,micahjosiahd really going miss
5046,35321,1,anakin one twitter driving although iphone keypad suck driving typing
5047,5048,0,acmaurer wonder get urbana
5048,24423,0,right street market rain good idea home fire bacon sandwich yummmmm
5049,35906,1,letting read this
5050,19179,0,rockin river me tonight
5051,4220,0,four hour fifteen minute three day packing spree ugh work
5052,26580,1,gulpanag tataindicom good tatasky airtel broadband better
5053,10217,0,played like game dota hahaha wanna go home
5054,27393,1,hook rian van staden twitter much better cook may concrete suggestion
5055,38500,1,reese s piece ily
5056,3450,0,afaik little sad croccos longer available salsa wed night bummer ienjoyed going wed night
5057,15638,1,want katie
5058,7023,0,feeling today going boring work till
5059,28722,1,ishakey yea wassup
5060,1510,1,nothing
5061,11071,0,crashing wi high missing mayfield
5062,11001,1,lunaandlarrys love dessert used live live tx can t visit you
5063,28657,1,charlie chocolate factory mood johnny depp bed preparing hour wok day tomorrow
5064,30759,1,lilvicioussodmg yessir
5065,16378,1,oohpinklipstick yep am got back morning nfg fab last night cant go tomorrow getting m ticket soon week away
5066,16726,0,mrgranger trouble think helping wrist
5067,15822,1,r i p gb playstation missed november may
5068,28777,0,good morning today last day quot freedom quot back work tomorrow sorta stoked not stoked well
5069,3214,0,concertjunkie quot i saaaaaaid quot haha kinda make sad though http bit ly ujua
5070,37946,1,listening cat snore
5071,9619,1,would really like work instead taking nap
5072,39001,0,malarkey ok point taken tell team stop cynical championing standard active x far better anyway
5073,6416,1,time going slow
5074,37200,1,markborkowski greeting jump pool water warm might want avoid shallow yellow end misternoodle play
5075,13818,0,kaelahbee aw kaelah feel bad you sound serious please get better soon admire still working hard stuff
5076,35037,1,iamraphael bad yo dint cast late time like am
5077,14134,0,really missing daughter haiti wishing could go back
5078,14136,0,batman sound bicycle suck cant ride
5079,20839,1,greatdismal wolfram s got chinese room problem chinese or bangalorean hacker run without knowing english it
5080,17673,0,head hurt
5081,13032,0,freyalynn dude fail know exactly place
5082,24487,1,deathwishedx changed mind mid june one x
5083,5535,1,got idea reach birthday brunch location road around west jkt clueless
5084,11653,1,jcbenge caught damn
5085,7153,1,weekend cuzzo vivi can t stand leave week
5086,13969,1,roxxy nah next week honey fault confusin u
5087,24090,1,taking day absolutely nothing studying begin morrow
5088,33025,1,space right next rack another one plenty space ccna ccnp ccie lab
5089,37513,1,lwoodhouse btwn two prefer quot second quot for me datapoint evokes danapoint data star trek tng
5090,4741,1,crappleton sure i still got hr till home fridge beer beer beer lol
5091,14673,0,watched marley amp me i cried hard
5092,9361,0,hmxcasey sorry
5093,11054,1,hum bill bailey
5094,23774,1,goodmorning everyone
5095,20954,1,sketch happy star war day
5096,33256,1,enjoying cool breeze beach help relax unwind
5097,18847,1,bkkrakora ew used get quot suicide quot mid school mix like soda together drink it think remember enjoying it too
5098,18693,0,ep problem adult shirt too annoying since lot adult player shirt come kid size
5099,9195,1,aboveallfabric agree married yr th move blah
5100,29614,1,dwight davis headed conference oh book buying ban always borrow right
5101,7144,1,noodlez actually time get there train would arrived
5102,29954,1,packer that s interesting know thanks
5103,27104,1,musicjunkie alright it s ok ashley tisdale
5104,11675,1,sore throat
5105,5492,0,awh last day tour miss hangin w sendoutscuds child soooo let s make awesome nite ok
5106,25755,1,ritzybee good luck week know handle grace
5107,24164,1,early monday great rainy monday not great
5108,16443,1,replied back
5109,10880,1,anyone know call international cell phone france sure dont
5110,12564,0,experienced apathy empathy customer service situation many time recently
5111,38566,1,kawehdashti ahh nice idea but already done thank u
5112,16400,0,smackdown lot boring without maria
5113,13383,0,gotta buy second season ghost whisperer now noo moneyy
5114,2296,0,dtothealex really alumnus know myself mac yet there
5115,10115,1,dietsch union square somerville better probably help zero point though
5116,12944,0,joemuggs urgh grime likey
5117,25043,1,venkateshkumar true write seeing ipl
5118,39027,1,got one babygirl
5119,4267,0,think may cry sold civic longer mine
5120,7770,1,honeychild person joined penilewords
5121,34076,1,dang im going philippine new transformer movie come out honestly im upset
5122,17455,0,sick fighting look like burlesque
5123,1021,0,there s nothing right tired want sleep cleaned pretty good proud least good janitor
5124,34015,1,mic dee yeah bought making crispy waffle
5125,28299,1,pingpingss quot just quot http tinyurl com cuyt
5126,35761,0,dangercharlie welcome char glad liked cake pretty simple give try
5127,28005,0,thisisbenwood wanna go see edinburgh happen though haha yir lucky funnnn xxx
5128,6951,1,nuno salvaterra argh totally right escapou me
5129,4872,1,thinking career change
5130,9929,1,bhamboxset saw show week ago hate say impressed fun good though
5131,27811,1,beautyandbedlam make sure come back comment again
5132,7048,0,got hair cut great stupid gum
5133,747,0,funny kinda sad last day
5134,1918,1,wish private jet go see bff time like this ok ok ot really thinking carbon footprint here
5135,22776,1,felicityfuller
5136,34745,1,buy one shirt http www districtlines com revertfashion know want
5137,18932,0,tired hour work tomorrow
5138,24979,0,sensualbodyrubs hope get car today hate anything stop work
5139,28622,1,crobcary no working day monday try remember email smart remind me
5140,6004,1,london car that s degree air con
5141,6450,1,pissed bluetooth headset s battery lasted cell s battery gg moto q
5142,18816,0,friday love party sitter
5143,8623,0,cheesetal miss coffee
5144,35895,0,social saw g awwww
5145,14924,1,dennispillion wafflesauce ugh people fancy trip italy slaving away computer
5146,3659,0,ste feel pain hayfever forgot take mine yesterday again
5147,19637,1,im bumbed though cuz ima miss da laker game double sad face
5148,34103,1,scottrmcgrew toooooooooooooooooo
5149,655,1,duciaestherine ohh ic ic haha iyaa summer filled one course last whole summer
5150,4852,1,one lactose pill enough coffee oopse
5151,12461,1,mutualexcrement fell asleep minute saget roast
5152,21531,1,apple fritter like perfect food don t think
5153,1833,1,poohbaby hey whore that s kinda mean dont yu think
5154,17753,0,drive tweetie crazy miss big blue selected tweet highlight can t tell tweet selected anymore
5155,6098,1,sorry using tweetdeck letting tweet today
5156,36745,0,happy mother day feliz dia delas madres mine already heaven miss you
5157,20762,0,raining stuck inside working today probably peed sunny outside ok rain
5158,20854,1,bhackett hi teach chinese lesson youtube feel free look www youtube com chineselearn
5159,15628,0,dorkita buu get right plop close quot urban quot
5160,15398,0,scomizzle ur moving leeds wut u there work ur jetsetter i wanna move england
5161,39515,1,yes say know split train thought three tweet think last time summer happens sometimes
5162,32310,1,going see star trek back
5163,12967,0,didnt cry end sad see last episode er man good series
5164,2493,0,tired anxious
5165,5359,1,spifferiferfied used eat often company there since moving de plaines eat wendys
5166,17839,0,dinosuit idk stupid th grader
5167,28491,0,etsy never noticed right guess that s heart always dreaming travel
5168,35607,0,feeling good kinda tired miss him can t wait grad weekend
5169,8653,0,champion yeah neither huntsville would quit job one job there
5170,18409,0,got fight pavement think poor little knee
5171,6568,1,tgtommy link sent tax relief web page
5172,27010,1,dougiemcfly saw walking back starbucks orange beetle
5173,20120,1,twittering
5174,18974,0,ksegiii cousin moved like year ago miss much looking facebook im sad
5175,2685,0,nothing could get worse could it think id verge killing someone else thing good anymore
5176,7990,0,dinerokidmayo im upset cuz everyone agrees
5177,19993,0,bookfoolery used book expo canada toronto cancelled year beatwittyparty beatwittyparty
5178,19772,1,pack can t leave right
5179,3419,0,ijoostin good think that s fault though use buttermilk recipe back flour
5180,21010,1,eating hawain pizza breakfast bit cold
5181,14997,1,foursquare chance madison wi location soon maybe small
5182,10329,1,laccboner man cut hair now mean cory procuts come
5183,23521,1,kbphotos early bird see
5184,9502,1,looking littlest tsutsu
5185,7149,0,trip dc next week canceled so artomatic beer genehack
5186,29903,1,znatrainer today
5187,17379,1,made little cover iphone bird upside back http twitpic com tp amp http twitpic com to
5188,9620,1,misschellebeans work til
5189,13536,1,arrg trying upload picture darn thing let
5190,28007,1,sharlynnx hahahah course nasty display picture
5191,30255,1,angedoubleyou cinderelliiee
5192,4106,1,katstopfeeling widddd bus london amp also
5193,26469,1,jboriginal yip would sign dodgy site jo eish boet ain t cool
5194,18467,1,poppornblog ouch picking nose count
5195,20737,0,love camp fire wish kid would try bit harder sing along
5196,617,1,someone make cofffeeeeeee
5197,9968,0,want go tonight cant get home
5198,37442,1,going walk nï¿½mme test new hiking equipment telescopic trekking pole boot coolmax sock
5199,7312,0,diesel wish take care
5200,21986,1,twitter connected facebook http twitter com paynetsystems amp http tinyurl com dagmoq
5201,34956,1,somewhere center
5202,2849,0,bah day ending nicely began
5203,3583,1,cannot relaxing practice graduation
5204,5582,1,looking accessory livescribe smartpen many source germany it
5205,26306,1,good morning
5206,3420,1,damevegas alive work finish sun
5207,31607,1,p loca thank babe doin evening
5208,33156,1,law power robert greene little bit much me anyone interested copy dm
5209,8567,0,davidarchie listening album youtube awesome can t buy
5210,24215,1,galiiit haha def song epic fun listening new fnb
5211,32346,1,alonis lol quot guy wet suit quot go beach view girl wet suit
5212,10537,0,suai awww sorry long u left
5213,35833,1,beverlykidd also happy mother s day
5214,1888,1,gotta sleep work
5215,39567,1,morning ish hows everyone
5216,15858,0,awe going meijer walmart walmarts better
5217,39625,1,happy mother s day mom pseudo stepmoms
5218,18443,1,bnever oh darn london
5219,31837,1,livefromthe goodnight
5220,9581,1,westerfield picked taco lunch got guitar
5221,32202,1,quot the truth hiding eye quot patita missmarian paramore ï¿½ decode daninho http blip fm ytke
5222,8764,1,get another pack geography test correct weekend
5223,36246,1,http www twitpic com wp made cake mom loved yay
5224,13456,0,think quot how much want it quot factor really want fit again that s going happen
5225,7523,0,becoming edgy bcause lappy arrive yet
5226,23325,1,going start using password fast access m twitter com school
5227,32954,1,tired go sleep night everyone
5228,11089,0,feelin well feel sooooo weak i hate bein sick summer
5229,11419,1,salad krogers hungry
5230,4083,0,grew fat today gss hxc saw full house chanel jc pedder red ferragamo great economic downturn
5231,29090,0,dannywood btw still can t believe awesome newjabbakidz performance wa u mask i screamed pc
5232,10420,0,p rainging
5233,691,1,hii thatsï¿½mee woke going school me
5234,26781,1,setting business hour am pm rush job still considered norm
5235,10035,1,jamjar got much nite b bored bath still hav wash dry straight hair get clothes ready etc
5236,16355,0,x crazyangel gah gregg got hot talented vote dammit
5237,2070,0,vzzzbx glad sad me my iphone badoptus
5238,30181,1,came back mall
5239,7880,0,oddo s grandfather passed away sleep
5240,18474,0,must weather b nice bad minute
5241,1280,1,sooooooooo dont want go work today nice outside
5242,8239,0,shoot mile
5243,6478,0,toystorywasok party moved next weekend stupid weather
5244,13601,1,moonfrye plan weekend include working paper driving guy airport see wks
5245,8817,0,http twitpic com rw miss puppy
5246,62,0,want buy great album unfortunately dont hav enuff fund quot long time noisy quot
5247,17459,0,greenlabel aww that s awful make sad
5248,53,1,mennard time diff wrapped day day stuff havent tweeting talk soon must sleep up hr
5249,5805,1,bbqs might buy disposable one time
5250,21738,1,would appreciate would big tim kaul fan ya know
5251,13476,1,rofl okay dont know kristin still isnt
5252,13575,0,draining iphone battery half day without making single call suck month old huge fail apple s part
5253,21143,1,meant looking like tiger stupid predictive text
5254,5214,0,gaspsiagore quot stunningly beautiful quot quot new piece quot usually go together wish could go
5255,36744,1,conan funny
5256,21452,1,unreal g i ve sneezing felt like train wreck last two week myself it s piggystuff we re good then
5257,2033,0,taking foreverrr jess get im bored
5258,9542,0,spring awakening cannot wait start last time ever boo sad time
5259,8128,0,back lunch pouring rain ugh ohh well least get death cab cutie mood
5260,36861,0,yan ming affascinare gg summer sch though attachment yan go see blog check msn ask kinny
5261,8650,1,kristaneher wish going internet week
5262,998,1,signed account political website could post comment working
5263,31304,1,cooky good
5264,14006,0,time get game cancel th season like show
5265,31303,1,billzucker thanks try behave
5266,6727,1,so zwitschert there s supposed lt end last tweet guess twitter ate
5267,18733,1,saw toy story trailer get epic woody taking l s
5268,16100,0,lulion praying you sorry hear bro man
5269,9192,1,misscritta know considering bought lot new yarn recently think necessary time
5270,32113,0,writersblock bev too sometimes kind day need relax
5271,37228,0,asked sing yet again aha coffee mornin time psychology past question amp revision suck
5272,27595,1,jberrebi use mozy com
5273,11038,1,warmed nicely outside suck stuck inside coding
5274,3923,0,forget much miss tribe til limited access talking them spotty internet country long
5275,10424,1,duncks close enough could run get one
5276,443,0,bad day
5277,453,1,smh hiphop nursery rhyme
5278,32841,1,ladybug thanks
5279,14276,1,twitter facebook myspace no phone still
5280,20677,1,underhill oh totally work
5281,14677,0,craving something salty mouth tired pretzel tho
5282,10351,0,follower sad
5283,14470,1,butterfly sure yet said see
5284,3781,0,guttered ruby got eliminated nzntm supporting local haha hosanna better win
5285,24867,1,runningfrommich lt x
5286,7965,1,want eat baked tahong while really http plurk com p xke
5287,21724,1,dragonflly writing fanfic
5288,21247,1,holiday
5289,35793,1,nikicheong try installing twibble java based app work phone
5290,5251,0,meowmeowhotmix chick wont shut stop chirping sit bloody thing
5291,22209,0,borred everyone doingn check link profile
5292,26961,1,listening sublime work got get resume done design work fudge factory
5293,3485,1,kaneth yeah get today showreel playing
5294,15096,1,dianeneal livin large huh got hammock no tree hang
5295,14942,1,mareyachristina haha wish could look like little boy
5296,27709,1,http twitpic com jkes edstetzer here s follower count
5297,12809,1,sure hope becomes afternoon
5298,39776,1,dawnmarieh excellent got name yet forget twitpic him
5299,26922,1,working
5300,11717,1,perky purple nail polish perky chipped
5301,21639,1,atomik re job still waiting friend thanks asking need little http blip fm jehr
5302,21189,1,elsietay sure fanciful expensive one basic one expensive try hr m shopping place
5303,18905,1,tv boring
5304,15984,0,lost one best friend iï¿½m sooo sad
5305,20525,1,finished watching episode amp ruby metaprogramming screencasts lot cool tip great need coding practice master
5306,15957,1,aight im out see spring awakening home make home time see jay s last show
5307,2800,0,honeyjune k guess cant help it byeee eva m really sad
5308,39703,1,listening apparat make bacon egg surprisingly functional morning
5309,870,1,k goodnight gotta chuck e cheese tomorrow following kindergarten shot physical bla
5310,33498,0,farah n pete terrible job hiding it
5311,19364,1,bouncing rush make feel nauseous
5312,4065,1,erikvanbrakel company policy last two place worked
5313,2677,1,listening someday know raining
5314,5550,1,thought id tanned hour sun wrong i ve burnt
5315,550,1,monpio
5316,332,0,alo sad quiet empty tonight
5317,9720,1,bout tuh head find sum wher tuh go chill
5318,13824,0,rosaliejhale fine trying figure meaning behind song cant think anything urlm in cnmt
5319,38578,1,pembsdave classic word roll
5320,11863,0,chicago pretty much sold tshirts
5321,28684,0,save pix today show please credit www wireimage com thanks
5322,7780,1,bec oi twitter eh chato ma vicia
5323,4116,0,need pizza can t get office
5324,20273,1,victoria wanted get piercing thought would distracting others giving presentation u think
5325,27318,1,s a reparat mac ul ieiii m am saturat sa car kg multe dupa mine
5326,3715,1,picture zack saved bell http twitpic com lg
5327,4265,0,headache nobody keep company want to be a kidd again lt
5328,1906,1,whatthelillyyo missd otha again disney day yesterday
5329,36641,1,da time gtalk pls make follow count
5330,20769,0,miguellf want ot protect moleskineï¿½ notebook worldwide all
5331,2072,1,need pas exam
5332,8600,0,sallyorourke mean portfolio sad luck here applied place far
5333,38310,1,cake anyone http www flickr com photo kayveeinc
5334,22552,0,night b put hold week coz ill last nite gutted still nice nite tho whers sun gone
5335,19141,0,renegadepr cool looking forward san francisco really nice make napa though maybe next time
5336,3682,1,want s see maniac come post
5337,18175,1,suck
5338,31345,1,watching jt snl
5339,4962,0,joewitless nightmare huggles
5340,19473,0,thisstarchild aww please explain quot botts quot fused
5341,34683,1,weddingradio want learn make flower
5342,38132,1,jasonbradbury oh dear rotten life lead not
5343,19484,0,tinpanalley sorry bro that s rough
5344,20859,1,dwood hi teach chinese lesson youtube feel free look www youtube com chineselearn
5345,9784,0,im wishing weekend go sol
5346,25868,1,mspecht well bugger send list right board
5347,23606,1,stephenfry must were wookiee
5348,25398,1,work go day kiddo s finish
5349,26340,1,jpoglesby hope feel better soon check cool backround profile
5350,30494,1,eskimoem hope great weekend em say hi fam
5351,17689,0,xchristineannx aww sorry boy sick keep finger crossed tail lol stay well youself get better boy
5352,11382,0,changed car tire cost bomb
5353,16015,1,still home goodness
5354,9407,0,wanna get dressed adult today
5355,12767,1,hollowbabeshere come utter shite bgt lt i completely agree
5356,6429,0,tinylegacies sigh ah well maybe second email clear get approved
5357,20727,1,morning hope everyone great bank holiday
5358,39788,1,sarahg lmao would taken least week
5359,22523,1,eating cheeto puff
5360,519,0,ravel sniff sniff take care ravel hopefully chatting soon mean time hella miss you
5361,32742,1,thaentertainer hill go lc
5362,27430,1,yum mickeyds eggmcmuffin mcyum
5363,10606,0,birdsandbones meeee too listening sad music missing you p http www daytrotter com
5364,25053,0,twitter
5365,17833,1,mitchelmusso keep trying get cant
5366,13945,1,monsterchew thanks check next time target hour away
5367,14572,0,pembsdave lmao im gutted co didnt come right
5368,15613,1,nambucom waiting get back nambu stopped working for me
5369,28158,1,figuring twitter thing work
5370,5180,0,killzonedotcom ti sad day
5371,26228,0,mattthewhoare please tell cut price macbooks although photoshop reduced that d great
5372,18116,1,selenagomez aww cant wait back la lt
5373,34275,0,strongly agrees jason wolverine hugh jackman sorry kid mouse
5374,19245,1,kaiminoeau heard said show
5375,16413,1,anyone else problem following unfollowing peep gone week
5376,9147,0,xnicoleex yeah sorry busy last night ill try go next week
5377,18819,1,wow new google icon suck http bit ly zjie
5378,20718,1,back home man im hungry getting ready shopping
5379,19956,0,home lost baseball game friggin point gonna scrap
5380,9970,0,dayna aka rowan could talking he s probably though
5381,26273,1,wild oat pinot grigio v easy drink
5382,31072,1,chiefeditorsau say hi buy shot to lol jk
5383,8916,0,way many people cry school picnic decide want go back go public confused sad
5384,13943,1,damohopo thats week away im sure got tweeting night before
5385,11006,0,want cry
5386,15691,1,yungnik lmfaaoooo watched pink video you know well love it soooo lol
5387,7570,0,thought wuz best friend
5388,18090,1,okay back later
5389,19476,0,hannahxmakeup stupid putet let go chat
5390,1194,0,rest peace adam amp glenn epps gone never forgotten week loud da air ya
5391,26258,1,italyjames wutz good sent u emai again get girl
5392,20497,1,sdweathers hi uploaded completely new chinese lesson www youtube com chineselearn please feel free watch enjoy
5393,3386,0,got new high speed machine stuffed latest technology development office z crashed
5394,1057,0,lappy charger completely dead conserving what s left battery afford buy new one
5395,12968,1,back home
5396,38654,1,looking pix dbuc seems like everyone good stuff almost wish nice time
5397,10883,1,work
5398,4486,1,addisontodd um hi good morning rough night
5399,13984,1,kevfp yeah think depends it least im getting free ill miss sk though
5400,13323,0,r i p lil si s cousin babyfather jimmy aka gemstar
5401,14583,0,im sick youre sick imy
5402,24746,1,new book pocket http bit ly biad
5403,1680,1,yarivs storysize and posted short story one liner show news friend see wall
5404,22607,1,saving ipod touch tb external ram upgrade morning coffee
5405,5645,0,conference call arranged pm today blew leaving early window
5406,9945,1,sneezing frequently
5407,22994,1,burning time wacha
5408,9449,0,hatcherdogg would love plan
5409,36273,1,chrystinagrace chrystina grace timberlake ring it
5410,10697,0,backstreetboys http twitpic com xwq impossible know closely
5411,15529,0,koifusionpdx another day find you ended trying another cart can t remember name sigh
5412,21368,1,can t wait till tomorrow new day
5413,29306,0,lanceschmidt yeah kinda bummed tell gonna miss too loved class guy made student teaching fun
5414,16251,1,liquidtoffee plan tonight
5415,5069,1,loving fact tension set iron man poor gwenyth can t handle scarlett s shadow
5416,18875,1,jennylouis baby
5417,27985,1,first post twitter please visit u http www myfasturl com
5418,1605,1,door look naked make room feel bigger though
5419,1037,1,got home killing possum
5420,11025,0,ziggy friday feel boring too time fun today much mood either
5421,1417,1,homeswapperteam point twit bgt must one people havent found swap depite promise
5422,2094,1,guess happened butt yesterday yes anna finger came visit said nothing it
5423,3650,1,done washing clothes tired
5424,25281,1,tea lee rosy s
5425,2802,0,hate quot out of nowhere quot stuff
5426,17404,1,opieswifey unfortunately no
5427,26515,1,thekingm cuz play grown twitter
5428,35540,1,joannelee tell everyone say hello
5429,1479,0,um k close eye song always make cry bc mom gone lt anyway
5430,11983,0,somebody installed vcenter server window x w sp sp compability matrix
5431,14958,1,thebrandicyrus think u look horrible de mmommy pit embarrisong facebook picturesnof
5432,13852,1,opium war lt
5433,33726,1,vivianchiu lol buy mummy flower
5434,3455,0,irrationallogic yeah daw awww wear mask na
5435,2758,0,two page assignment weekend go chance relaxation
5436,8823,1,want bad go mcfly s concert anybody go me
5437,33543,1,yeah brain rock happy share knowledge carrie
5438,15595,0,nooooo raining had leave beach
5439,16498,0,mitchelmusso can t call mitch im sweden
5440,1056,1,facebook quiz one cure boredom haha teeth mouth hurt
5441,26699,1,poshpinkla goodmorning
5442,21215,1,chirstey gratiss
5443,39576,1,happy mother day even though uk lol
5444,26121,0,ill bored bank holiday nothing open bad time film
5445,4240,0,bring connector camera trip saving new photo wait another week
5446,549,0,mariuslt sorry bad driving experience
5447,30357,1,cvjason mindy inotherwords c scrapplesandwic thenewnicole sweettreat thank ffs friend
5448,8903,0,ederyn bad day t t gyah car baby client teething miserable forgot pack lunch get new car
5449,5767,0,oh man my fiance got work start mine hour so fair
5450,17207,0,realllly miss parent backyard hammock reallly bad
5451,33466,0,thank incredible support encouragement it mean much constantly bless amp thankful you
5452,11278,0,portugal derbyshire least sun shining lawn look like percy thrower gardner in residence weekend job
5453,1658,0,shortstackband grrrrrrrrrrrrrrrrrrrrrrrr
5454,18940,0,depressed ty much
5455,8768,1,ok ok my house need cleaning clothes need washing time put twitter away awhile wahhhh
5456,22674,1,smoshian pink straw also make manly
5457,15810,0,yesterday missed live chat internet problem ï¿½ï¿½
5458,13804,0,came online big cause ruined
5459,26357,1,biology final today home prepare psychology
5460,25710,1,wallace gromit bbc
5461,4578,0,sigh ubank usb died afternoon r i p missed even chance parade around yet
5462,21099,1,morning happy star war day may th you
5463,1309,0,polyap pol song new album really missing udd
5464,9568,1,brieasaurus haha yeah oh well im going go emo
5465,13660,0,leathermartini awwwh sorry glad closer u though
5466,3919,0,onlyme girl yes cant see wont gross enough
5467,19946,1,wanna work
5468,4538,0,nacmacfeegle sad see despite glib
5469,26823,1,white dice coming studio eve pm am radio city
5470,15941,1,themakeupsnob
5471,10644,0,kurttheobald problem unfortunately think something sort own
5472,38839,0,mialotta u feel shit nerve tripped plastic telescope yesty fell wall head still hurt
5473,762,1,lawikyn ze franz friended think think creepy stalker sommat hmph
5474,4708,0,http tinyurl com nqudrt hurt finger work
5475,9721,0,wish hanging kobe right
5476,33659,1,bellmyshell s misseichas
5477,14058,0,hoe none
5478,2875,0,mistermagnus friend us logic must admit like it but mac
5479,30840,1,good weekend
5480,36952,0,trying blend know suck there s harm trying
5481,20903,1,arhh goodnight
5482,2160,1,guess smoking tonight
5483,24478,1,matthew nl bee trapped honeypot
5484,8173,1,nikkijean wish coulda
5485,6458,0,aww nobody like album posted million attempt boohoo
5486,38863,1,tommk tell friend tie railing expect tweet tomorrow headache feeling tired
5487,22695,1,swimingelatin congrats dreps good luck sa interview
5488,13129,1,akoha promised would spread card around india and gave someone deck amp never gave
5489,22788,1,deeyraa nope day off
5490,16145,0,hanging rex missing alabama nanna already
5491,6798,0,blah car repair almost dollar shopping around better deal
5492,10491,1,hunrgy right heel kill hardly walk
5493,25962,1,it claire wanna get warp pant
5494,27981,0,watching quot all king men quot pretty good far
5495,17788,1,akte mean leaving me
5496,604,0,gonna miss live comet action tomorrow go take care cousin access interwebz
5497,30356,0,feelin really awful mono sux much omg listening music
5498,9415,0,giordanobc know feel take far much time life
5499,23185,1,lyssiecc hahah im way lazy check phone ooo michells wtaching recruit
5500,19596,1,washed eye got water sleeve
5501,4860,1,getting ready work
5502,9922,1,skyislands that s it anything work
5503,27675,1,twitterring facebook ing blogging myspac ing bullshitting
5504,32157,1,cryo ahh would good reason heh hope go well hun
5505,3541,0,wished didnt spend money last night
5506,8648,1,replying people seriously refreshed twitter while zindelayentl sorry erinmcfly thanks
5507,39577,1,chimerax hand up me going localgovcamp
5508,16785,0,hungry
5509,17488,0,star son hard review grab instantly morning delay review nd listening tomorrow
5510,26503,1,amyzsenai thank you
5511,23837,1,bit early confirm trend daily site signups still rise
5512,10031,0,thatchmaster miss place miss wegmans even more whole food wegmans
5513,498,0,sometimes thing say hurt one love unintentionally never ever take back fix it
5514,32196,1,finished emergency neil strauss another great read neil congrats miss way
5515,3888,1,can t feel weekend fever anymore everyday day
5516,18121,1,early
5517,21769,1,im school right
5518,13789,1,raining seaworld
5519,27170,0,really tired need morning bed good night all
5520,24229,1,http www youtube com lillysan found morning got subscriber thx check lillysan award xx li
5521,12857,1,biphenyl hope someone spell wander bit man feel like signing twitter couple day
5522,4955,0,paid bill money
5523,10066,1,need burp im nausea
5524,18429,1,lorrieb see sec clip new moon trailer etonline com check out big tease though
5525,14654,0,work today http plurk com p xrt
5526,28988,1,chillin tonight at least now
5527,9738,1,prayer family dog mozart put afternoon pic http tinyurl com mozartdog
5528,24573,1,going take last final am wish luck
5529,38923,0,sassij gonna chop tiny bit one two
5530,36729,1,stillmywords noticed girl welcome adulthood
5531,16597,0,patriciaerin hug oh gosh sorry
5532,23238,1,dd lovato oh see thanks replying anyway you
5533,37764,1,using yahoo pipe combine feed doable amp reliable guess
5534,31190,1,bos said thanks work day peace
5535,10015,0,elleipein aww honey sorry
5536,19041,1,goodbyeeee arizona see week
5537,6738,1,moriagerard one long time expensive
5538,11223,1,move anywhere long freaking dishwasher despise dish
5539,12024,1,hate parent
5540,4747,1,way home
5541,9500,1,really need study many book many update
5542,19085,0,cthundr could go cali without me sad
5543,659,1,joshuah pearson
5544,36750,1,richardepryor splodge ketchup mine please
5545,15675,1,got sniffle got kid hubby left work sydney weekend boo hoo
5546,39090,1,wendy fred canceled account yet logged since november think maybe main rogue lvl
5547,9959,0,ohhhh sad i didnï¿½t get it
5548,5375,1,jaxboxchick lesleyadams pmsharlequin star review canada least quot talk like canadian quot incident
5549,12851,0,need water paper towel coke store feel sick go get
5550,11145,1,yeshenia
5551,18314,0,panda express long missed
5552,2930,1,l need aussie
5553,1959,1,mikdev leave th back th th
5554,12051,1,famouslyalone too need tour date stat
5555,5419,1,watching rain
5556,14730,0,dubarrymcfly really anyone got final yet yeah stuck class loveyoufletch xxxx
5557,17014,0,billohbill s amp r devon horse show gettin mostly rained out lot event ben cancelled incl coach
5558,22817,1,doesnt matter anymore u got learn nice
5559,17194,0,coupleocachers trying watch vids audio disabled
5560,754,0,johneast missed one year forbidden fruit tree garden munch disappointment one
5561,25613,1,bastetasshur trying tweetdeck seen twittering programme thought give try
5562,19492,1,abby in love scanton that s farrr elaine got cartilage pierced cute
5563,1333,0,sibling left alone bored
5564,11331,1,lorenatierra back home monday
5565,31433,1,twospotgobi thanks reply course really explain googled found explanation
5566,29240,1,njdemocrat knew something wrong guy confirmed thanks pic
5567,38152,1,noghty night twitterific twitter tweeting pal
5568,35099,1,imsoapee hang there three hour
5569,5721,0,upset see carys donna go today miss hugely already yes ok like hour haaa waaaah
5570,19066,0,got home school lol week left yay summer school
5571,17536,1,packing
5572,9331,1,avweije yep going better
5573,26270,1,twistedscience rained
5574,13762,1,fractured growth plate mix well upcoming dance recital yr old anybody want buy costume or six gah
5575,35610,1,horsesaavy morning amy xxxxxxx
5576,12376,0,watching army wife always make cry
5577,39015,1,sohamdas agree start forgot news ht sohamdas
5578,34323,0,vautrin ti cool i still stand former proclamation stubborn way rebellioustwitwhoknowsacoolcatcook lol
5579,1461,0,missing taylor like crazy cant wait till back
5580,23935,1,chopstock check conchords business time
5581,6733,0,ughhh studying final wish could go prom
5582,11056,1,really almost time go back chico im excited time going miss home
5583,17643,1,feeling weather today sun
5584,22531,0,day started bad got better
5585,13746,1,last scheduled corn dog oc shift
5586,15028,1,
5587,10785,1,mindtweets agree waiting video buffer finding someone reading loud which could faster head
5588,12897,1,never around sl quiz want water park ticket waaaa
5589,37037,1,duangkeo eat cup cake
5590,9769,0,yasminegalenorn depressed already isnt want book
5591,19214,0,god can t asylum really never get anything cool
5592,6476,1,stlcardsguy either
5593,9761,0,least day
5594,564,0,thank ddlovato cant wait ummm btw ima crash still sick
5595,31743,1,a french paper
5596,18312,0,feeling pretty tired lonely
5597,12746,0,bunny longing hoodie left car brrr
5598,34381,1,chris ryall thought star trek person crazy new movie
5599,36466,1,yay finished journal gonna go sleep now church tomorrow yay forget mother day
5600,10170,1,tree tipped lawn
5601,23791,0,alyankovic oh ate pizza last night too stupidly feel closer somehow
5602,11912,1,misslordy u win u always roll pas lol anyone take
5603,14299,0,follower
5604,9377,0,oh one monitor act deadline oh unhappy camper
5605,32219,1,alaksir thank ff
5606,11395,0,done cleaning taking break omg back hurt
5607,25764,1,indian cowboy actually considering going carnival
5608,31739,1,bigi amp tokyo fashion spree tmr check sih web
5609,38307,1,davep hey watch post many advert twitter feed normally follow blog interesting
5610,13787,1,antonisha man people hard reach stalking h r
5611,38501,1,jayelectronica good morning chairman board www youtube com watch v ivfmpyyucy living thing
5612,16956,0,kinda pissed boy like girl gonna kentucky kingdom date already show
5613,11126,0,really wanted job
5614,23989,0,hard start week long fun sunny weekend tennis free food drink nice people day go next round
5615,21699,1,perfect op everyone advertise blog
5616,2937,0,fell stair dancing sword fell bum hurt
5617,5672,1,hope morning show get cancelled
5618,3257,0,ashleeadams know say except hug
5619,21562,1,andavane http bit ly fm alone disbelief quite happy evolution beat alternative posited
5620,14411,1,nessie cullen lol emmett wont dance
5621,603,0,exhausted can t sleep like night
5622,33750,0,single handedly killed fly crane fly hairbrush gonna go disinfect now but bug beware
5623,28245,1,let twitter alone
5624,22887,1,france gonna spend time sun overcome negative reaction it yep netherlands good luck
5625,4957,0,pampian want know tried ask p kia still reply change status away
5626,21554,1,http twitpic com jalj morning world healthyliving update weight morning kg st lb going right direction
5627,39018,1,courtpet hmmm member knitterati com au ravelry offer
5628,5362,0,there s something area make tonsil swell everyday get it feel slightly miserable ff done now
5629,6910,0,oh pw done wrong signing time ur child s article wrong and neil gaiman tease me bea
5630,6118,1,brilliant day today got car washed got washing done go work hour
5631,383,1,good morning work morning gutted lol nevermind
5632,31093,1,greggrunberg think kirk would probably stolen sweet ride too fancy car phone ya talk gg
5633,18105,0,feel extremely depressed right now
5634,16280,1,sergio mg idkkkk planned anything work lol
5635,18440,1,assignment due midnight professional writing class amp really wish already done luv writing thought id like
5636,9930,1,new camera http tinyurl com lpde rip hot pink polaroid i
5637,16075,1,yeah p
5638,13573,1,mikeconaty know feeling
5639,16841,0,catching last bit later jools last series sob cry
5640,16619,1,hop shower miss little soap sud ashley
5641,13046,1,day till half term
5642,28127,1,day writing
5643,653,0,johnpopham morning john yes do however diary clash sadly can t attend
5644,17510,1,madamminnie skipped could get messy rofl
5645,3232,0,dizzy already third page chapter plop head
5646,39067,1,time play drum
5647,6451,1,mcrmuffin
5648,8322,0,hillsong tom night dad s birthday wish could see bday though
5649,22117,1,e diva always coffee cooky
5650,27238,1,donnapaul like term quot today list quot better quot to do list quot
5651,32890,0,aubreyoday aw sad give ginger little pat head me mwah
5652,33294,1,watching crimson tide eating apple sauce
5653,2128,0,macabre hard believe dropped real nuclear weapon real japanese human http ow ly nru warisfucked
5654,500,1,dorkydeanna iiii know mean
5655,18355,0,reason lived he reason im begging die
5656,20252,1,another late night scored mojito
5657,282,1,passingcarss wont time buy need new binder pa
5658,14678,0,aww anyone see hollie steel bgt tonight wharra shame
5659,20077,1,dyededed hair
5660,5711,1,sooo tired
5661,26342,0,juenese totally felt bad guy haha im good miss guy
5662,253,1,mysticnz im cry lol
5663,2680,0,lovely day sky clear bird singing stuck office window hour
5664,24615,1,liesx see
5665,38954,1,nocas jï¿½ estou ver que sim aqui http en wikipedia org wiki mother s day date around the world
5666,14624,1,miss lance already
5667,582,0,upsidedown tomato plant died
5668,21564,1,darrensoh yup studying least trying to trying let stuff read enter brain permanently
5669,13069,0,saying goodbye papa
5670,2706,0,sashaminaj lol thing u gotta sometimes man smh lol
5671,33174,0,soo tired head hurt love andy sooooo much
5672,22200,1,looking model beauty shoot thursday valley studio contact interested
5673,16685,1,getting little mowing grass evening fun
5674,26352,0,checked bank acct mornin got lil sad then decided would imagine end make smile whateverworks
5675,4457,0,looking window depressing beautiful
5676,25509,1,katiel doe
5677,33677,1,donttrythis drive teeny tiny honda civic http myloc me fry
5678,16662,0,drove mazda rx today boy car fun sadly though find car much fun
5679,23961,1,gettin ready school new converse come today
5680,7634,1,lost pocket knife suggestion replacing ken onion chive
5681,3062,0,ladybug oh yes sure will sad cause miss view house leaving actually
5682,2396,0,sometimes pillow sometimes
5683,20652,0,say everyone busy http plurk com p rouv
5684,23415,1,leepovey
5685,15642,0,ryandownie problem dude get better soon cold well bleh
5686,19421,1,tripping tiredness nottt nice
5687,2138,1,kegrocks one last night available dvd blue ray digital download via itunes store end week
5688,1525,1,dude everyone could ment bad
5689,23119,1,download movie notorious http tinyurl com dug cool movie
5690,15608,1,stellarciarra wasnt sad d good
5691,4575,1,http twitpic com nbd ready d jonas brother experience real brother included
5692,34378,1,
5693,37130,0,view flickr account maybe much you happy yay http www flickr com photo bonassin
5694,80,0,rachellock ohh thursday exam day wednesday
5695,9673,1,redassyellabone time u like reserve i lost one
5696,17433,1,golden girl marathon end lofnotc
5697,10535,1,trying find someone go mall with
5698,7214,1,today going way planned early lunchbreak amp may back til mon weekend gonna fun friend tho
5699,9744,1,still thinking idk
5700,34597,1,patgiblin blah blah blah kidding dude never anyone offer stem cell haha
5701,23142,1,work got back percent monday feeling
5702,18381,1,mitchelmusso couldnt call time phone would run give shoutout happy
5703,15467,1,ff plz follow sbx ironchef i following starbucks tag http wefollow com amp friend ironchef dropped
5704,10178,1,nikkiesix well learnt use machine yesterday confident yet though so hand sewin me xxx
5705,7532,1,gemmie mit glee confusing flippin expensive
5706,35131,1,uploaded run onto nikeplus com run row row run
5707,19530,0,want part window clubhouse wl space blog random place share window stuff
5708,13704,1,sad news young quinland building s white gloved elevator operator retired http tinyurl com nemlu
5709,9772,0,simplysinister suck seriously hope feel better soon need come next week
5710,23173,1,midgetmeg hi meg mileycyrus life s climb view great
5711,17077,1,camera s doucheeee stopped working
5712,3307,0,ready weekend yay me even though over im lucky person get work day row till get another one
5713,7804,0,im still devastated manchester united losing ucl final
5714,21731,1,nathanryder asked
5715,24204,1,coin people
5716,22605,1,angelofmel definately paris week get job certainly
5717,2223,0,jasonvonberg thats crazy part reason include quot full schedule quot amp quot travelling daughter quot so not cool
5718,30121,1,victor go sure
5719,16036,1,exotic use bathroom
5720,6915,1,thefeed stfu e list link broke
5721,6931,1,geocaching com seems huge delay delivering pocket query
5722,38708,1,pilate now tweet y all soon
5723,32258,1,malareignz thanks enjoy dinner tomorrow
5724,14630,1,toy story trailer premiered up need computer back
5725,29452,1,finally allowed go
5726,10882,1,duchessamy
5727,22659,1,http twitpic com jbwh sleepover nobody stop there s camera hand
5728,29673,1,pearlwhite ohh love green purple black
5729,4281,1,snakecharmers becoming tough race linda indeed talented someone go every week cut two week
5730,30952,1,atl morning back clemson
5731,4915,1,retrorewind omg work can t listen
5732,17522,0,bored go a kon
5733,28810,1,tv time see yall later xoxo
5734,4560,0,watching scrub season oh gonna miss show
5735,11406,1,walking inch heel ended half size big leg that s still pulled muscle not good look my as hurt day
5736,38962,1,fmoxford year old zebra wind lol
5737,19902,1,jelanifrsh boo used live upland funnnn
5738,11998,1,god sleepy today barely focus
5739,16670,0,nkcaump excellent pic wish there long drive tn
5740,34279,1,mattcutts try one deltaairlines
5741,135,0,depressed watching think dance
5742,5662,0,foot killing walked mile search art shop doesn t seem like ealing one
5743,15809,0,head hurting
5744,20922,1,vote board month may licensed member only http tinyurl com cuj good luck everybody
5745,11182,0,gah jittery upset absolutely reason
5746,38034,1,shantl thank you
5747,24884,1,geirfreysson dad bought tricky language tho
5748,21469,1,mattsmithson wonder running son
5749,30319,0,birdsall sorry that got behind follower still catching up follow folk including
5750,3692,0,devon caught ate fly dont know swallowed fly guess die
5751,14454,1,new project work
5752,20930,1,davidarchie website http tinyurl com cyojg idk place around ur area
5753,31205,1,kid twist strip club picking up
5754,38751,1,morning all sorry missing tweet yesterday damohopo boddingtons today
5755,27083,0,dreary bus ride home im rubbing eye least spend day school hr well spent
5756,14054,0,good day havent good week forreal
5757,7156,1,need snuggle time get work day first boo
5758,23310,1,ashleno go rove go mcmanus adam cool tho
5759,23412,1,almost past time go bed
5760,18144,0,okay feel really sick
5761,37011,1,veritasunae hahahaha im listening itunes library bit sonia dada atm good
5762,3838,0,tonight bad night
5763,39946,1,made myspace twitter name quot the twitter kingdom quot link http bit ly pqtw join me
5764,19402,1,werewolfseth wanted see saw pg totally bummed out
5765,25062,1,shawtyslim lol sorry
5766,30085,1,timhaines making minute animation dramatic tragic story character dialogue emotion movement setting lighting
5767,16664,1,boywalt actually tear induced
5768,33655,1,kingsthings president funnier
5769,23484,1,anitabora yeah right politician start using uploading pic lot inside story
5770,3822,0,epmorgan know read bt can t sit outside coz gota answer phone
5771,7544,1,cart path
5772,5858,0,anomalei well glad one mine s bad resort pulling old hairband disguise
5773,24934,1,artinvest hope to promise kid dog moment couple flower
5774,4819,0,hbsexeced class keen on guess wait next summer bummer
5775,7234,0,sad cuz mommy leaf indy today
5776,38993,1,ilan peer soon back replace topify email twitter setting
5777,7946,1,want cookie
5778,241,1,wordsaftersex never started
5779,2546,1,bbyowls know better nothing
5780,4330,0,epiphanygirl upset get ticket time fav artist one venue
5781,36265,1,goodnight happy mother day
5782,5086,0,slept late
5783,36797,1,claudia member street
5784,37896,1,eating pie right now yumm
5785,25571,1,juddday
5786,38259,1,mebec go msnnnn ring home phone
5787,5294,0,theguigirl awwww thanks unfortunately everything close pm sweden friday presentation am monday
5788,9953,1,ninja sushi lunch dominick sour gummy worm
5789,2814,0,went athletics carnival today tired tired hurt back jumped second time high jump
5790,18926,0,get instant sad face see little kid lose balloon
5791,1596,1,spend weekend to spend weekend that hte question mind
5792,1818,1,used remote tv
5793,27133,0,slovakbrewer yeah wanted bottling sanitized good taste like choc orange
5794,24731,0,ugh tired waitin bus jpbabii good morning
5795,11963,0,wont taking test
5796,31912,1,jclayville know alto usually cooler part tenor say tenor part masculine anyhow
5797,35030,1,going bed think twitter way much
5798,9732,0,nikkilynnsd aw wish could get ready atlanta come work since behind work
5799,32724,1,chicalit construction lookd familar
5800,6479,0,sirhova supposed go philly well bailed last minute
5801,4214,0,effing tired http bit ly ezfz
5802,25561,1,came greenbelt amp power
5803,1327,0,song make want cry
5804,21709,1,hunger settled now ti sleepytime
5805,32066,0,webaggression promise so
5806,7879,0,jamie poor baby need aloe nope sorry hint
5807,14151,0,active girl bummer mail came package
5808,21089,0,kkkrista cuddle afterwards like cuddle turning trick van buren
5809,4902,0,jimmycarr sat sunbathing bombed church day left missed
5810,7724,1,wanna good breakfast ronaldorivera school wiggity whack
5811,24942,1,lilyginny please let know allright de need know first wake little enjoy cofee xx
5812,37170,1,g morning twitter world relaxing family sunday methinks
5813,34268,1,david kaufer cant argue w them actually zero thing complain make stuff
5814,3933,1,djpayce wanna play golf
5815,19833,1,caroldn okay driving know know correct say that
5816,6581,0,morgret probably not kinda expensive work people weekend work
5817,35733,1,watching kid eating ice cream
5818,18551,0,reallifekaz cant come toniiiite arggh want tho fun us well def see u morrow nite tho
5819,10415,0,http twitpic com tw square b sad she s well square crocheted bee poly fibe
5820,16489,1,trying fix weird query
5821,873,1,got catch bus work
5822,13100,0,another two hour work ugh go slow im sore
5823,6917,0,sooo tired cubicle
5824,9986,1,shakamaiden damn dude dia e eu tenho curso na drc flash expert
5825,36534,1,http twitpic com wppe one hott couple eventho yr ago still r
5826,12894,1,blackittyblack haha sorry whole like two people bohemianchurch follows
5827,2306,1,grantarnow didnt see you
5828,10258,1,ab circle anddd still box f work
5829,5869,1,wood like it roll eye curious hell good singing real treat far concerned
5830,8779,0,want bad go mcfly s concert
5831,16515,1,chelseychapman that s long time well txt xx
5832,9473,1,jjskidmore front u day waved u didnt eddie izzard now
5833,2206,1,nothing
5834,25125,1,danderma always self thing go without problem even try hard self and smile
5835,24732,1,changing online nickname mtaby which hopefully uniqname well hope change go well domain available
5836,39584,0,round round garden amazing thing still talking me http tinyurl com dxas
5837,1682,0,farctum oh poor thing hope easily sorted out and expensive
5838,13097,0,aaaaaw want live usa
5839,5498,0,brookeleeadams gutted live office girl anymore
5840,37040,1,wow calm evening
5841,11761,0,feel like fish im big glass car dealership looking world people walking fun sun im stuck here
5842,34018,1,sassypq soo like show wall go right side post reply show tweet
5843,1814,1,madpierrot maybe listen dude like three morning time there
5844,9597,1,work always
5845,17237,1,thinking lot revision tomorrow woo hope sunny one
5846,4688,0,last day working tend
5847,36132,1,vimoh funny n almost right
5848,30324,1,missprecious quot coomee ja maiii cah feel alllll right quot hahaha
5849,5826,0,ohitsbigron dang disappointing
5850,39034,0,came home sister spent night
5851,2480,0,going miss roomie staycy longer roomy starting tomorrow
5852,15988,1,going work
5853,32228,1,mnmissy safesex topic
5854,39965,0,heading fair
5855,19916,1,ohmyjade pendulum awesome goodbye suck shut plz toy story jb d movie moro i m tired aaaand out
5856,26938,1,hellblazer great friend mine let know playing next come along whatever like
5857,32117,1,back home feel great sitting front moi desk s lcd
5858,32089,1,gabesmom creeping charlie happens neglect yard whole spring thanks amp bergus would love see yr dog
5859,29477,1,anybody special drink request party thursday
5860,2315,0,wowowee willie fortune making depressed damn love
5861,18826,1,tristanhilliard oh no happened
5862,35378,0,fooie yea fun dive a bit scary sometimes fun u like diving
5863,18589,0,start least favourite chore mopping floor
5864,36084,1,jojowright x shizz
5865,13240,1,thanks timmy turn strep high fever
5866,37745,1,y m sign sign repeatedly annoying
5867,15421,1,getting post posted topic
5868,36154,1,audritaapplebum day late happy birthday hahahaha
5869,22002,0,emulley missed today i know must feel tired give massage tonight
5870,2260,1,pyroezra move here school
5871,30258,1,quot they say look yummy amp want taste human sandwich quot lmfao make
5872,15102,0,lucky jade nacklace matching earring ain t lucky lost earring chain broke pendant
5873,31559,1,eridge thinking
5874,18148,1,learned hard way firewire backwards compatible firewire
5875,28472,1,day til nyc journey soon begin music baby
5876,35572,1,robineccles yes minute now
5877,36682,1,upgraded exact audio copy v pb
5878,5961,1,cold
5879,540,0,brianshead waah longer peep
5880,19560,1,rehearsal rob delucca thingy next month nothing like learning new song last minute
5881,8799,0,oh no used internal sig external e mail damn fb
5882,130,1,claire breakfastnt love show got office am radio
5883,30176,1,learned hoedown throwdown
5884,28019,0,aweekes haha nope altho train back leeds booked hour early let change
5885,6851,0,wishing beach right now
5886,39366,1,sanath smack it jaya ho
5887,1286,0,yesterday friend mine thrown horse lorry drove past u ignoring u signaling slow
5888,24806,1,nmyster thought might interested tweetphoto http tweetphoto com see who s viewing photo
5889,36270,0,sweet dream i m tired excited might actually get golf morning family tradition
5890,28353,1,guy richard fleeshman got twitter follow rfleeshman
5891,25893,1,going bfast
5892,9271,1,sleeping cousin s house weekend bugzy
5893,16825,0,asdquefty yes are gone enjoy yours
5894,4846,1,might broken text message
5895,24306,1,turkeyburkey whatever mean
5896,13461,1,scooterwastaken think mine hanger closet
5897,27827,1,hmm dont know today cause im done school and feel great
5898,35871,1,stevenbward geno s hr ago would went pat neon light got lol drink south philly bar
5899,22873,0,weekend went way fast way work david archuleta tow
5900,23495,1,shivaniramaiah depends u re applyn credit card debit card delhi got new credit card delivrd hour
5901,5894,0,laying bed sore snuggeling domino wanna work today
5902,11320,0,getting hair done missing
5903,21050,1,heading london meet holytshirt annwitbrock let u know still sure time meeting
5904,22332,1,negghead mix air http tinyurl com ckdwao
5905,2049,0,yenbearr yi ryke it
5906,30713,1,jeglz joe put new bulb spotlight
5907,3772,1,cheskiebear go next live chat
5908,16415,0,sooooo miss chinese takeout
5909,4093,1,want starbucks
5910,14931,0,wanted sleep friend denmark poked im
5911,9370,0,school victoria amp bryan school soon sadd
5912,31301,1,idratherbeski siriuslyheather follow
5913,9731,0,sims work old macbook hope get sims tomorrow
5914,17259,1,maggit talk creator yesterday date public release developer
5915,32013,1,sue moe well stalkersaturday
5916,2035,1,antwanduncan ew tongue kiss
5917,34887,0,shibuya yeah closer secret stumble
5918,9830,0,roscoe smooth sailin one tell song rap friend u failed
5919,12036,1,lizziegrubman great time hampton hope relaxation work
5920,29157,1,barihouse what s stranger mercy rocking long self tweetin
5921,37610,1,tmptdtouch thnx the support girl ppl b like ooh u say that can t say something honestly feel u know
5922,14498,0,brain hurt
5923,27266,0,sooo long twitter cuba
5924,29459,1,treiz well all stay away kind surround don t happy mother s day ur mom treiz
5925,29345,1,jtimberlake good luck tonight canada east coast watching
5926,1272,0,dad tv loud get creeped cuz im dodgy neighbourhood someone bush
5927,9653,1,work around house boo
5928,2918,1,bareknuckleyell best way start day
5929,24778,1,day till th b day
5930,630,0,chrisontv btw wimp
5931,4086,1,dont go im sorry disappointing
5932,14729,1,day without gas the gas company turned maintenance can t cook
5933,4899,0,got ill tomorrow iï¿½ve got birthday
5934,24648,0,sure wish mind could enter box called quot nothing quot men have brain go there exhausting
5935,11362,1,sizzlemaker happy friday u know get copy bt art u mel s fake twitter n it can t find now thx
5936,10476,1,brandystrippers oh no oprah jumped front
5937,16308,1,back pub want peroni
5938,9319,1,webcam hoepfner burgfest karlsruhe automatic reload fail http bit ly vdtvf
5939,2339,0,allowed calculator exam despite containing lath impossible compute head
5940,18064,0,siwhitehouse work except used word autofollow got followed bot selling autofollow program
5941,35136,1,medicqt geez year think would checked year ago
5942,36689,1,fashionismylife giving shout people twitterville
5943,20790,1,hey twitter
5944,23755,1,lt going post everywhere now
5945,9976,1,url previous post to timer job http bit ly afdb removed space messed url e
5946,169,1,fun sun hmmm hell cold
5947,4749,0,no keyboard cat is ha dead year play off keyboard cat
5948,25923,1,copy shipped friday show today tune in
5949,28615,1,twilightluver mean backround then setting gt design scroll bottem click change backround image amp ya go
5950,17894,1,ahh member toaster dubisaweapon playing void union sick missed royalcityriot union
5951,29679,1,and hand made dan amp jenn sock blocker made exotic wood one called quot purple heart quot
5952,37338,1,missrosaliehale hello great you
5953,33097,1,wuzzyangel anytime literally hahaha
5954,32758,0,danielradcliffe snitchsneeker photo cool but dang what s comment chest hair that s creepy
5955,7129,0,cece going come enough money get ticket
5956,23321,1,prgirl still think everyone using twitter early adopter yes underscore look cool
5957,20188,0,morning woken neighbour s kid screaming garden am benevolent mood warned
5958,14473,0,amanduuhhh omg here hurt much
5959,5650,1,dunkdetox must ve miami cause able drive car since got back it needed oil pump
5960,27501,1,sistagp worry wont spoil may forth
5961,25390,0,tired work but king s bounty add on vampyre story evening x men comixes completely donloaded
5962,1373,0,excited blowing another candle today a kid
5963,23566,1,jon read perhaps background apps
5964,18538,0,chumfm oh ok thanks dont know courthouse id either i ll learn though any nkotb twitter stole pic hate
5965,22578,0,hate song http blip fm jgf
5966,11605,0,deg c here tech room major downside lot heat help hot outside
5967,37926,1,ponny rofl wearing dark grungy though asked bradie ok said yes
5968,251,1,looove guitar playing them think sound magnificent better
5969,29478,1,insomnia shall drink lot
5970,24650,1,wow back business usual day excess weekend
5971,10219,0,princeterrence terry terry terry miss
5972,17947,1,run today let slight ache bad excuse make tomorrow go
5973,17190,1,mcraddictal ohh ouch
5974,5818,1,hmmmmï¿½being home all great http u nu m
5975,34570,1,risarm like rain too love rainstorm fresh wind nature amazing
5976,2744,0,pyroezra really wish could
5977,24947,1,facebook group world leader http www theatlantic com a facebookhumor mhtml
5978,38522,1,chris bayliss naww go mega scotter
5979,13098,0,even nooooo secret namerebecca please
5980,10370,1,puddynface heard brendan dj party boat weekend
5981,37653,1,balsamiq sure consider offerred right price
5982,2522,0,hellenbach geek stepson live nanny love bgt can t stand it watch tv upstairs alone
5983,16331,1,uh oooh throat scratchy
5984,2946,1,turn red
5985,14066,1,quot your gonna miss this gonna want back gonna wish day gone fast quot true already miss year
5986,22596,1,can t play solitaire crap lol update soon y
5987,21824,1,morning everone sing tuck in turn light kept safe sound night
5988,16699,1,feel sick thanks band kid
5989,16239,0,sadness top horde guild liked disbanded
5990,8224,0,amychiu fuck blink weezer one totally forgot
5991,19042,1,nothing friday night
5992,361,0,taylor swift joe jonas looked really good together kinda sad broke up
5993,32262,1,fo showww
5994,15972,0,melissaar know agree with angered me sorry going postal
5995,11137,0,good mood mama s away si can t talk either boy can t see weekend planned
5996,16208,0,missing used
5997,31109,1,aniluck
5998,4700,0,started raining earnest guess golf today
5999,12171,1,mad boxing trainer although think bruise came hitting something ow
6000,11934,0,omg maddie holby dead gutted loved nadine lewington really wanted maddie clifford get together
6001,19745,0,literally laid bed day major headache
6002,14441,1,antoniia sheep wassup i miss see monday
6003,37286,1,cromnac slice treat
6004,15250,0,feel like watching disney movie too bad dont vcr anymore
6005,27240,1,alvafarrow thanks follow back
6006,28773,1,starbucks cup coffee http yfrog com ehhmyj
6007,2903,0,cry omg fed pain
6008,7759,0,miss guy
6009,8225,1,nebgen lost please help find good home
6010,24334,1,lydia teamgreen marriage course running either bank holiday may back running next week
6011,22217,1,bought new movie
6012,31105,1,daysgoby thanks great even better soon get wallet grubby little hand lol
6013,34793,1,seeing shane dawson video
6014,18217,0,realization today made sad least healing begin
6015,18521,1,djlthemasterkey guess
6016,2436,0,sooo lost without car truly depressing pregnant people never stressed out
6017,21037,1,use link start earning free cash http tinyurl com coboyf sign get paypal cashouts minimum
6018,11598,1,mileycyrus can t vote stopped voting
6019,4498,1,really fancy baked egg spinach
6020,17899,0,robertpound groom think die old maid lol
6021,35734,1,njoups thnks followin
6022,10539,1,tamsin get myspak comment big sad
6023,14351,0,plan got ruined blackstone going carnival tomorrow weather good
6024,30110,1,let chat
6025,23692,0,dragging low point slowly wine assist prob v sensible low hit often
6026,27809,1,vampiricbunny thanks
6027,33563,1,gilamuffin think could wear
6028,33276,0,officially booked seattle cfine ebotkin going best birthday weekend ever bradlawrence you made sad
6029,10911,1,fine ill get miso soup street
6030,21499,0,tired friendster account
6031,9635,0,lululemon thanks sadly streamline top ii sold out streamline trunk ii available size get halfway
6032,22048,1,billinbcn guess couple see ceremony valid valid community damned
6033,28665,1,nabaishko baddasstwin djplayboy greenarrow kellynico get lit http bit ly oasqr
6034,19272,0,epic fail chocolate fountain got clogged
6035,7605,1,hazelrage ewww contracted through
6036,8094,0,got haircut felt like guy quot last samuri quot forced ponytail cut off
6037,4018,1,meet folk while gonna b working weekend
6038,22241,0,snowgirl avoid burning desire say already one no room piglet enough room chuck
6039,12340,1,fan day training novi one sleepy girl
6040,23690,1,nikz teeth freak nikz
6041,8103,1,hoodiecouture
6042,3562,1,arvindrocks work gotta till pm enna kodumai sir idhu
6043,4312,0,ughh none apps working phone hate
6044,9532,1,danielfelice look like quick post dashboard
6045,9333,0,petewentz im jealous want octo drive
6046,37499,1,khairul unassuming unpretentious just a suppose that s endearing because relate
6047,24727,1,thatissodope errr yes sa enrollment sasabihin naman siguro sayo pero kasi andun exact price me shet
6048,4089,1,want ticket concert
6049,6548,1,stripe yeah still waitin
6050,4430,0,finally finished exam amp home watch otalia amp pbp bpd otalia today hmm via http twib e cop
6051,10995,0,im bored well crappy first day school
6052,26841,1,jkandbvgirl drive safe linz give u pit stop update
6053,16252,1,wonder effective street preacher are http twitpic com qhz
6054,8442,0,king reeeally wish could n while what s goin lately
6055,37144,1,soap knighty knight
6056,281,0,found mj mouse flat dj course none left size
6057,36122,1,paulbay mornin
6058,17177,1,dingyu ngoskillz idea whether drink anymore
6059,23742,1,oooh baby wanna hug
6060,23010,1,sapphiresmoke welcome found yesterday accident
6061,2564,0,also really missing sami thought would throw one there
6062,4192,0,kevholditch good director said could go home said back work boo good lasted
6063,1028,1,portugaltheman liftingfaces where d song go site want quot do you quot computer
6064,16587,0,phillyreds sad true
6065,1976,1,wear damn jacket today co didnt notice mark shirt
6066,8222,1,heresmonique hey u yet soon maybe tomorrow
6067,18871,1,drink cheap wine
6068,1590,1,iï¿½m ill bueeee
6069,2025,1,blucu u going chicago
6070,37909,1,brightondoll good long believed boy stupid need meet new one one know cause problem
6071,26389,1,crazytwism hubz company organising i there
6072,31161,0,mbulatao oh no hope baad tell mya hope get better soon
6073,20672,1,zhayrar aw welcome
6074,19933,1,enoelle grown
6075,33193,1,pandabeara nope tomorrow tired need bed
6076,24066,1,ginaaaaaaaaaaaaaaaa ilonaaaa
6077,640,1,zaharh suck old actually
6078,34524,0,lozingsleep damn charming skater look kind of hot hot mess catherine pls hate hitting friend tnx
6079,27025,1,going hairdresser instead running due rain
6080,10284,0,spent last hour signing yearbook miss guy
6081,14390,0,braid free miss thee blond come
6082,15002,0,feel kind well right
6083,13435,1,chrisettefan yep gotta go man ttyl eventually sometime future hopefully soon
6084,7645,1,can t figure time french hour new moon trailer since can t watch mtv movie award paris
6085,4765,0,people talk gone
6086,26786,1,listening music friend
6087,9740,0,lyricals care struggle
6088,29023,1,iheartrendering awww cool ate much ice cream
6089,685,1,took hour nap work today able sleep night bummer
6090,36606,1,heading spin
6091,34994,1,aprilfilms meh try one commercial drive cat
6092,24584,1,gfalcone knew horse called dollar
6093,7265,1,want go vp one willing come me
6094,11257,1,im backkkk hungry hell havent ate today
6095,16009,0,justkaty guess missed beer good time
6096,32236,1,etafish grandpa called want know hat plan return
6097,8742,1,going there
6098,35483,1,bioncaaa thats u spent ur weekend far
6099,8384,1,working allll weeekend
6100,622,1,last night newport
6101,39620,1,ficklampa msn case lot easier hahaha
6102,27555,1,expert recommend exercise minute day week two jillian video
6103,709,0,finsh work eleven even allowd cauz really dont want to lol
6104,14544,1,mosaicbooks one become bigger pain
6105,17786,0,krooyakkers thought ur going somewhere that s invitw u
6106,38159,1,ljsbaby
6107,10906,0,aldenpolicar sad saying fat tear
6108,20411,1,bethtana sci fi junkie gamer pianist gin tonic drinker news addict
6109,28939,1,mohfanz fun time that s friend beer here s pic http yfrog com agj
6110,16843,0,fyi ruin hollywood closed last friday closing night
6111,30240,1,happy mother s day mother there
6112,25577,1,khad strange exactly chapter god laid heart read message yeaterday morning he work mysterious way
6113,39286,1,crawling den night now
6114,23581,1,another great song sing along with http blip fm jhtq
6115,3961,0,kristinholder aww sad get go going away party stupid work
6116,18617,0,natbubba yeah totally unfair just flame everywhere
6117,13741,0,sucking abbreviation today sorry sentence look like eight year old typing them lol
6118,96,0,dont wanna work tomorrow get paid
6119,27916,1,emzyjonas hey hey
6120,15348,0,got smashed face th grader thowing football twice bleed
6121,3405,1,trishastewart ooh like horseradish alternative
6122,35498,1,sleepy now g night happy mother s day mother mama ma mommy whatever call them lol mie
6123,23960,1,scottcmusic row p tried run front corrupted could see singing away
6124,4038,1,come bell ring want go outside
6125,3733,0,jackalltimelow wish could go melbourne show parent let cry
6126,35666,1,home bound mother day
6127,10736,0,running annapolis half marathon weekend failed meet registeration deadline amp completely filled
6128,3860,0,dangit got kiss album wrong color
6129,31678,1,cdlowell jar gonna answer
6130,4512,0,binstruct suffers update mib package developer package holiday
6131,12427,0,best day ever met greatest year old never see again ahh miss i saw hour xd sad
6132,13587,0,samm xx awww suck
6133,33909,0,filming carnival music video reminds cherry festival used go back home ahhh memory
6134,37262,1,michaelmcrowley saw wolverine too
6135,25378,1,kableso try best
6136,31984,1,melaneedark well x spammer watchin
6137,370,0,realblackwidow dun wanna
6138,13711,0,herobeth entire week get design graphic design job home freelance sad
6139,17628,1,hughsbeautiful yes yes indeed nut like me though rich tut x
6140,36146,0,joooo no geek mind think alike
6141,27948,1,powbam called cell phone would let talk teacher
6142,16171,1,krushtc that s avoiding me
6143,2857,1,last day dijon
6144,24842,1,dbdc meant ask night go enjoy fight did yas all nighter
6145,9616,0,tried audioboo recording it distorted due high volume ob
6146,921,0,tummy hurt
6147,1907,1,wanna go vivid light walk
6148,12751,0,omiriamo like idea going cinema monday
6149,33739,1,lucasgo you
6150,28061,1,thing twitterer could without http mikefrizzi com blog p src mikefrizzi like guy
6151,5907,1,moving nesbitt
6152,7572,0,still tired due late night work b early moro work bad time
6153,18909,0,livin ur iznt nice all miss mum
6154,11626,0,disappointed didnt win teh glass
6155,17140,1,nctrnlbst dkmashino could go lulu s slanted door right now tomorrow farmer s market right
6156,14922,1,turn report done
6157,5166,0,enchanted myst soooo disappointed look like btw image gone
6158,13606,1,foilplay un cross please i planning buying lambo summer next stop pitsvillle baby people carrier
6159,35834,1,funkshoi save next time http blip fm zsv
6160,12408,1,acho que vou ver roupinhas goticas qqq
6161,31874,1,medbotjinx ooc we ll it
6162,28033,0,nickiminaj nicklaus iï¿½m mad missed va last night gonna snatch make wifey minee
6163,31263,1,giulianarancic iï¿½m also watching movie friend twilight
6164,1733,0,tummy hurt go away cramp hate chuu
6165,20880,1,watching one tree hill
6166,36369,1,kerri louise sweet mum wanted go see that l end never went see it film great
6167,15503,1,scream siren three fire truck going south bound highway get home
6168,11993,1,google map working anyone else
6169,33237,1,aljajackson follow honey
6170,37359,1,time play
6171,25129,0,old internet fairly boring today nothing new
6172,7663,0,suzbooze wanna go freaking broke fun
6173,31774,1,going bed peter
6174,13489,0,poor little mba fire
6175,7771,0,enjoying great sunshine indoors feel good today
6176,31143,1,good b movie starship trooper cool citizen
6177,18490,0,mouth hurt wish could cut head
6178,31990,1,chikidracula good you jeje
6179,7815,0,itsfrankybitch dont make sad agree tho need sa s magical lyric
6180,27473,1,flofischer check out http tinyurl com dlra
6181,2998,1,came house morning stink cat poo cat business little bit garden
6182,37451,1,rominafahem morning romina
6183,37624,1,day till beyonce
6184,34194,1,bored riah fell asleep nothing maybe go bed good night
6185,18529,1,bg me trying save cash next month s vacation
6186,4508,0,doesnt want anymore
6187,32146,1,musiclove end sing sing play music
6188,23387,1,britney spear song desktop
6189,13471,1,twentyfour said think try again
6190,5155,1,hey everyone bit hectic day me back vet pradasmith bad infection amp staying wkend
6191,10116,1,teratoma cavity experiencing male pattern baldness
6192,2406,0,harneet rangitanandy kid remember searching local video store owner godown got video tape fungus badluck
6193,22115,1,grentone likewise however comment originally
6194,37522,1,pntbtrkisses welcome going repost several time get message out maybe help another dog
6195,10128,1,spilled chocolate milk car
6196,1434,1,joseph khc wooow lucky xd break gonna end class start june
6197,16481,0,really missing hockey already night dtn naperville can t wait day tomorrow work sunday
6198,1951,0,ab normal shuck sorry sometimes get wrapped fb forget check doin
6199,376,0,feel sick stomach idkk whyy
6200,20519,1,blogviet hi uploaded completely new chinese lesson www youtube com chineselearn please feel free watch enjoy
6201,14762,1,wanna bea well bea
6202,4643,0,feel good
6203,10556,0,meganduffy aww miss u too ate
6204,34039,0,new phone zero contact poo send message name save number thanks
6205,21957,1,yooooooo mate
6206,19584,0,mileycyrus workin ur crazy sched tiring it gotta hard famous jus kno u bazillionz fan supprtin u
6207,28223,0,desktop quad core win boot time quot laptop dual core w ssd win boot time quot gt ssd desktop arrives day
6208,27095,1,catscats thanks
6209,26782,1,thedailyblonde
6210,6728,0,evermore amp end fashion rock poor foot though oww injured foot good sore tomorrow detail follow later
6211,10143,0,mean people suck
6212,32760,1,canuck seem falling lot must mean skating extra hard tonight
6213,6353,1,halbpro what s wrong dressing fifty fashion
6214,5849,1,missonice join club
6215,2519,1,weekend see monday twitter
6216,14860,0,spent minute book store bought one book
6217,3678,1,virginmedia something wrong internet chelmsford tv demad isnt working right internet super slow
6218,11189,1,track amp fiel proably canceled
6219,14778,0,best friend leaving go back school today i sad
6220,17104,1,avoided cinder block safe ny area dantas porky upset beavs gone
6221,7658,0,tiwurayie geez one time row patience good thing come patience lol wish could sleepover
6222,9493,0,anachronous miss
6223,36029,1,happy mother s day happy motherï¿½s day http tumblr com xnxqynj
6224,15727,1,raining
6225,9368,0,miss billiesyadrie sorry able call u already sleep love you have great trip tomorrow send them
6226,26399,0,hell lot do say complain theese day quot they quot quot they quot help case
6227,18258,0,angel oh totally want see star trek kristine already seen hubby
6228,16651,1,thing do last thing mind cleaning everyone s cake mess
6229,33687,1,errbody please check http mscaseycarter blogspot com id appreciate bunch
6230,952,0,headache century coming feel fuck
6231,2914,1,im going miss khyy much
6232,5433,1,hate able twitterize cell phone oh well
6233,13887,0,dammit forgot go canvas shopping today
6234,38389,1,loong day bed cuddling papabear watching south park yay bday bbq tomorrow can t wait
6235,15264,0,loribartolozzi oh sorry can t even imagine although know reality soon
6236,18146,0,glennbeck missed show tonight go lake erie enjoy quiet
6237,30818,1,teresamerica politician celebs lottsa fun them fun actually sin
6238,2923,1,learn walk day sprint sprinkler without stretching
6239,17691,1,go old house finish moving
6240,2238,1,damodarko yep wish playing dubiln
6241,33787,1,mother there even soon mother gt d happy mother s day y all
6242,14434,1,chaoszac fretful look okay think mumbling something bit muffled hat sound like quot i need lactose quot
6243,16164,1,wishing could famous acting dancing
6244,5784,1,kacey read detail may it sara jayne kid s show can t exciting
6245,38607,1,rockingla thanks new work arrive week
6246,12260,0,thatkadygirl every day life lately feel ya girl lt
6247,17487,0,theellenshow ellen why got lie sad rite now
6248,31385,1,watching rd jonas ep
6249,9550,0,accounting class detention
6250,14828,0,miserably hot a c house broken
6251,35312,1,dang ya ll mother day already goodnight twitter world start shooting monday
6252,29431,1,sarcasticleaves iiight thanks
6253,9538,0,jenn jenn jenn oh oh u pas ur itunes knowledge onto me
6254,6775,1,marchaduch dm never sent
6255,34227,1,heyystephieee again
6256,4453,1,ab recording ala occuring office central london
6257,33078,1,caseorganic iï¿½m smaller company rather bigger one itï¿½s like worked big company prove it though
6258,10075,1,vcha say mlia instead fml hope find soon
6259,12782,0,lobsterandswan itï¿½s beautiful blog iï¿½m able acess anymore
6260,20460,1,step photoshop expert http plurk com p ro
6261,7964,1,forgot phone home
6262,17996,0,absolutely gutted going badu tonight guy fun got home need head downtown now gd heat
6263,6533,0,mmitchelldaviss mitchell tryed add xbox live lastnight live show friend list full
6264,18158,1,samsmith aww
6265,11268,0,think shopping solves world s problem leave atlanta tomorrow
6266,26941,1,danbimrose that s ok personally good nothing
6267,3077,1,life come nothing making choice ill regret later
6268,27385,1,stephbabiak fun day off
6269,39415,1,
6270,12649,1,westin discount animeexpo anime expoï¿½ provides additional discount hotel http anime expo org p
6271,37143,1,small tweetbreak twitter think needed
6272,24512,1,drhett yet hope check week
6273,2618,1,roy thomas ahhhh probably will not good u dubai before
6274,11041,1,way wait locker nd pas hall nd say anything
6275,8626,1,makin tea stressin
6276,11557,0,used ozzy osbourne pillow mom threw out miss thing
6277,17390,0,cecamy nto good
6278,23237,1,rockeye always amusing
6279,39334,1,lickmycupcakes specifically like http i tinypic com mwzuo jpg also adore outfit http tinyurl com qobq yum
6280,15547,0,ahhhh pic
6281,33214,1,challyzatb thankyou yes pre wedding party now
6282,17155,0,peapodann second hit reply tweet asked stop playing music sad someone sing me key work
6283,32273,1,melbourne toyota coaster new ad received posted hcc site soon
6284,6057,1,miss laughing till stomache hurt
6285,7063,1,hate arrival employee parking lot
6286,1230,0,bike trail miss j two front teeth hopefully vacation suck
6287,3414,0,oooh battlestar galactica channel rebellion episode man feel sad became gaeta liked
6288,8376,0,worked car plant once nobody belief though repect hard workin folk world
6289,30787,1,mariahcarey said ur nail look like shit this lol im kidding dont know saying haha
6290,29320,1,fost la obosession a fost cam trist ca fost singurul treaz
6291,16803,1,hour work cry can t survive weeelcome wonderland sing along
6292,7899,0,skype call billie webcam dont work
6293,38694,1,sleepydumpling yeah fine raid thing excepting liquor cheese amp bacon ball
6294,10683,0,risk sounding like whiny child gotta say i wanna go hoooooooooooomeeeee ugh
6295,19263,0,freakin migraine
6296,8701,0,bye bye south beach u never let
6297,25187,0,going last full day school life good
6298,34617,0,elf princess hehehe barry killer u need pic
6299,6862,1,pgatour dang stuck fantasty pick
6300,14244,0,photography class summer cancelled going somewhere dont want missing spring game email eric swist
6301,12193,0,seattle washington im sooooo hungry amp i miss alaska
6302,3130,0,going miss reemer couple month tour
6303,7991,0,apparently getting anymore sad
6304,19327,0,work missing miami fam anywayz abigaildsouza mrohboy carolina jonathan prtyprincess jessdosil amp amp amp
6305,25856,1,screw going shopping back like anyway hard core revision
6306,16807,0,sweaty tired lap run gonna sun run next year matter what
6307,14156,0,lonely
6308,1436,0,today going normal day hope group pilot large airline come last night much drink
6309,14794,0,whoa mean sleep hour
6310,5432,0,really want buy new clothes
6311,13306,0,wojohitz marchingstars winkiedinkie erockett feel left out alone az lol
6312,33412,1,jonathanrknight thanks
6313,17382,0,puzzled people s mood swing make somewhat sad can t pinpoint feel
6314,28374,1,rose ville yay green certainly make rain worth it nice cozy indoors knitting
6315,8664,0,julnas might end like poor bus driver and kinda weird wish today o
6316,27220,1,gym doin paddle ball xo
6317,10894,1,tommcfly tom u plan germany answer ur germany fa
6318,13979,0,day beasted me
6319,120,1,well almost good day guess retry tomorrow
6320,36708,1,eating ice cream swensens
6321,36629,1,ilhongy would get u u
6322,18700,0,look like twitter
6323,2916,0,sad day love maï¿½ year ago
6324,29464,1,mikeyway http twitpic com vwa lol wow watching x men last stand right
6325,39580,1,changing guitar string getting ready perform the climb cousin birthdayy
6326,2278,1,lady jane hope go away quicker mine week counting
6327,8624,1,craigmcgill actually maybe sold sat lunch
6328,20554,1,sooo waking way back sb good night america
6329,2109,1,surgery wake
6330,324,0,feel deflated doggy
6331,23005,0,sweet charlotte should another thrown sure one american family
6332,32432,1,aint bee aint me ya heard me this u keemie
6333,11200,0,locked house shit thank god there s internet
6334,30062,1,yourself onfire think letitia still trying upload digital problem before sure let u know
6335,6930,0,miss baby day
6336,26151,1,msegers thanks good morning
6337,39877,1,chris hayward go two way mirror
6338,31069,1,today longest day ever going sleep beach bound tomorrow good night twitter
6339,10863,0,still feelin like blah hour
6340,26964,1,declercq thought might like getting ready see week
6341,16253,1,wylthenemesis nope going able finish tonight got thing bed
6342,31581,1,sueandsteve wow thats quite trip
6343,21129,1,cypher thanks
6344,6646,0,drag hell soundtrack christopher young delayed june nd july that s suck pretty bad
6345,13995,0,craving munchkins bad
6346,12159,1,going airport
6347,34822,0,going sleep now gt happy mother s day amp happy birthday me
6348,5763,0,gatorsnow feeling hurt
6349,24633,1,somethingnl somethin single
6350,10202,1,sneezed three time quick succession three four record
6351,19907,0,there nothing worse working friday night wake saturday want babe
6352,29524,1,ha cliche
6353,5030,0,asheruk wanted go birthday
6354,9275,1,realised many people interested business twitter want heard online nothing
6355,28488,1,need song download suggestion ill take anything
6356,4397,0,field day sad ribbon me
6357,29671,1,slighter thank you
6358,36477,1,kendraamichelle hi kendra whats up follow
6359,14088,1,allysonrobinson working way bottle excedrin maybe twin
6360,22040,0,graandma s houseee havee leave now lt
6361,10962,0,friend
6362,2518,1,two day hangover
6363,23432,1,tifflacey course always
6364,16497,0,stuck going nd job can t find good office job
6365,25686,1,going rye house speedway
6366,22559,1,can t wait go home eat hope something good
6367,313,0,teeth head hurt
6368,412,0,penguin j heehee love you tired
6369,15880,1,aww love gone playing shuffle
6370,9676,1,mileycyrus dont think vote anymore tried
6371,12025,0,nice day like make miss alki
6372,18797,0,tonight boring
6373,2848,0,beckinelson idkk il get see
6374,7416,1,moossacre lol funny thing even know class even race half people group yes clueless
6375,19539,1,lasandrac ya ll going without
6376,7090,0,shaw guy want sleeping
6377,35270,1,sheilasela shelaaaaaaaa
6378,10379,1,off
6379,14972,0,much blog time
6380,15206,0,chrisbrownweb according bow wow his best friend chris twitter want hater probably
6381,6626,0,one want sit lunch guess bury head laptop continue anti social
6382,10459,0,cat died kidney failure math test day need get better
6383,10563,1,flat tire city
6384,778,1,syafique ooh maggi goreng yums cant eat sore throat cmin
6385,18415,1,jimsissy end count hang head lower
6386,11919,0,another friday night in man skint rubbish
6387,1943,0,telstra biggest teleco greedy need fast internet download cap
6388,752,0,wish teased movie night
6389,16028,1,millsthemusical lauzzaa hope listened song funny l still heard tick x
6390,6178,0,spiffums near him
6391,9352,0,downside getting tdl day early time read til next week anyway still hurrah clutch close
6392,13462,0,apparently degree kilkenny now comedy would great remedy boredom hell leave kilkenny
6393,38181,1,happy mother s day
6394,34421,1,might middle perfect weekend
6395,16860,1,omsvu thanks okiebud get message sorry content selected currently available
6396,24020,1,amyfroebel nope come back ct
6397,33110,1,mellonikan thank
6398,37911,1,xbron http twitpic com dbn o see dog bella
6399,14606,1,i m tired
6400,1347,0,well thats day watching panther tonight beat saint finger crossed cause qld team playing round
6401,6224,0,missin boo
6402,97,0,feel sad coz wasnt able play guy http plurk com p wxiux
6403,25492,1,tired turning internet play morning
6404,8166,0,man sinus r really buggin morning
6405,32192,1,watching destrey video
6406,35173,1,john b water mr suh must read please http bit ly nppiv
6407,25941,1,hasa lemon cake oven going make pork casserole domestic what
6408,23528,1,aprilyim thats real geek talk haha i feel you
6409,14458,1,savagemic mailchimp hired smart monkey e mail marketing
6410,23988,1,cantus hear coffee brewing end
6411,22672,1,adelinaxx yay som twitter slowly slowly rest grade come around hah hope ur ready constant tweet
6412,4328,0,mcdonalds mccafe taste like chewin cigarette butt miss sonic card
6413,2277,0,kristie same going try warm milk lactose intolerant haha
6414,24594,1,smiling guy are turn speaker smile life good http www imtiredonline com smile
6415,34699,1,tomorrow house shopping
6416,20867,1,annyo will shall meet somewhere utah indiana
6417,7164,1,dinner amp shower time then back revision day left
6418,7723,1,cbrown want ice cream
6419,11383,1,paulmorristim cheapest copy purusha s divine androgyne amazon
6420,6356,1,leifwells time conference call
6421,8891,1,old me s dead gone
6422,20323,1,farrahdy take medicine
6423,19313,0,put dog sleep love abby rip lt
6424,29516,1,looove comedian obama hahaha man love event someone get pic dennis leary wife
6425,9335,1,work ohwell need money
6426,35567,1,installed youtube downloader anyone know make trailer video
6427,8447,1,deejaychips havent laid verse yet
6428,4537,1,hookbill yay thanks followfriday failfriday still winning though
6429,38117,1,morning tweat tweat twitter
6430,36547,1,movie s worst fate used quot straight dvd quot quot straight divx quot quot straight internet quot
6431,12916,0,zhighlife people r weird
6432,12662,0,jennifalconer tough that wanted hug like
6433,15834,0,hate paint nail cant suck thumb taste bad
6434,3567,1,littlestarred sigh you
6435,37755,1,wanna read something recommend http estrellaazul wordpress com
6436,1476,1,crash qmbol
6437,2051,0,havin stupid stomach pain amp again today outing sph frenz amp stomach nvr fails dissappoint me haiz
6438,8100,0,emaxio still courthouse happy job sad one
6439,19721,0,thenewbradie tv working wanna watch vhits
6440,15296,0,paper work friday afternoo
6441,7029,0,taking care sick child
6442,14713,0,jerrib sorry mom mean to tweeted that already hard day love you
6443,19014,1,baddestnla traffic still see sun
6444,27664,1,going hannah movie
6445,25987,1,bed night good night everyone
6446,20835,1,good morning universe today
6447,4,1,dannycastillo want trade someone houston ticket one will
6448,37722,1,let dream spock goodnight
6449,14881,0,mumalot corrected
6450,1131,0,orw nooooooo want go back newcastle
6451,35617,1,michellezen need follow could send direct message
6452,20178,1,davidarchie tesco nearby go
6453,32983,1,hannag go
6454,15869,1,hate sat around alone friday night big sad old loser
6455,34396,1,visiting grandparent later btw heard katy perry s hook whew cool love k clarkson s version
6456,32063,1,movie sleep today good day h dff
6457,22434,1,tiaratara yeah meant
6458,8349,1,justinderekrich good morning nyc broke would landed yesterday afternoon
6459,14693,0,nataliejanette im jealous im going blogher
6460,15522,0,sad i ll miss grandma angie always like rd grandma me
6461,24547,0,marnixtfn ahahahah hello welcome twitter got hang already xx
6462,6187,1,hilarylanders know think like dieing
6463,6249,1,tommcfly please forget french fan
6464,30369,1,new college project wanted share hey mr bartender college project http bit ly banf
6465,20802,1,lukedennehy good hear feeling though behind scene and or better shown tv
6466,6325,1,stitchinsista happened day customer asked ship work address sent another one
6467,24849,0,dinner yummy all still super tired thing went enroll college
6468,37247,1,dinuks switch something else
6469,5031,1,omg want full jb hey baby song
6470,37813,1,danielbowen saw abc news wife quot discussion quot were nunawading elsewhere
6471,25489,1,smartinez new movie showing franklin thursday night several sla faculty attendance
6472,35681,0,unitechy wud like to actually free weekend time family visiting staying put next time
6473,12183,0,see wat mean bout follw friidays called lose fllowers friday smh
6474,27082,1,upshot want hunt down uhh well wish y all best luck tweeps
6475,12370,0,ooh hayfever struck thought going avoid year nooo remedy anyone
6476,1455,0,close library due great weather ac working fb
6477,10797,1,need memorize julius caesar line
6478,37361,1,potface yeah right
6479,9392,1,aminakader thought exactly
6480,16649,0,want korean bbq baddd one come
6481,37010,1,case missed fb status looking maui hotel recommendation yes maui
6482,17841,0,bah coworker ran work late bag smacked knee really hurt
6483,9591,0,long day office again tiring week
6484,34340,1,feelin right rite
6485,16743,0,nooooooo sue retiring no
6486,25773,1,regularjen thanks
6487,9109,0,bored always much fun companion missing bff alreadyyyy
6488,27710,1,ok th tweet use simply say quot thank you quot met giving caring people twitter
6489,4276,0,jonathanrknight wish there i ve moved san diego wa depressed miss sunny san diegoooooooo
6490,32147,1,flutechick
6491,15481,0,nkirchmar minute go day weekend leading birthday tuesday work birthday
6492,8975,1,pastimedaily oh dear boyle staying
6493,4248,0,sad
6494,378,1,counting hour lost sunshine weekend
6495,22720,1,tino hat ne wii
6496,24186,1,penelope mill better spider type australian wildlife one would imagine
6497,32750,1,eh better excited see ryan hurley tomorrow
6498,13285,0,little upset cause stephanie bring brownie today
6499,36523,1,fuck maaaaannnn holidayzzzzz
6500,12069,0,unopened pack goat cheese starin face starving din til
6501,6520,0,annie ugly gray outside even san diego cold get may gray june gloom u
6502,10704,0,lost favorite pen good thing back d
6503,12013,0,god im suffering greatly hair sitting blazing sunshine v v bad sunburn
6504,13694,0,mitchelmusso can t can t can t sad venezuela
6505,28862,1,james s go
6506,489,1,hongkong international airport wait hour next flight cebu
6507,36244,1,planing going little ride mtb monday may tower
6508,24172,1,ideasculture wt red wine
6509,16980,0,galaraza stop mean me ur hurting feeling
6510,26303,1,missfree hey free
6511,39526,1,richard saved frog thought replied would make sense twitter work gehts abi gut
6512,23154,1,thelonely california
6513,25913,1,train least two gaggle teenager sitting amp commuter squished standing back at least teenager let sit
6514,21565,1,monday good
6515,12477,1,remiransom wanted see that enjoy it
6516,33988,1,doppppe rock show le moshie moshhhh pit http twitpic com wkhi
6517,26963,1,cookinggranny morning
6518,36445,1,diond ooooo wa am using iphone version use web sometimes twidget mac
6519,8730,1,robinjection well maybe someone care
6520,39832,1,sociology done english biology left going die
6521,8227,0,sonicsalamander sorry bout migraine mention really liked cissbury sp pic last week
6522,20619,1,benald hi uploaded completely new chinese lesson www youtube com chineselearn please feel free watch enjoy
6523,13885,0,friend feel though need bring gift house warming a mess
6524,19032,1,wanna listen full send
6525,14250,1,emzyjonas know r lol hope said
6526,10977,1,whoishonorsociety lt never wear pajama pant school gt
6527,31982,1,lombers www whispergifts com bridal registry dm free premium account
6528,288,1,princess oat happening
6529,38146,1,gm doox http podilates gr pp
6530,5520,1,bblve lmaoo amp omg thank need act damn age ashamed damn grandpa
6531,17612,1,davejmatthews slessard wanna tonight
6532,37553,0,joyvbehar iï¿½m sorry
6533,25705,1,hahah ive got ginger hair nao
6534,37268,1,anyone looking vinyl clad playset year mfr warranty slide swing slot rock climbing wall more amish built
6535,31136,1,taylorswift finally someone spreading hayley love via twitter welcome club taylor
6536,21702,1,it http plurk com p rpnp
6537,17380,0,notthebest weekend but oh well i right sad
6538,11511,1,packing desk
6539,22397,1,get quot fightstar mercury summer quot here http tinyurl com dbmn from http tinyurl com cnkhev musicmonday freemusic
6540,10693,0,prodigiy crystal method tomorrow usc birthday party work first time miss crystal method sad
6541,24231,1,drawing picture bubba
6542,35765,1,atownbrown cooould say
6543,31346,1,om nom nom rice pudding
6544,11087,0,sun cool
6545,1301,0,roshnimo yup sad eh betty man betty
6546,35340,1,andcasey lol start group lol slut sister
6547,25014,0,practicing smile today it s gunna big
6548,12652,1,skagod one usual
6549,35663,1,great night
6550,3900,1,castlebar doesnt d im going galway see jb d movie could next week one
6551,16755,1,hiccup
6552,6559,1,hate today
6553,4052,0,recession hit veronique branquinho quit company shame
6554,6724,1,using on screen keyboard
6555,17133,0,soooo bummed missing blockparty again able get app listen iphone
6556,20052,1,wish eurodjangocon
6557,15234,0,one bloody poet bad friend sorry hear that
6558,162,0,still missing husband really want home
6559,30572,1,tonysarti crowntown think may meet there let get ready ill let know
6560,30424,1,search ryan cabrera amp josh kelley really good
6561,33519,1,kimberlinax oh kimmy really give one week get home hangout me better get see you lt
6562,6286,1,dreaming bacon waffle fresh butter maple syrup brewed coffee
6563,2385,0,tv arrived can t play co go stupid work
6564,269,0,going sleep peaceful wanted hear say good night happen good night everyone
6565,17137,1,ashleepham dinner
6566,17238,0,dap ohh watching best friend s wedding sad
6567,6939,1,getting ready theatre seem like clothes moment might wear wearing day
6568,2778,1,the weather may make it cause temp fell c c yesterday
6569,14986,1,whatswhat sian lol benefit sky hubbie watching sit thru it
6570,21887,1,loggade visst min e cache lï¿½rdags
6571,29759,1,liz would notice
6572,15435,0,wish could go love music hate racism gig weekend right part world even
6573,9639,0,lost dc hat
6574,33918,1,forget call your mom tomorrow
6575,21046,1,jlsears poker face
6576,8871,1,slept entire flight woke fact girl beside watching chitty chitty bang bang
6577,38224,1,good morning think stopped raining past three day so care
6578,5619,0,jenfidel thanks decided give old hq go account scoundrel
6579,5263,0,stupid rain picnic cancelled till tomorrow
6580,386,0,judyrey link work
6581,12374,0,okay gots go first time since started miss block party retrorewind
6582,1800,0,flu swinish one flu
6583,6474,0,bad hair day
6584,493,0,today say goodbye second good friend week dmp least sun shinning definately working pm
6585,4934,0,katieeeian missing devil wear prada sad
6586,24359,1,rqocjd try ill hack mainframe internet database unban them it may take will im high
6587,33514,0,hollywoodtv question guy liek famous anything haha miley followed luckkyy im jealous
6588,1419,1,hampa hatiku
6589,23077,1,uup morning school see ya xxx
6590,12497,1,photovia novusnovendo ï¿½o ï¿½ giggle ï¿½who kidding heï¿½s probably gay def type hey now http tumblr com xkwgbpm
6591,3870,0,school going absolutely horrible today peace out
6592,18559,0,tracybelle hang you but tennessee
6593,20574,1,iankintzle come visit iowa k
6594,7481,0,put dog tomorrow
6595,22728,1,charavel zyote morning guy
6596,17939,1,jazz nope back week sigh
6597,8031,0,eye hurt
6598,19651,0,saw baby dove fall tree break neck die tried save couldnt cruel world
6599,12113,0,sometimes feel like person world without iphone
6600,25417,1,wee done advance audit paper
6601,20608,1,listening yultron
6602,17026,0,desperate need tweet cheer
6603,24808,1,ooh exciting new mac day
6604,19221,1,katevoegele wish toronto coming back soon
6605,115,1,thecreativeone second that wish rained
6606,29071,1,runanskyrun rather early run but morning runner
6607,29296,1,told taylor wanted punch baby much pain response quot what baby quot love family
6608,34571,1,checkin new twitter
6609,31366,1,patricklanglois http twitpic com wz hope load fun love miss all boy
6610,1500,1,gahh tired right now
6611,4877,0,good morning folk day go sadly day giro mean tour far away
6612,22483,1,dhempe roadrippersid http twitter com friend page press previous page
6613,13066,1,generalization damn come la vega suburbia hard connect ppls
6614,26807,1,going get pedicure cpk lunch
6615,8960,0,think june gloom arrived
6616,30832,1,terbear yes new one adore though love vincent
6617,30263,1,please visit http vzerohost com info sign alpha test image hosting service
6618,7977,0,sweethomebirth link working
6619,4490,0,jerryaz definately hard time cuz young amp never saw this wrkd hard making car amp disabled
6620,11544,0,excited see quot up quot logan s birthday week sad wont party bc know kid tho
6621,7079,1,well normal day already done work unfortunately normal day mean office till late
6622,9894,1,full great lunch stuck traffic
6623,13539,0,kellyolexa monday start friday least work day week long day
6624,37769,1,happy mother s day single dad play mom dad role enjoy day
6625,19713,0,become one pathetic girl feel lonely without boyfriend hahaha miss josey already
6626,19112,0,materialistic know suck data plan weak sauce
6627,36182,0,uploading photo ughhhh go school early tomorrow fml woo excursion win
6628,16876,1,nkangel ignore it and get sum rest get rid headache
6629,1013,1,phone still doesnt tweet
6630,21690,1,http xkcd com today s xkcd looking forward daily update week
6631,1523,0,jessereed u watch day earth stood still u see bye u got d c im sad left ur gone ily lt
6632,1317,1,walked home rain
6633,2354,1,live tv coming xbox live uk http tinyurl com kqah
6634,1974,0,nellagrl being lonely time
6635,4758,0,back reality boo
6636,18701,0,mitchelmusso can t call cause portable sais number excist want much talk
6637,12999,1,hey get comlementary cherry flavored lip gloss time cool
6638,10653,1,bunnysan ooo believe closed down even one airport
6639,3198,0,drumstickboy also used close adiel sabby changed alot like sec
6640,3610,0,rolling bed past hour still unable sleep
6641,3854,0,can t wait see marco later feeling best
6642,3686,0,dagnamit latest power twitter update pant clickable link
6643,25559,1,joined twibe visit http twibes com spinning join spinner know respect spinner need coffee
6644,38391,1,watching zdf fernsehgarten great andrea back last
6645,3126,1,alperdotr got bored lunch time
6646,9584,0,follow friday following people follower follow me woot followfriday
6647,12318,1,always rain right get car washed
6648,20371,1,unclelarko sure like way learn new language prefer quot on location quot practice ask q get answer
6649,26274,1,playing tonight cassandra wilcox patrick bell ben bloss amp bucket nail door pm
6650,12312,0,anjeebaby snap reality show watch first hooked sad
6651,5663,0,rip officer edward may god continue bless family what s wit cop killing cop seen thing happen quot the wire quot
6652,36336,1,jimmymarsh wanted let know heard quot give f amp k quot retrorewind online radio program
6653,13533,0,baby left gonna get ready again leavin chili full
6654,34113,1,needing make new video
6655,14052,0,http twitpic com hvr picture last year freshman year miss tho day
6656,12531,0,feeling great today
6657,12658,0,jennwadsworth sad school close
6658,2611,0,got paid nowhere near much thought would
6659,20660,1,tweetnewz good price bulk sm premium sm http promotion itagg com
6660,24627,1,good morning tweeps feeling oversleeping gracie around pounced head woke am
6661,9867,1,little miss ugly
6662,30484,1,anthony s prom
6663,5880,1,sachie yna know password yet
6664,10133,0,cacaubrazil that s great guy related
6665,1947,1,know time wa could look web page s source code figure worked take lot effort
6666,7203,1,work day
6667,19901,0,onyxx b show sold wait til tomorrow sunday
6668,30175,1,inesperado glad hear st tournament soon ksn say quot we need practice quot
6669,39991,1,lovelylisaj give link kimba diary please
6670,32518,1,accidbrrittanny lol hey
6671,32105,1,ugh im tired hardly anything play niece im goin bed goodnight eveyone lt
6672,3211,1,littelist fish udon dearly departed
6673,33975,0,thomasfiss hahaha ur gonna tweet awoke night haha man concert suck cali s da place
6674,4256,0,mixxxonn watched today show didnt see though
6675,37165,1,hasta maï¿½ana twitter
6676,5021,1,gonna new transformer come out colombia
6677,4339,0,upset left phone home
6678,750,0,jenny fell asleep come
6679,12032,1,know statue venetian real man screamed loud everyone laughed
6680,13002,1,mcfreak truetrue not xd
6681,20728,1,following mya
6682,32730,1,round
6683,17349,0,keithjoforever angry keith whats up
6684,4994,1,jennygnow sad feel bad hear it look like mid s like something u wld see lifetime
6685,19186,0,bodywisdominc sorry missed pcharityclassic saw across way busy taking pix abt came meet u but u gone
6686,4597,0,going funeral today friend classmate died car wreck last friday
6687,146,1,still need another hour sleep
6688,18023,0,mitchelmusso sad missed calling time got home practice late
6689,17958,1,ryankil think texting that read lol figured html own
6690,1840,1,much learn
6691,36749,1,gym sesh
6692,10718,1,note self wear steel toe court house sayin
6693,21079,1,kasey yeah
6694,14990,1,awww luke evicted quiz
6695,10099,0,shit lost star trek ring starfleet academy class ring w golden gate bridge it got high school graduation present
6696,29328,1,never close falling asleep standing looking forward pushing faders tomorrow
6697,34120,1,yasminegalenorn used definitely cheaper may get later one way new ok now
6698,4329,0,marvelvscapcom doesnt work already
6699,2940,1,emily tonight xd work experience over jen going miss seeing like everyday
6700,21870,1,kr s make tea pleaseeeeeeeeeee
6701,7292,1,short hour left go work
6702,27637,1,electroanna filipino prof is name gorayeb chance
6703,15709,0,sunburnt arm burnt mouth skin coming
6704,28277,1,kevsbrtny depends goal amp much want spend cannondale specialized cervelo good brand
6705,6421,0,im home on friday night good
6706,23610,0,apparently starwars day today like shame revision though
6707,24634,1,sharonhayes goal live month minute hour day time amp may otherwise put off true
6708,5547,0,raining
6709,26195,1,radha nice pic kept there seem carry cam around along you
6710,31517,1,msdahlia got txt holla ya need
6711,10252,0,day without sleep migraine thought life postr meant relaxing
6712,31363,1,frenchieb day frenchieb day frenchieb day frenchieb day frenchieb day frenchieb day frenchieb day frenchieb day frenchieb day
6713,9476,0,want go enjoy weather tired stuck bed
6714,39200,1,sarasso creative choosing next alias adding n front obviously stealthy enought
6715,31589,0,bsweichsel like eight year ago sure would happen
6716,37787,1,talked mom al sang song sleep now
6717,8732,0,thenetimp yeah gonna long me
6718,5292,1,dentist hole tooth
6719,6300,1,acabou
6720,15090,1,bored
6721,3590,0,bigggest headache
6722,25045,1,ohmyaly u find any
6723,26380,1,currently uploading wordpress this ll give new site bit fluidity blogger
6724,15468,0,wish here babe
6725,14183,0,bummed babydoll spaghetti strap tank three wolf moon t shirt love meme hate wearing fabric box
6726,13893,0,even want go store get ice cream wasted cute outfit on sitting as twitter
6727,20840,1,crazytwism http twitpic com b hey nice pic
6728,36431,1,pennydog nope especially got still settling
6729,17569,0,homework friday night lame
6730,27344,1,wish joe bidden train me
6731,26465,1,monday best excited week
6732,4751,1,unloveablesteve morrissey cancelled
6733,19011,0,stangill uh mean
6734,1093,0,nellagrl really good night missing little girl
6735,15085,1,leaving work
6736,35336,0,music soothes soul
6737,35289,1,stacyyuu mom actually
6738,30101,1,got moommy somn special mother day
6739,25920,1,wishwishwish search quot asos coupon quot google plenty choose
6740,10853,0,oleg s can t test it my demo license expired yesterday
6741,6702,0,hate sweetie bad day http tinyurl com lrdj
6742,15878,0,cosmicgirlie car happy big big dent boot hoping theyre going write off crossing finger waiting
6743,14521,0,corruptedangel god really really christ
6744,35000,1,david kaufer before well mean instead iraq see beer talking freely
6745,16054,1,cole nesmith
6746,11831,1,lisamh concord amp irvine ca only that s
6747,18792,0,dougreport read floyd article say private
6748,34086,1,wookiestyle thanks wookie man test stuff you lol
6749,38381,1,sid also unitechy
6750,15591,0,japumpy need botox work lip going change name angelina jolie thought sad though racism
6751,5905,0,felt one tooth without brace bracket got soooo hype
6752,9283,0,fuming ebay purchase gone bad outta nothing show amp
6753,15761,0,car broken
6754,21570,1,anyone dreamwidth spare invite code lying around could please spare one pretty please
6755,19264,1,paulie saw photo shirt he
6756,25448,0,way school feeln rainy day all lot fun weekend
6757,34714,1,justinbrighten happy birthday
6758,15557,1,clwydian nah single person post tweet day hard cope android phone unable filter
6759,11728,0,cont small child puppy cleche sarcasm annoying bcreative again that s harrd
6760,33,1,feel strong contraction want go out http plurk com p wxidk
6761,8744,0,feeling bad taylorshockley profile pic
6762,9710,0,mandyyjirouxx today mtv allow u vote
6763,91,1,freaking difficult get system wide spellchecker shit settle office suite one stupid unhelpful window
6764,39472,1,tieraa place find home marilyn seria beach
6765,2028,1,think finally reached point life need nasal hair trimmer
6766,15346,0,rosie day today goal leav house b mom get hmmm maybe rosie day rescheduled for wed
6767,17760,1,enithhernandez apologize trollcat crap misunderstood concept
6768,17173,0,ebonyeeee didnt get text
6769,14803,0,flossalini panasonic charger sorry
6770,21753,1,bungeespin caww sound good hope right
6771,7742,0,poynterjones join jealousy l
6772,7178,0,scavengerlor lol clever extremely jealous amount follower
6773,3354,1,benno subtly replacing quot penetration testing quot see it nobody s caught yet
6774,275,0,seen muffin two whole day
6775,7807,1,know going there check eztv office torrent
6776,12559,0,listening hey zulu red n meth sux work right
6777,217,1,juiceegapeach hungry fool ill probably never see krispy kreme again enjoy it closing
6778,20128,1,davidarchie great day today david may write wonderful masterpiece
6779,33098,1,guess twitter now
6780,11122,0,miss boo
6781,11202,0,angelofmusic can t toy story come june
6782,11414,0,halestormrocks wish y all unfortunately able make it gotta work nd gig today
6783,19522,1,absolutsilver hear sister here
6784,26990,1,mzunyque thanks major chop
6785,8030,0,feeling well today ugh cant go home
6786,9992,1,alicias tonight idkkkk ughhh
6787,10740,0,loryanyumul miss gonna irvine again liz reminiscing adventure
6788,25304,1,http twitpic com jfkw afc oh yes
6789,32671,1,any night like bird keeping awake
6790,927,0,heavenlyriot girl confusing
6791,17844,0,upset bout talk someone idk though
6792,9183,0,victoryhawk darn bacon
6793,17828,1,mr craig tried follow one ff recommendation quot have blocked following request user quot
6794,34574,1,kaitgoesrawr got them read amp reply
6795,12155,0,didnt get paid week roll tuesday
6796,9015,0,want goto lonovala frenz wedding bt no transport arrngmnts wrkg
6797,6705,1,nobody like feel low priority
6798,22193,1,anxiously awaiting rocket lakers game yes finally got tix game amp yeahhhhh
6799,26494,1,imagesandwords month put week s notice little week ago last day friday
6800,4449,0,bird flew window parent house snapped poor neck gotta bury
6801,2298,1,tsarnick yeah thumb last night sorry
6802,787,1,delloutletuk gone
6803,15742,1,sat pub pretty quiet far prob leave bit work
6804,3489,1,good morning afternoon night all studying usual
6805,5380,0,philiphotchkiss sorry see twitter user named tomclain
6806,35622,1,boystown i ll leave eastwood hour
6807,19957,1,eumiko uhhhh yeah tweet lot nowadays quite lazy so month always college
6808,2282,0,mom left
6809,17249,0,mad glee premiere till fall
6810,12194,0,ottosdaughter sorry hear
6811,9631,1,tummy hurt
6812,7235,0,fun filled evening funeral home joy
6813,16891,1,queenpenguin mean
6814,27617,1,wossit look follower tweeps list fully populated
6815,11612,1,entering twitter lurk mode time lock keyboard poured whiskey
6816,3011,1,flypside good i must creat presentation english guy
6817,10204,1,continuo tentando trocar background twitter over capacity
6818,6113,1,frankiethesats beat understand
6819,35583,1,working away now hopefully stay nice afternoon evening possible bbq weather
6820,4572,1,janey la wanting sun today apparently la cooperating
6821,31060,1,equivocality nah look better label top latin name access way need turn anything
6822,37358,1,mokargas darn open source software security hole
6823,21357,1,rebecca iscool gb drive mb gb free tb external storage permanently connected home
6824,14775,0,itxi itx credit unfortunately
6825,18726,0,stacyday yeah trimet say hr trip get home ish arrive everyone leaving
6826,2647,1,http is gd iq microsoft released zune also europe hd u
6827,3722,0,gfalcone ohhh ok thats upsetting sorry wasting time xx
6828,7749,0,ugh soooo much work today trying make train game looking like hour sunday office
6829,17428,1,agent nothing yet
6830,10179,1,still waiting
6831,10451,0,didnt get hug today
6832,5363,0,retrobakery would agree bacon cupcake would rather drive shop instead office
6833,342,1,lyin bed faaaaar early
6834,4561,1,passed last night middle th quarter witness magic lose
6835,23651,1,neridagill thank you look
6836,21879,1,isla fisher hey u did u got reply
6837,26408,0,lesnoyse b finished
6838,8351,0,hate taking lily doc get shot make super sad
6839,3647,0,early wanna go back sleeep
6840,5516,0,life get soo dull sometimes u around x
6841,24427,1,hello twitter
6842,3206,0,kevincl here going browse sa get bored
6843,10623,1,aldenpolicar good day sir hungry
6844,12933,1,ann aguirre going anywhere amp book finally get hre cool know wht butch look lk lol going mail tdy
6845,26988,1,larrybenet dmed login detail twitter salvation system enjoy let know u think
6846,36170,1,skiingfreak way short stack sway sway sway sway baby song
6847,1503,1,whitespider quot toy quot advanced load carrying system low cost man outdoor shelter get wolverine glove
6848,28989,1,got show early jackson s chillen lil shorty
6849,9017,0,lonely day trizia baguio http plurk com p xapl
6850,3941,1,soo bored lovley day outside nuttin
6851,1058,0,finally accepting fact cute guy taken
6852,326,0,empty trash mac one difficult thing ever done life picture gone
6853,31017,1,saundrayee hey welcome twitter
6854,23349,1,good morning
6855,31317,1,hide smile http robo to oneflipsta
6856,18109,0,sux gabe told go afterparty id work can t go
6857,4583,0,lmao come mad reply im like damn im missed damn follow friday lmao im still important missed
6858,17845,0,tbake crap always forget
6859,38097,1,givemestrength ha check high score today currently no slot
6860,38721,1,haizzz hem cï¿½n ai t i n ï¿½y ï¿½i b ng quï¿½ bibi c nhï¿½ trï¿½i cï¿½y
6861,18104,0,tummy kinda hurt
6862,2542,1,badger probably yoot care grandad
6863,35320,1,dawnofournight try not stranger
6864,13071,1,annoyed
6865,27356,1,going school actually tired today tho
6866,14182,1,gots headache
6867,301,0,can t believe metal gear solid song stolen disappointed http bit ly ykksu
6868,32416,1,metodico quot organization itil forget people and fail quot preaching converted people http tr im kwua
6869,14019,1,please
6870,35600,1,ohmeabby kimbeommie update
6871,8729,0,gonna suck sober one tonight
6872,9166,0,melissaha what kidding az landmark kinda news make sad
6873,26535,1,full time tonight s game ashington whitley bay
6874,32462,1,katyperry think honeymoon good life either honey moon joseph arthur
6875,11070,0,yea baby im gonna miss much
6876,32826,1,dili loool thats way thing are
6877,21036,1,hellokittylei day like this
6878,4755,1,watch amp wait amp tomorrow take anyone need dr w o take everyone else n s cheek amp ear red hair
6879,33808,1,sunmaker yeah based e mail
6880,21166,0,jenkellytisdale good luck haha loved character bring on win movie
6881,12580,0,finally feel like nice summer day feeling sick
6882,9384,1,finally home decides time work friday long weekend apparently client
6883,33253,1,mum driving eric jt night
6884,8494,1,back sudden wave melancholy take over miss shining emblem
6885,11191,0,heeder s monday well absolutely plan weekend
6886,18087,0,bored headache
6887,418,0,wish parent put chinese school younger then much easier get job
6888,23802,1,dcmjlive none moment used root adam issue quot feeling good quot version muse fan like moi
6889,16399,1,taracherish guess wasnt meant be
6890,6674,0,dang ldbf didnt give follow friday shot
6891,21150,1,monicafrancesca vote want see gino drag please post picture
6892,4436,0,think need new friend
6893,35202,1,olmyt sure try n keep up p enjoy studying cya
6894,7929,0,favorite spotter last tweet go phone
6895,29214,1,joyofzen okay doing
6896,7594,0,work
6897,14589,1,terminator salvation myself
6898,30469,0,thedebbyryan look like ninja tutle xo lol
6899,14304,0,hollie spelt ie y made cry bgt tonight gxx
6900,21391,1,done it s summer
6901,13899,0,stomach cramp sat bed hot water bottle hot milk amp toast feel like wi girl minus stomach cramp
6902,10493,1,paid mo dedicated server godaddy would rather get slice slicehost using m sql
6903,7703,0,ugh going skool
6904,16017,0,grandparent cat may die love cat swear go
6905,33158,1,think going go outside john cage moment music major rejoice
6906,37785,1,laura diaz notice men kid store sat i heading church sing choir st amp nd service
6907,22303,0,somuchmo aww miss u already def sum wknd lol
6908,9436,0,klzmst too
6909,33290,1,simplyshannon wanted say hello
6910,11628,0,well rite gt headache
6911,19636,0,dog died today year miss much
6912,10426,1,year phil spector http bit ly zwd
6913,38709,0,simple greeting unexpected people actually lighten mood ever happen you
6914,26502,0,feeling pretty energized amp ready face day w only hour sleep hope last day
6915,37893,1,still playin rock band woot woot
6916,561,1,wearing glass give headache
6917,16639,1,postponed abandoned
6918,18228,0,emmaroo innerchild sarah like cooky sad feel sad guilty
6919,7960,1,younglexholla ooohhh well could always borrow burn buddy lol
6920,25536,1,robertholiday mmichelle missjo ladie g morning headed classroom now good one
6921,36863,1,jigang pawing thru elle amp saw innit
6922,587,0,ddlovato caan t iht earlier icant wait long ahar
6923,7482,1,shower doctor s appointment
6924,37586,1,http twitpic com wrk ashley tisdale love shade girl
6925,24624,1,akavirtualpa thanks anita looking hosting look
6926,32922,1,robcairns pleasure hear kelli new project followfriday
6927,545,1,forever yours home cat right now
6928,11144,1,time
6929,34220,1,vautrin think end remembering poetry feeling behind something far important name
6930,24625,1,davidarchie maybe take recorder around record new melody came yr head
6931,16434,0,darn dont guitar tomorrow
6932,10523,1,working close
6933,7766,1,wish weather would make mind up also wish could hurry get new song myspace
6934,3350,1,moodle intro training morning age since done that booking
6935,20439,1,mcosare fil cool people like
6936,22912,1,quot the complete black book quot arrived looking forward entertaining tv night dvd
6937,28940,0,im feelin rite mood flor twitter dark
6938,11117,1,frugalgaming cant get chat thing work
6939,19177,0,survivorqueen can t shes taken key muh car
6940,15436,0,ready weekend sad office tomorrow morning
6941,26330,1,decordiva yep getting material together st usa pitch realtor quite worked angle yet come
6942,38416,1,evertb gather mrsbopp still asleep
6943,2607,0,wrote lyric new song exciting i slept full stomach worst feeling waking still feeling full euggh
6944,15303,1,luckystarlaura yet another semi final tonight
6945,39501,1,rustycharm retail paper sound like plan probably start somebody awake answer them
6946,36694,1,pcsketch would cheaper take spirit tasmania the ship island on bus expensive ship
6947,18240,0,drbri sure never used it sorry
6948,29079,1,justjen btw plan anything next sunday find time showing wolverine take u movie
6949,25763,1,watching alias beginning approximately th time
6950,13612,0,can t even gift money away day re http ff im lqux
6951,24032,0,hey everyone guess what rooney coming today
6952,33241,1,neestaples thx ff followfriday
6953,36654,1,wishing mom happy mother s day
6954,23538,1,can t wait th th gonna loooong night
6955,9323,1,hairspray hair lighter amp bong new haircut
6956,26869,1,parkpr year young
6957,20665,1,djwillgates
6958,5188,0,cab slow probably miss first beer
6959,7334,0,brother wandering around house underwear charming sister female guest sure
6960,2545,0,rina spn boyfriend even say bye
6961,26571,1,going wedding afternoon
6962,1527,1,terrencej you been till last night
6963,12084,0,nkeathley tried join chat site would let sign
6964,20557,1,morning all typical grey amp wet bank holiday mon far today photo gallery paint gallery later may treat myself
6965,10652,1,war man im fully obsessed burrito enchilado style mom doesnt wanna go tho
6966,6710,0,jmorgan getting another one there s alfie
6967,9643,1,told shes allowed sun tomorow either wear sun cream
6968,31820,1,caitiehendry this http www sife org usaexpo
6969,39100,1,getting jba
6970,19094,0,bigheadasian ahhh can t one will la vega weekend noctweetup
6971,1374,0,sigh it s always sad watch series finale no green wing left watch
6972,5940,0,knee sore physio
6973,25519,1,adamsconsulting hello may great day
6974,9416,1,davidlem re meeting right afternoon started fill
6975,34730,1,favourite shirt true lt grumpy a cute b huggable c life party d http tinyurl com qeax
6976,39791,1,abzquine oh source sleeping bag
6977,9223,1,going clean room thats hard keep room pretty clean really anyway could still better thing
6978,5243,1,doente
6979,16423,0,kanoaofgomega love go kanoa sorry loss dear
6980,22212,1,weather prague like weather belgium gt rainy
6981,8119,0,jonasbrothers saw webc awesome loved song im sad cuz couldnt wake early started am
6982,26046,1,nan s house eating fish chip watching top gear good time
6983,24831,1,ayou nope telling want cameo cream
6984,18261,0,caiteggers need one too
6985,6769,1,never got see print
6986,2766,0,rd day pain
6987,3983,1,hate covering store
6988,9698,1,twitter wont work mob
6989,18724,0,that btw
6990,10813,1,pizza party went well still invisible might well bag head whatever
6991,14113,1,momofnation bad sort want miss me know missing her
6992,38459,1,chillin
6993,32077,1,mikemayer too
6994,5738,0,road again miss traveling traveling partner
6995,12108,1,taking care yucky stuff
6996,5344,0,internet pocket edge network denver sob
6997,20070,0,davidarchie want hear something funny radio right now
6998,8136,1,wish
6999,26784,1,thelastdoctor time theme quot purple quot
7000,8804,1,family went beach pool friend stuck house till get back
7001,38861,1,okay okay sleep realz now goodnight wave follower
7002,39104,1,marshawrites yes write article
7003,8904,0,flash lost frisby roof sad day lol
7004,15231,0,ladyloki idiot family feeling mix amongst stuff
7005,5981,0,two dozen rose sent overnight delivered morning found recipient town sad
7006,20443,1,clocsen accept blame said quot in english quot the language say quot in british quot could
7007,32015,1,qclindalou go log myspace page
7008,14660,0,got clean bathroom today
7009,9032,0,carothenyx aww im sorry im home hope ok love ya wifey lt xx
7010,12638,1,lint you what s favorite rhcp song
7011,18649,0,hitting bar two people lame tonight
7012,17143,1,kimberlee hatch miss
7013,8406,0,bored lonely work
7014,20229,1,odwgoog absolutely
7015,5842,1,many thing missed tweeting
7016,7857,1,feel my cousin monkey http plurk com p xpa
7017,32514,1,mother s day lunch
7018,13236,1,chrisettefan nm dang gotta bounce like minute chilling usual
7019,36023,1,tim in nh night bud
7020,16185,1,mitchelmusso england saynow number cant call u one
7021,7043,1,thinking canï¿½t control thought
7022,33502,1,jamesprops cute kitty
7023,36010,0,davecandoit dude honest god happens time minus trail mix
7024,8962,1,shadowsforsale
7025,26737,1,beach ashley
7026,26517,1,allancavanagh move mudhut could none crap like mudhut
7027,31586,1,darrala sorry again twitter ap phone text it reply internet now
7028,24280,1,lt my expression watching again http tinyurl com eqbwe
7029,32798,1,gracie dustin sleepover
7030,22897,1,pjpri go near hive tame you
7031,38393,1,jussinen gone back can t see anything obvious know apple store today anyway
7032,34658,1,exception short dude larenz fineass tate yum
7033,21328,0,javierchua well right side thirty
7034,39533,1,know make late night call india team member picture struggling message thanks angelac
7035,13451,0,crizzoid cant stand summer fever for me weather get really humid lol
7036,17566,1,nessie cullen wish right
7037,19306,1,stormy
7038,6660,0,jkblacker unfortunately jamesog someone s squatting
7039,39629,0,enough already wolfram alpha next google next cuil http bit ly hesz
7040,25339,0,iveland know really hurt arm guess booze me ask hpeikemo erlandwienke believe me
7041,12091,1,nichola abdo
7042,30665,1,haul video coming up
7043,15866,0,miss r can t get one either dog pretty sure bunny survive struggle tom
7044,19358,0,s retro prom wishing dance with gonna miss great dancing nite still blast amp drink
7045,22075,1,technx fair enough actually dont give x men mad max fine
7046,1017,1,mrskutcher checked library website girl dragon tattoo checked
7047,2563,1,can t concentrate need booster woork
7048,13909,1,ugh hour
7049,33683,0,amypredsfan oops too late already popped bridge since missed tv i lt blair amp jo too
7050,39358,1,davidchua think play psp pokemons
7051,26705,1,schwendigity see floor make offer let know receive call soon
7052,32780,1,hey dont know use
7053,16177,0,retrorewind awwww cried make cry love joey
7054,35231,0,twisty using paint net x running crazily fast can t afford c unfortunately yet
7055,18571,0,going work people party going home visit grandma sadness
7056,29534,1,first weekend home
7057,12888,1,leno s last show tonight
7058,36145,1,send blog s rss feed site republish send traffic site
7059,6753,1,seriously dont like girl
7060,26484,1,demr awd gonna disagree friend coolest one planet sitting right next me
7061,4046,0,oops spent much already lol quid gone
7062,14034,1,way work cant bothered
7063,5523,0,busy work today it interferring socializing
7064,14599,1,preview trailer new moon joke second still watched tho twice lol figured missed something still sick
7065,19060,0,csuryan surprised fired stuckeycsu announcing whole world body found quot selfish quot
7066,8110,0,berumen no sitting around sculpting tiny koi
7067,11637,1,disappointed win teh glassez
7068,20676,1,happy meal b o b toy http tinyurl com cjtqaf
7069,26904,1,jjujuu yeah
7070,25299,1,love idol looking new sm sending solution http promotion itagg com get ï¿½ free sm every itagg
7071,18686,1,melanienugent oh damn im sorry good adding spoiler cause blayze watching later
7072,435,0,suzydunkley sorry bout cat
7073,16472,0,moving nothing accessible camera broken kitchen stuff box internet make hard cook blog get brooklyn
7074,30751,1,mryoga love mom best mom planet
7075,21678,1,back hospital work later studio time
7076,35596,1,gabemedina problem way around except loop hole education equivalent experience
7077,8575,1,elishakhalid called didnt answer
7078,17205,0,mitchelmusso http twitpic com swx tried didnt get
7079,12495,1,miss walk home together
7080,16203,1,micheleamadesi hug
7081,9281,0,im feeling nostalgic im sad happy feel over time feel over love you
7082,29208,1,whitelakegal
7083,15710,1,fresa vega anniversary cant get enough jk
7084,36944,1,momtwnsn enter giveaway then use i know could
7085,48,1,jakeboyd oh noooo blow tire reaaaally going send batman smoke
7086,18828,0,cleaned four bathroom afternoon yes go ahead feel sorry me lol mine still waiting attention
7087,33311,0,laurenbakarian miss
7088,25146,1,day counting
7089,35961,1,twitter
7090,32823,1,good morning
7091,16403,1,change plan staying brandon papaya salad me
7092,23274,1,khanserai that s halo
7093,30686,1,chrisettefan hhaha kewl dude u dont know amp reason well thats another story mhmhmh doe he
7094,21423,1,http www efteling nl today nothing efteling fun sure python rollercoaster ride though
7095,30682,0,meggiemouse going hour out say computer phone last week didnt care all
7096,32704,1,watching ugly betty
7097,27904,1,may th
7098,38183,1,done time finally start shuting
7099,30967,1,badastronomer one called http twitpic com wauk
7100,2537,0,nobody love twitter
7101,8028,0,katebuckjr sorry reach either url
7102,13172,1,wish could work opposed wit kid cuz hardest job eva
7103,35263,1,test seo smo marketing try
7104,33768,1,kinda meant mother im giving prop tonyabraham taking u
7105,20807,1,home good night world
7106,22132,1,jofarnold going try report result
7107,26067,1,gmorning ooh giirll monday
7108,39953,1,balkanbeat no a ha unfortunatelly norway big family happening therefore need old hit
7109,5316,0,silenceiseasy lol cut bang like kate hudson bride war month ago super cute look diff time
7110,11104,0,wanted go basshunter concert tonight wanted to
7111,10731,1,featherblossoms can t stream video phone
7112,18173,0,dumb keep losing follower
7113,9154,1,transition time over tonight work night shift woke
7114,2234,0,im sad im giving first i didnt nothing
7115,11162,0,ogvenoe can t die lunch date rocio coming plus new shoe ugh
7116,15978,0,boomkatt want bittersweet lol
7117,1582,1,ayawan actually meant type quot end september quot middle conversation someone cant multitask
7118,15066,0,charter pissing off rest internet access blog except fixed soon say see
7119,37048,1,going shower brb min
7120,6804,1,hungry appetite
7121,6188,1,want real key back
7122,9890,0,miss
7123,15185,1,campingal office bldg sell move another smaller one own lose gym
7124,20292,1,time relieve stress gym someone write speech take exam research
7125,33935,1,james a michael plan it goodnight
7126,9983,1,working homework
7127,6784,0,wish chicago
7128,5354,0,alwaysmuah hey ruthie girl u send lovely twitts never respond hurt how s mikey dion
7129,14323,0,gracious greta good box worth way that
7130,9518,1,filling paperwork
7131,25929,1,timprescott quot layer quot absolute positioned divs web compability killer
7132,33039,0,apple fail set new british mac dashboard weather widget london canada uk one hard tell too
7133,7904,0,rafealanthem yes ready go got here ugh sooo pretty outside
7134,10301,1,genuineamy wanna watch movie again maybe dvd work laptop since dawson s creek
7135,9632,0,updating old ipod sad i miss orange nano
7136,26976,1,themandymoore awe thank you good morning aswell
7137,3301,0,captblackeagle miss captain
7138,22463,1,videogareth yet
7139,18930,0,davidmihm please tweet meme
7140,12138,0,jeremybeguhn fun without meee going missss youu
7141,7962,1,whew moving commercial sized freezer cooler lot work expected missing htc roundtable
7142,32866,0,jonathanrknight going soon hoping hear late nite humor you
7143,6463,0,really miss phone cant wait till new one come
7144,5183,0,lestockdrop wish
7145,21405,1,shoegal always love help propping bar
7146,19899,1,kathuerun hehe zsg probably go again also mike moved orillia arsenal available
7147,1482,0,smellthecheese know sad
7148,27608,1,writing mild wild article
7149,17212,1,missed britain s got talent tonight heard got amp happend gutted greg pritchard make
7150,26422,0,pizza breakfast shower class
7151,9461,0,got get ready work would rather fishing
7152,4332,1,thinkin twitter really quite borin
7153,37219,1,jacket slut leaving half get ready thing
7154,39163,1,pierrino yes forget koala pic pubquizzing tonight e back time sinon mardi
7155,5007,0,cinemachic failure using lacie drive
7156,33828,1,acryfromthesoul quot her s mine quot hon one rule break circumstance
7157,16477,0,early ish night tonight overtime work tomorrow boo working saturday
7158,3975,1,praying ryan smith amp amp mike fernandez
7159,10297,0,revfry fam would disown u there u really wanted come bbq got weekend mixed
7160,26142,1,rsr trying thing running online business well running regular business quot real quot world
7161,3683,1,demonicangel yay u idea look like
7162,25902,1,lizbastian awesome west lake street right across dunn brother lake
7163,21317,1,watch lowkey freestyling and selling mixtape http tinyurl com devxh performing norwich tonight
7164,12711,1,mitchelmusso dam living england x
7165,3449,1,ï¿½ nh n c bonus r i ch c ch bï¿½ vï¿½o kho n unpaid leave
7166,36796,0,wrap up well lesson take nude photo famous maybe really should
7167,7882,0,saw amazing heeels big
7168,31856,1,stop world melt you the cure
7169,35731,1,jennnnnn richhhh wast ed
7170,17588,0,sun breaking cloud and covered again
7171,18256,0,oh antiboyle work either never much bad thing eh uk eh
7172,37573,1,ohmonika star trek really good loved
7173,4182,1,work
7174,9757,1,carbyville ya speak first reply them
7175,20687,1,anthaman u follow please
7176,4239,1,communication class
7177,23986,1,ya walked wall thats plaster neck
7178,4809,0,waled past quad want outside fun
7179,4779,0,worm either escaped died bum
7180,9571,0,dawl get day still aint hit me love
7181,7924,0,inlovewitharmy timeeee mom say something daw tomorrow eh never compelte
7182,10776,0,sad coz hyd theka s dont beer
7183,21433,1,amreldib let hope retirment cancelled reason
7184,5431,1,ellisnyc hey handsome packing
7185,9997,1,kourtneykardash lucky bitch haha colddd rain would give anything hot rain right now
7186,13748,0,sickk tomorrow disaster get better
7187,22972,1,phoebealice x haha sound like lizzie l got sister older her like argh time
7188,37425,1,nice lunch even better mom pay
7189,13206,0,tooth bloody killing sure wait next week get fixed
7190,20881,1,going get new roomie today
7191,14918,1,paris moro pack ill wake yes dance lesson
7192,19486,0,chopperdave think im going wind going home go bed
7193,30043,1,corkyloowho
7194,3591,1,half term almost
7195,30410,1,phreak thinking http mypict me fuz
7196,3242,1,need get hand
7197,14003,0,briarlaboheme oh dear terrible however moleskine notebook rule lot
7198,23402,1,ok thats it sleep time
7199,6264,0,wanna know what s worse coworker brewed fresh cup coffee think bacon
7200,38810,0,day allweb i m still tired
7201,13861,1,aidan please
7202,28943,1,michaelsheen idea not so patient fan see teaser pic costume
7203,34233,1,hanging goddaughter
7204,14373,1,sarawkweird hm maybe louise rennison break tradition october instead always order uk version anyway
7205,17467,1,im slightly dont feel like today much
7206,14353,1,thisisryanross giving http bit ly snjen
7207,25425,0,trying figure whole quot twitter quot thing thanks scott amp allison now can t concentrate work
7208,11922,0,realdawnsummers haha quot work quot can t read anything
7209,14510,1,freelancesw expensive
7210,1099,0,jasminecjones thinking thing love morning chat totally need live gether full time lol
7211,19755,1,juicystar kicked blogtv cuz really wanted call me
7212,8872,0,school out work
7213,23084,1,everybody look new profile picture click profile
7214,475,0,miss baby
7215,9344,1,sophielovemcfly see face thing xx
7216,15493,0,cassieebee aint ur ff list im hurt
7217,17408,0,bah still work lol foot hurt nose stop running
7218,4663,0,happy sammy going morrow unfortunatly gone able go club performing
7219,15604,1,nothing
7220,36874,0,kiwilucy ahhh know win entire thing try avoid thing never work
7221,14912,0,flashyfem sorry hear that already much planned weekend considered going too
7222,35327,1,hockeygalever ssssssssssmack get back girl ww
7223,5357,1,hot hate summer harrymcflytosing
7224,23694,0,excited visited twin best friend dinner star gazing movie cool http gykd net
7225,22706,1,today tomorrow taipei anyone free drink http plurk com p rpgyy
7226,13744,0,aaronob it itunes lost song
7227,11026,0,wynstonfernando take class fall cool though im okay
7228,14267,0,redstarfuture awww no ugly
7229,33708,1,knartistt
7230,14152,1,got home got freakkin clen
7231,6373,0,jephjacques three hated word quot see monday quot
7232,11499,0,hungry food steal
7233,19192,0,dougreport checked worked sorry
7234,22213,1,twelve hai there you
7235,39570,1,xo mcflyandjb heaven go everywhere
7236,35515,0,waiting bus back cripple creek pick twizzler town seems kinda quiet tonite rolynn
7237,22962,1,jaybranch too remember kid grenade go soon tidied house
7238,34240,1,web good metaphor democratic process truth better served transparency opaqueness private vote
7239,5903,1,hot hell mess wish would gone arlington zeta
7240,14829,0,got beat super larryonation
7241,22705,1,btw happy star war day may fourth you roflmao yes know total dork
7242,15581,0,strained muscle lower back today amp amp hurt hurt running weekend
7243,7740,0,dont feel well got dentist appointment later
7244,4322,0,new issue olivemagazine office desperately want flick much do wait
7245,30036,1,dcastellani yes yes
7246,17568,0,dressed go
7247,24209,1,marieeeeee know mean
7248,12456,0,im happy ipod laptop dont know whih one decided refuse let sync song live without
7249,29831,1,theremedyu day
7250,17222,1,mitchelmusso http twitpic com swx im waiting min
7251,28468,1,dayzie work group home
7252,12057,0,disapointed good evans sound really bad tune britainsgottalent
7253,14808,0,drove fisher feel sad
7254,32651,1,http twitpic com wgp bambi eat
7255,37727,1,http bit ly qipuu jon lakers video blackberry
7256,17036,1,enterbelladonna hah knew didnt chance
7257,13783,0,lexielovesgreys well sadly live boring city usa nothing here
7258,17733,0,trillian account local comic store ran k one time
7259,2842,0,owww think tore something leg
7260,28023,1,smaals culture day love it telling graf culture study
7261,16827,0,thankful last minute doc appointment baby girl temp sitting doc s waitin
7262,20352,1,www loveisthecure net up check
7263,34528,1,clarexsaula hey sorry got last night
7264,16082,0,gonna life good exit hallway stuck world
7265,311,1,mydailyroutine yeahhh amp dont judge pillow
7266,22198,1,found one great thing living switzerland delicious bread sometimes little thing make difference
7267,25274,1,guy like fish stick
7268,3779,0,dont like funeral
7269,39180,1,monkeyknopfler welcome road today save game til next week cant wait
7270,37324,0,hanster ahhahahaha ariyan want listen used bandwidth downloading hamish andy podcast
7271,37232,1,giancarlon good morning
7272,36575,1,got twitter
7273,16417,1,gentlesinner wanna ruin can t spontaneously first paper copy spontaneity onto book please
7274,36613,1,tomorrow mean anna
7275,27253,1,download movie quot ben alien force quot http tinyurl com czbb cool movie
7276,29156,1,mother day
7277,18395,0,miss
7278,36228,1,superstar sunday pradeepto one superstar know sunday
7279,3699,1,wish wembley
7280,6869,0,mrswilliams timperator fï¿½hlt sich ganz montezuma iphone
7281,899,0,sooo i m kind sick n tired b guy dish
7282,14260,1,brigwyn someone came sleeping national passtime turned human
7283,30335,1,roccodispirito right on pull chair welcome
7284,3774,1,cutting hair allll day wish outside
7285,18180,0,thesvillenews http twitpic com kb sad day great guy enthusiastic teacher
7286,6750,0,tommcfly am buonotomato stopped tweeting brain s functioning wanna cry haha philippine tour please love ya
7287,34743,1,making milo
7288,23492,1,netvibes thanks greedy looking full fledged widget a la twitter like share within nv much expect
7289,14036,1,left window bit seat got pretty yet
7290,9735,0,start getting ready work took lexi park earlier wish could lay around day
7291,11497,0,chrisettefan hey aww man no didnt ignore dont mobile web txt see unless gt
7292,23243,1,searching wavy hairstyle
7293,2866,1,omg marshmellows lucky charm damn tiny now feel cheated
7294,7181,0,saschaillyvich guess mean beta read either story huh
7295,26251,1,prefer hamdemic aporkalypse parmageddon
7296,28149,0,didnt know starwars day
7297,3539,1,beckykingston think ever tried peanut butter toast
7298,15846,1,iamalejandra maybe pair shoe many super huge foot
7299,18092,1,fernshadow plain go crazy
7300,19210,1,break i m tired
7301,18541,0,think getting cold
7302,19427,0,realrobbrydon hi rob coming back show wale soon missed first time
7303,32520,1,mmuhlig that s cute mmmk see like minute
7304,12712,0,coollike cokies arnt real imaginary hav mmmmmmmmmmmm cookie
7305,13942,0,oyfreakinvey u witch im upstate fucking hick dry county alcohol ethnic food im cry
7306,36830,0,mcrmy lisa one online yeah
7307,12890,1,way driver s training
7308,5102,0,kirstiealley reply gorgeous hot pink shoe then
7309,4988,1,last quiz week back grind
7310,13343,0,bloodyironist suck woot misha
7311,371,0,imjustlalayone damn girl ya gotta let know get kit together amp got flyer next weekend i quot m down
7312,27108,1,first step twitter checking
7313,19490,0,bored kinda lonely parent went lake friend bring knew bored go
7314,8992,1,hettychrist fav since little gonna storm
7315,8420,0,la unified summer school drastically cut due ca budget cut sad
7316,27877,1,romrod
7317,3250,0,figure quoted wildly optimistic stuff science fiction bit disapointed ciber sabip
7318,28547,1,ambernia noooo wavin
7319,21471,1,http is gd wxmt may source
7320,18252,0,tellie jean think it get state probably still touring dammit
7321,12306,0,traveling l a see grandpa hospital another road block family cross
7322,11941,0,found one coworkers actually like leaving
7323,7756,0,parent sold car
7324,29399,1,applee pyee sure
7325,20982,1,loveivy oh see daily life shot interesting well
7326,39486,1,kennywormald ohh confused p seen it favourite
7327,29152,1,yoyonb tehe th
7328,5373,1,nptnmkiii dunno i thought funny
7329,19832,0,travistubbs already fan hulu bad there s bigger internet selection netflix thought would easier
7330,25849,0,go uploading photo email would ten tenenen tenen done
7331,10342,1,boognish wish clemmie would nice http apps facebook com catbook profile view
7332,26773,1,maritzasylvia uhhh yet maybe dm inbox slow let know show
7333,27788,1,training today
7334,25214,1,neo indian hehe true got color advantage complete american
7335,47,0,problem photo twitter amf can t see face
7336,8234,0,yelyahwilliams alright really wish guy could ve done show tennessee now can t go one show
7337,2511,0,mrdeniro wish someone would inspire sexy time right ugh thats gonna happen ugh
7338,21831,1,real shame nice sunny outside would nice another bbq nvm
7339,35709,1,standin forest got maddest photo taken
7340,6907,0,jhall good bored work
7341,18520,0,feelin right hope feeling pass stupid stomach
7342,18356,0,youtube working
7343,36507,1,wrecktify lol ok gotta get folk microsoft live wa hire me
7344,10160,0,totally toni one day today also
7345,24348,0,weather let morning ugh hada gd nite tho
7346,1531,0,tweet last hour nobody like tweetboard
7347,35837,0,usually creative mother s day lately feeling creative o k good night uh morning
7348,15548,1,streyeder rock sock off sorry go bfe maryland
7349,2840,1,timmyness cervical cancer get
7350,4771,0,woodywoodford unfortunately leave house time
7351,557,0,gutted bathroom still free early work going happen need loo
7352,14580,1,yeah too
7353,7184,0,refusing accept u holiday over heading woodies longboard diner um hove
7354,8954,1,schwarzenegger proposes closing state park http bit ly mhkz
7355,9596,0,mrkris really dang missed sigh
7356,11634,1,lampplease ew agreed
7357,14378,0,gonna happen
7358,38451,1,morning everyone
7359,10090,0,nanaimo day missing son already havent even left yet
7360,2622,1,zacktate u goin
7361,6712,1,tracybegins bb
7362,20182,1,http tr im kp surrealism cute way louis votton quot superflat monogram quot takashi murakami music fantastic plastic machine
7363,29194,0,vonstroke heidi finished set stiff kitten aundy
7364,18832,0,booo best friend leavin weekend ever without her
7365,23147,1,still awoke a m
7366,26845,1,njgetsketchy is bad as he still
7367,6030,0,autismvox
7368,38353,1,amandab morning checking still find twhirl
7369,19019,1,can t help grammar nazi
7370,9661,0,pissed someone took wallet
7371,5778,1,kimkardashian watchin tv yesterday medium u u number five think worst beach body ur butt
7372,19696,1,sat around corner
7373,17386,0,made little cover iphone bird upside back http twitpic com tp amp http http bit ly fjeam
7374,221,1,looking desktop twitter app actually let access url suggestion liked twittle linking
7375,4468,1,ugh going town never rest want go tyler know get back exausted
7376,7631,0,selling bonnaroo ticket can t get time away work anyone dc area interested meet up
7377,10397,0,feel crappy today
7378,36089,1,error call her surprised
7379,32009,1,thekt oh yeah stoked monday game cap get destroyed
7380,6846,0,last day off back work tomorrow
7381,27667,1,nuttychris well use tweet push make go shop time im back hopefully
7382,27193,1,less rain sunshine
7383,35328,0,kmancobhc really brave best thing rest get better get well soon alexi
7384,11434,1,generaltekno read too meant toy though
7385,9353,1,blackheartbunny nope
7386,14865,1,caligirl ur mom called guess not c u
7387,8691,0,need motivation life oh love would nice
7388,9420,0,thrilled marathon sunday assigned street less
7389,16297,0,trying install vodafone internet key eeepc remember worked box today want work
7390,32947,1,love scandalous
7391,4657,0,wm clever headline sorry salt lake city yr http tinyurl com mpoghc
7392,33389,1,unclerush morphine percocet ur friend pain acute became friendly recently def morphine st hr
7393,27695,1,robertpattz bonjour sleep well
7394,31297,0,outta shower bad justin spend night haha
7395,25351,0,sleeepyyy today busy work library class tanning packing bit sleep atlantic city airport myrtle beach
7396,17858,0,internet big fail today twitter usual semi flaky self facebook vrbo com boo
7397,28515,1,angeleyes oh keep working it you always make little smaller
7398,19474,1,can t change profile setting
7399,17578,0,wreck getting real sore now fault insurance planning go wedding tonight
7400,17126,1,dang need bed bay area monday tuesday night anyone able help out
7401,14438,1,im done cold really wanna go tonight really dont feel like it
7402,11595,1,myfabolouslife u gotta say
7403,2012,0,enzo blech thats fail receiving dollar quoted job usd last month getting paid major loss
7404,1193,0,kind lonely nobody answer phone
7405,35097,1,lakers tomorrow kb df ftw
7406,2795,0,weather back great shame wait delivery
7407,27493,1,exam today going get license renewed birthday getting closer
7408,18886,1,someone fly reno
7409,28148,1,lynn hong oh yeah came back weekend cosplay photo marathon
7410,24991,1,amy e w thank you ill try to
7411,16026,0,rubios beachmex can t dm since follow me
7412,7855,1,reba wish could listen canada website let me
7413,8936,0,feeling effect spring sinus killing
7414,4068,1,hellocuppycake yeah guess gotta wait til sometime june
7415,39815,0,happy mother day ugh sick school tomorrow watched e news keeping kardashians dreamgirls
7416,21011,1,control tweet u post facebook using hashtag check awesome easy app http apps facebook com selectivetwitter
7417,2627,0,wish get least day off row day enough rest day on day off day on day off ugh
7418,7720,1,may gray coldplay nice shower work
7419,15217,0,sadly know lot woman like song http blip fm af
7420,9182,0,dish i miss kitchen team
7421,26321,1,ilovenwyork thanks
7422,6462,0,supported thing like n intrested in mom always refused it
7423,22186,1,s current goal lose pound next tuesday come soooo ready gatlinburg
7424,3051,0,blog crashing browser
7425,6195,0,ti died know why
7426,23317,1,can t wait till friday leave school party manor heath rest day
7427,6889,0,far vigorous pruning regretting removal many cucumber flower cucumber plant
7428,37782,1,lunch people aikido
7429,24103,1,allearsdeb ditto me staying inside warm dry today
7430,5162,0,joeburkel look like dialed lot payed attention small important detail gameplay still blood tho
7431,28503,1,abeautifulmind whats though sound bit yourself boiler
7432,9445,1,alyseegs nope gone
7433,38418,1,issacfourth haha dork sound yummy share
7434,27861,1,morrica good morning swedish friend love meat ball haha
7435,33807,1,http twitpic com wkm th grade formal
7436,23799,1,doubleuefwhy welcome back
7437,12225,1,peep blackberry messenger kwijt pinging p
7438,16260,0,watching quot sicko quot utterly digusted country
7439,24335,1,vicky spamming belle s twitter anyway rainbow dreamwidth got invite code wahahaha
7440,3850,1,nothing
7441,29553,1,talking boy first
7442,25019,1,going school leave stuff
7443,39028,1,richa august think chrony meant ape called tr rajendran russell peter
7444,733,1,nd last episode jay leno itll never same nite twitter
7445,271,1,koifusionpdx close taco one spot late
7446,21130,1,got back donating blood
7447,25162,1,chriscuomo http twitpic com jfm interesting head gear lol
7448,773,0,maybe take drinking again feel massive hangover still yself today
7449,27301,1,grand
7450,11844,0,loved sun today love black suit black top plus train tube get meeting back need shop summer
7451,36378,1,caroljs nice never spalding one year make flower show springfield good shopping centre
7452,3390,0,wiccawise idiot ok mostly skint hell could ve done something
7453,24586,1,laura ur call
7454,2169,1,project car
7455,13557,1,raining
7456,11985,1,looking dog escaped
7457,21347,1,bina sth relaying news thts reaching but said confirmation remains
7458,4626,1,agrinavich late actually spelling bee back day got eliminated state final though
7459,5682,1,nvm stop whatever see th guess
7460,7921,1,security audit
7461,24328,1,incredibly cliched point may fourth today
7462,30924,0,talked samgrover s cute grandma phone speaks hindi not best language but somehow manged
7463,9372,0,got right bad headache
7464,4634,1,gonna bed soon friday s soon would like plug in
7465,34355,0,kevinpollak forgive missed you
7466,10168,0,suppose get go find sumthin wear tomorrow can t get
7467,22646,1,new music electro classical dedicated nikmis http is gd wy
7468,5861,1,zanti guy gonna get metal detector brickmans saw chad ask davey fb sorry bout ring
7469,27790,1,taral need server someone know program use wordpress love knowledge limited right
7470,15038,1,sarahphymn ftrh ride home
7471,1764,1,bkk saluja think choco diet worse cuz every time ur hungry ur allowed eat tiiiny piece chocolate d
7472,16680,0,saw trailer batman arkham asylum play joker that s p exclusive damn hurt
7473,19735,1,lost home depot http yfrog com tij
7474,20584,1,silverbenz heard song quot purpose quot avenue q post reminds that
7475,39476,1,sojanjoseu working now it s okay
7476,13994,1,ummmmm im alone mcalisters
7477,5224,0,share miss niece nephew http tinyurl com mrgqdc http plurk com p xap
7478,5210,0,well suzylake discovered can t swim out sorry
7479,16263,0,jayisfly jess invited feel really unloved u aj right hahaha
7480,9848,0,recieved mail month life boring
7481,10586,1,doesn t phone
7482,2090,1,need present mom could anybody help
7483,15356,1,princssdim dont plan go home watch game plus still work early cant partying late
7484,5564,0,joinrick cool big user dm though
7485,26130,1,worn hoodie since sxsw forgot amazingly comfy is
7486,24184,1,xanderprod actually done cousin
7487,16182,0,mitchelmusso wont work uk
7488,10858,0,still stupidly sick cancelled philly trip sad day
7489,18663,0,ipod died running charged
7490,23939,1,wednesday green day perform new single quot know enemy quot tvtotal http tr im kpdx
7491,27953,1,jamesramya yes tax disguise booking fee commission online travel portal charge try ixigo com next time
7492,36579,1,nearly grand prix time
7493,11333,0,wholee aaron playing gig life aquatic party outside austin think mi tt bday party sadly
7494,15232,0,bfly
7495,914,1,business exam tomorrow
7496,8382,0,runny nose can t breathe terrible feeling
7497,24646,1,created new album facebook phantom cross stitch want track progress feel like getting something done
7498,33476,1,evanhindra dump blackberry us iphone basically compliment other think
7499,27855,1,going run circle also ab zum spooohort
7500,24814,1,posting blogspot
7501,28695,0,redhotcopy fell asleep plane watching frost nixon hope work better
7502,14162,0,http twitpic com iab rounding base fast relay fast game
7503,2441,1,jay leave fraser alone
7504,37446,1,soooo saying phrase quot stop false quot thanks aliciaway quot hater quot yoda person goodnight stop false
7505,9107,0,pool orlando got new kick going seaworld tommrow miss best friend
7506,2133,0,feeling bored miss school time
7507,15855,0,allergic hot wax
7508,21933,1,ginoandfran see morning rush forum s shoutbox overheat bcoz campaign flying skirt
7509,4374,0,exhausted
7510,28178,1,harrietglynn thanks
7511,30241,1,mazaroddi hey hey hey b
7512,4798,0,leg broke waiting untile go
7513,2098,0,bacon fail gulb lack chef
7514,18705,0,person online msn feel lonely
7515,30719,1,blanquis happy mother s day ya tomorrow
7516,28015,1,friend someone help move real friend someone help move body
7517,6324,0,chrlttgrc nope im nott planning aunty come america havin big family meal cant xx
7518,12014,0,haha aww ok back bionomial expansion ugh joy
7519,25298,1,jazzwerewolf lol get reaction mention new goal kona triathlon boston marathon done
7520,16110,0,wish jonathon ross audience right
7521,30253,1,ericviolette hi eric hope beautiful saturday
7522,10,1,cant fall asleep
7523,19238,1,ndm yeah went day im trying get back november mom super soak star weekend
7524,16165,1,nikkicsws awwh kinda hoping jack would get banana highlight back
7525,8229,1,course evil day job want stay longer need win lottery
7526,26430,1,kokogirl need go back scotty using last year
7527,28484,1,theraj happy star war u tbbtfans
7528,3866,0,jaylastarr guess interested
7529,2628,0,hojomo im trouble finding really yummy egg free ice cream favoriteicecream got recommendation anyone
7530,33366,1,pmaniac thats kickass news
7531,734,0,feeling good
7532,4938,0,hairstylist left salon without telling going damn
7533,7657,0,much day off foot place day
7534,12644,0,bless little girl bgt
7535,17174,1,sexybrandy well drink
7536,7936,0,still full buffet palm stomach actually hurt ugh gluttony bite
7537,5385,1,twenty shitttttt
7538,3486,1,pickassoreborn thanks going rain weekend
7539,33821,1,tyring pack aruba trip soul beach music fest
7540,26272,0,sitting katies house jo two away stuff swine flu bronchitis thats diff story
7541,7985,0,world of max sadly no david tennant left particularly want job anyway
7542,26697,0,another manic monday wish sunday that s fun day happy monday twitterland
7543,9876,1,joeysmissmac blah got shot hospital taking gravol moving slow
7544,33934,1,seanownsthewrld always
7545,21372,1,im sitting super nervous chiodos contest hope win
7546,8618,0,saying goodbye jesshowe year awesome helping fit team veritas
7547,6459,1,lucyfurleaps still duff boo
7548,34105,1,djmia good luck keep rockin
7549,2594,0,can t go bed sooooo tired
7550,4340,1,well one muscle relaxant narcotic still getting help dunno say moist heat
7551,18334,0,and person stood them world full spineless cunt make sad
7552,30659,0,shebababy rebroadcast last week pacquiao hatton fight plan night around it said much already
7553,28591,1,shriya s
7554,34535,1,iphone sdk amp going become friend today even kill
7555,17336,1,toee speaking meeting people photo u oli lost
7556,10530,1,laccboner mom said no
7557,23854,0,bhuto given way kunal khemu etc starrers turn out there high probability shit rather niche
7558,11363,0,adotevans im bad day
7559,24101,1,bryanboy congratuations sweetie
7560,13513,1,think someone may keyed car big scratch hood
7561,39149,1,hottieann live aj
7562,33623,0,leg fucking sore foot hurt walk whataday
7563,4450,1,today busy day exhausting
7564,5494,1,killing ant today put worker alcohol genetic analysis feel kind bad that necessary nice
7565,33230,1,juliaakes hahaha perfect procrastination finally caught part savage mob
7566,9842,0,wow bed comfy amp nap much short getting work want
7567,15688,1,wanted dippin dot
7568,39618,1,kristyslater like never ending story all seem packing unpacking soon over great
7569,36283,1,hello world
7570,782,1,mention bf bubbled wsop employee event hr aa working double next week
7571,3851,0,bagginsboy oh yes feast left
7572,31786,1,time rinse conditoner
7573,36537,1,http twitpic com wppg oh yeah bring morning tea tomorrow
7574,18962,0,h ouse start sunday sad can t afford sky
7575,27940,0,scottharrison thanks dm atl twestival committee amp really hope public speaking event soon enjoy atl
7576,39831,1,im surfin
7577,23021,1,vicslic pretty well wide awake
7578,33026,1,pre order collection launched everything visit u http bit ly hadfr
7579,26199,1,want me awake
7580,4412,0,amp malware work pc miss dept
7581,6041,0,missss friend plav time long day work hahah
7582,400,1,richard gable good it holiday chalet sight look v similar one going home today
7583,29676,1,eat cap
7584,9522,0,uploading pcd onto itunes xd used certian event caused lt sadly
7585,12355,0,lunch break s over going back work
7586,14485,1,school like one thats vacation
7587,6565,1,alexanderlaw singularly failed provoke anyone posted blog last time round
7588,19447,0,want join drama practice today can t
7589,671,0,razitul ya suffering whole day yesterday met dentist feel bit better still look like rocky balboa though
7590,9374,0,lizridley no better people know autumnrose going chiodos tonight right kill something me
7591,2148,1,dreamsthedream dreamsthedream dreamsthedream came back germany yesterday five day uk over
7592,4243,1,playin itchy fun
7593,28847,1,stillll listening paranoid starting civics homework new jonas episode
7594,21487,1,vote goal help win goal month http tinyurl com dlrcqk
7595,35671,1,mileycyruuus yes talk friench picture france london soon going l a
7596,2271,0,um arent episode lost season abc good thing im going vega keep distracted tragedy
7597,13425,0,home marble fall back reality
7598,31292,1,please visit http vzerohost com info sign alpha test image hosting service
7599,17182,1,mishhh oops meant th snowdaysss
7600,32468,1,heidimontag absolutely love it u r many thing
7601,14298,0,don iain well team
7602,33451,1,officialtila fashion show heard dating tweeter trying catch up soo much going on
7603,33252,1,oops watching mom amp son sleeping ing
7604,16137,1,heading work
7605,7431,1,megmegmeg ran space hugging jacob edward
7606,32936,1,viendo wolverine
7607,20725,1,dad watching mtv going sims minutee
7608,11247,0,ddlovato demi pretty bang everything you look grown picture liked bang
7609,8126,1,finishing one shift min drive half hour start till am and back am tomorrow sunny
7610,37881,1,morning world x sunday already think im guna chill house day
7611,15310,1,wished watched jon amp kate plus monday
7612,14814,1,guy serious question song like cd honest know reply lt maria
7613,8107,1,got back rm long workout da gym
7614,28395,1,nickdunn thanks nick mean lot coming designer caliber symphonycms
7615,28827,1,http twitpic com w pacman pic
7616,36754,0,brandenhaydon yes really do
7617,20260,1,alrightttt twitter netball nowww th twitter haha byeeeee
7618,8928,0,working graduation shame
7619,34092,1,coffee making
7620,27198,1,good morning
7621,3181,1,clumsyflic
7622,12221,1,niabassett iï¿½m good wanna get office
7623,28805,1,playing wii
7624,14333,1,pdx grenade link d
7625,37397,0,looking sister facebook miss yani
7626,13997,1,nayia everything lousy
7627,7601,1,builttofail download failed phone like phone
7628,359,1,becjee yeah plus little far walk pinocchio s sushi
7629,34069,1,noesh leyendo
7630,26023,1,going homework bye
7631,1938,0,overshoottv thx old computer here slow kubuntu blender really
7632,36638,1,maryklly didnt watch star trek yet thought watch last night didnt watch today
7633,11979,1,frankmans year summer school
7634,32423,1,ihnatko huh try for reason try
7635,4304,1,lukeholland mid detox eat
7636,36203,1,sexyjoy u going today girl
7637,13528,1,paulmjohnston oh know cancelled pm oxford paddington every friday evening staff shortage
7638,31286,1,happy mother s day ninalo
7639,4712,1,currently ï¿½ msla cloud sky humidity gonna get s today i m working
7640,31252,1,stephanierhenee ha thought would enjoy family guy reference bored
7641,31818,1,denny s mike pat jessie
7642,11431,0,lunch forrest baron fpu dead
7643,12157,0,eprussakov ohï¿½ unfortunately
7644,11328,0,someone feel good
7645,2678,0,felipeazucares everyone seems love it felt kinda lazy repetative me really disappointed
7646,24027,1,may th
7647,28239,1,jshu idk maybe
7648,3103,1,want text short stack but dont understand texting thing
7649,26937,1,watching tv patrol manny news
7650,28819,1,beangirl pad thai favourite
7651,11669,1,hello dark hair well plan today got cancelled make better one
7652,16698,1,queenroxs
7653,14301,1,aww man left laffy taffy s work
7654,39340,1,damn article need creativity isn t h already
7655,3433,0,got bullied dillah help
7656,13349,0,lizzerdrix hate cottage cheese even got fancy stuff last weekend lemon berry i could eat half it
7657,20635,0,nileylover well i m little bit sick i m fine
7658,6800,0,hootsuite darnit see happens avoid teh interwebs work
7659,25463,1,nakedxa ok take care
7660,27093,1,mscatou make talk smell hugecoffeesuccess though
7661,18716,0,fizzythoughts boo work beatwittyparty least still here
7662,34567,1,caitlinhllywd love tooooo duuude i need make shirt say something cool say
7663,19181,1,princesssuperc miss youhhhhhhh ci tell dem japenese ppl give yu computer sumthinnn ya twit fam misssesss supa c
7664,10668,0,anyone else bad friday fun day today
7665,22431,1,jaybranch follow
7666,29303,1,duckydoestv lost u ending i mean eat greypoupon anything prefer bleaker original
7667,16494,1,umi and alter oh really must missed post
7668,26403,1,krownz keep different hour
7669,9204,1,got deadline meet tgif
7670,5440,0,could kill him hollyoaks made sad
7671,18255,1,poop shirt insanely cracked screen iphone daaaang
7672,9829,0,pool today stupid weather
7673,23711,1,bagwaa hi thx following teach chinese lesson youtube pls feel free look www youtube com chineselearn
7674,34724,1,checked there s new comment friendster
7675,5796,0,sad dad dy hakuna matana mean worry for
7676,2743,1,thawrite oh mdotperiod free drink thats wasup im givin drinkin lil bit
7677,4788,0,sick suck im me ohbabayy
7678,381,0,hello jodie um thrown jarewolf s van yesterday taken er
7679,21942,1,jeffgerstmann spray non smelling repellant stink high heaven
7680,13631,0,the law rence amp simplysarah why head feel like surface sun underneath beaver pelt
7681,1721,1,new video ipod delted could replace
7682,3500,0,beautiful day outside today shame stuck office blind shut stop glare
7683,4420,0,feel like failure morning
7684,9217,0,cancelling javaone http ff im nzth
7685,29481,1,clickjow depois tu pode ver outras sï¿½ries te indico two half men e big bang theory bem diferentes de comï¿½dias
7686,19612,0,want burrito still minute work
7687,836,1,oh no hey what s tatoo say
7688,37571,1,first ruby app let s see far get pww
7689,26865,1,hootsboots worry bizarre find
7690,26287,1,labarceloneta think target original release date july th enough time raise faux ironic interest
7691,32481,1,sleeping bed tonight home
7692,15492,1,right use snuggie snuggie stay work
7693,16154,0,watching quot la rosa de guadalupe quot damm episode true people make fun people virgin
7694,3411,0,im hungry nothing eat
7695,699,0,um think text msg quot subject line quot fail
7696,18348,1,healthbeautydr btw sister s ready know little fact nd oldest sister husband keeper tho her much
7697,1598,0,feeling bad muemerry didnt get see
7698,11156,0,watching quot week later quot good day
7699,23264,1,becca roo welcome
7700,23515,1,stephenrlee jack daniel sipping
7701,8654,0,yslaurent
7702,34292,1,talkshow larry cage
7703,29879,1,took nap beach
7704,17552,1,work tomorrow sheli
7705,19276,1,buscooby yes twin wontt watching
7706,26568,1,hachuree
7707,24322,1,going chantal aunt
7708,3158,0,lupin bebop that s lame sorry
7709,1458,0,getting ready school reading what s going set montepulciano practically cry cause
7710,3530,0,dannymasterson miss s show
7711,33854,1,original truly quot if want become wealthy learn thing ppl say time for quot me
7712,38975,1,sandy bit sunshine perk u especially mountain towel wash get dry
7713,12614,0,nathaliecaron ended going left knee killing me think pushed much yesterday
7714,25595,0,rawrrgasmic dreary monday morning slept like crap give break
7715,37822,1,cember ember yay thanks cover i sad ang alist please
7716,23603,1,say new layout back default plurk theme yay pero dumugo ilong ko kaka tweak sa font ha http plurk com p rprmr
7717,6092,1,dayawonton been
7718,28012,1,goooooddd morning tweet week three workout mention got new glass yesterday
7719,32050,1,cohen sydney twitter know problogger photography run also popular photography blog too
7720,13253,1,class student gonna miss them
7721,7809,0,woke missing alabama terribly dad say moving there soon thank god
7722,14100,1,ifebaby
7723,27632,1,bollywood film amp egyptian tea
7724,35405,1,friend awesome jnblack koreantomcruise non twitter one right too
7725,33187,1,jehan ara good hear allah aapko sehat de y
7726,20392,1,daybdaypolaroid theteganandsara follow
7727,29730,1,karenalloy congratulation xo
7728,72,1,brother bloom opening weekend el paso buy brick enjoy watch brother bloom
7729,27494,1,mlindvall hey problem today
7730,33982,1,comanike
7731,16756,1,coltranecurtis way
7732,27945,1,getting sick exam kinda thing well that s life
7733,30334,1,maariiaan hahahah yeah right plus twitteraddict so find well almost day likely
7734,6618,0,paid bill go mailbox find
7735,39012,1,jishanvn yï¿½n tï¿½m sang n m s th y ti t m c tr n tinh twitter tr l i lï¿½ thï¿½ng th ch sanh nh lï¿½m quiz mï¿½ c i c cï¿½ng chï¿½a
7736,32589,1,krustycanuck time halo then
7737,23836,1,back dancing ahh ballet hard leg ache high jazz contemporary hour hilariousness
7738,38648,1,offline now tweet later
7739,17550,1,lizridley get text
7740,27933,1,recovered back work
7741,36063,1,gapingvoid least hugh happy trail
7742,17742,0,nextman wish nah babe back home atl
7743,27338,1,min expresso cycling mile beat last time second lower body weight ready work
7744,12431,1,got back lunch rick amp brianï¿½s cafe father french dip good omelette burnt
7745,19334,1,kailaengland im salaried make less matter many hr work come territory suppose
7746,13303,0,heidepaneer could probably get craig s list list it cry later
7747,24794,1,shared kim hï¿½ltermand portfolio shared kaare finally dane iâ´ve got honor amazing http tinyurl com coypsl
7748,32488,1,tapit ewwhllyar tkhprmp rtahxefkt please reply win thanks
7749,19119,1,cakewrecks smell wafting thru grandparent house papaw smoker going back we ve got long wait tho
7750,36603,1,goodnight
7751,10038,1,lunch japanese sushi restaurant amp ordered japanese usually sushi place cambodian waitress clue
7752,4709,1,crazycori think going camping
7753,34776,1,iggyp gotta hand get back
7754,33801,1,relaxing daughter watching friend
7755,37878,1,kondziu certain show talking letter g quot camera cafe misog quot think answer question
7756,17195,0,disappointed learn newark oh cancelled july firework due economy
7757,874,0,wired sad
7758,36252,1,mithilacowan hey uh til u lol bit lost here would cool could update phone u know
7759,26310,1,getting nail done relaxing benji hour away
7760,38108,0,believe black personality explain feel boyfrann mine gots sprung
7761,32600,1,going bed cuz get like seven thirty something tomorrow today actually bad day
7762,15042,1,natebunnyfield no work came
7763,13982,0,lt bored death
7764,22796,1,ladylaine quite like god save king
7765,11204,1,thescript oiiiiiii back london happened reunion
7766,6461,1,please forget u
7767,279,1,jennyvokals girl blunt soooooooo thought right now absolutly great day stressor come home
7768,6294,0,sun making happy shame work tonight x
7769,16461,0,wossy smashing show tonight love killer wish there gutted shame got cut mid song end
7770,3241,0,livetosingxo first fight
7771,9053,1,emz gutted hollyoaks xx
7772,24845,1,going cook lamb chop lunch always end coking pay day amaze much cook
7773,39461,1,topdeckjess think twitter revolution success rove love rove
7774,15606,1,kiidcam can t make it manager switched schedule closing
7775,36688,1,round three tonight
7776,11535,0,look like rained weekend climbing
7777,2625,1,psychorn alexander course dinner wearing someone elses red wine
7778,27449,1,michellebranch morning michelle how s oatmeal
7779,18126,0,last day school sad
7780,4273,1,wish could go bea weekend
7781,31661,1,reading evermore lynn viehl
7782,11312,1,wish could twitter book expo reception javitz horrible
7783,18593,0,poor bretty yay phils
7784,944,1,jwess awww ok lol hopefully im still back state
7785,14976,0,going graduation hubby to be feeling well instead job hunting online
7786,20176,0,sigh getting computer even homework bye
7787,2171,1,starting wonder going get job came across though find work elsewhere need must intentionally
7788,24452,1,maab feeling well today meh blue tongue warn you
7789,15621,1,robcv chale ver define quot out quot
7790,11270,0,spend lunch murderin hit
7791,18097,1,pointman always yell trade see old people super nice car old people car
7792,14575,0,last day school i m sad happy anxious
7793,14795,0,misscherrypie wish could get back yours thinking hour week bubble would okay
7794,912,0,beautiful day shame got spend office
7795,16340,1,born raised nyc living texas past year still miss ny
7796,25332,1,mocitytwit g mornin
7797,27392,1,arianneross twee tweet lol
7798,22118,1,got up sleep anymore guess im really gonna go back bed im really sleepy
7799,22844,1,talindab hey talinda tyler slept night nephew yr old stopped nap age
7800,9431,0,glad friday two class lazy afternoon bad isnt nice warm today
7801,36832,0,mana everything ever made since
7802,15045,1,misskristelle love can t swing would likely evening tweetup future
7803,35139,1,granada bowl crew birthday bowling fisch http twitpic com wn
7804,15562,1,mzthave room smh
7805,4690,0,ugh miserable looking day degree summer go
7806,23561,1,lasuerte ohh right turned curve right angle like better curvey thanks letting know though
7807,305,1,sillybabyjulie
7808,27574,1,class
7809,29351,1,breeolson see date showing good time still want stripper picture
7810,11159,1,candicunningham oh dear u serious one prevent bite itchy distracting editing sigh
7811,2512,0,mood
7812,14815,1,reikoeoh bet would ve fixed could ve called twitter phone explain whole situation jeez
7813,35718,1,amcourtneyeman kirk hotter spock
7814,23098,1,starting pre europe diet today goodbye midnight snack goodbye iced tea hello momol hahahahaha http plurk com p rplpr
7815,19519,1,pheenx crud say
7816,3979,1,mcraddictal okay
7817,16622,1,jillvee sound great wish buy some
7818,31509,1,dhympna sweetie refuse offend will expect nay count it
7819,15723,1,rhettneckga wendy going all wish were
7820,37725,1,happy momies day http bit ly skqli
7821,5614,1,omg cliff richard song mind lol
7822,17410,1,allcashhomes
7823,32685,0,flyaarmy aduvall flyingphotog foxwhisperer brief interruption brb goodnight catch u later gotta ck something
7824,28820,0,yourfaveblonde could have extra ticket plus two twitter giveaway get next time
7825,15814,0,wishing going tonight wait tomorrow
7826,4084,1,want work
7827,25612,1,tom delonge
7828,23276,1,go duster shoppping greenhills mom balikbayans
7829,20783,1,finished uploading latest chap finally now watch new happyslip vid
7830,24124,0,couple thought wa bored morning
7831,9433,0,nyc right favorite people instead stuck ri
7832,15439,0,dont get car back til monday boooo
7833,8190,0,oasis ribena toughest decision everrr
7834,37489,1,ellesergi fab new pic way
7835,23291,1,idiotat gameszombie welcome th nks follow back stonedbuzz idiot
7836,26054,1,areonlee check http twittersucks com connect tweeple hate twitter
7837,1277,0,got home downtown dead plus im kinda weather gotta get work tomorrow
7838,23860,1,jackjohnstone tomorrow night would definitely work
7839,37510,1,thanx peep following
7840,26302,1,ramin aha length touche
7841,7279,0,kujakupoet computer got screwed hell virus finished wiping drive reinstalling window xp want mac
7842,36329,1,richardepryor use alotment
7843,28986,0,
7844,34127,0,definitely od tired but backstagepazz com joke i think want groupie tell tale
7845,24642,1,alexcashcash guy need come somewhere like philly somewhere north jersey
7846,536,0,morning again hate morning offensive
7847,28925,1,lillij i m buffalo worshipper maybe time pay visit preferred buff schack town http twitpic com wls
7848,16677,1,dogfaeries yes please
7849,32274,1,faa thaa night movie night
7850,26413,0,yaseminx know hahah xd cha doin
7851,9508,1,bummer macbook bugging mac head want lend helping hand
7852,27402,1,kat kittykat hello new follower haha ya
7853,27906,1,phyllig mtv movie award go vote stat
7854,15384,0,drove nbc s burbank lot line leno wrapped around building longest ever seen leno s last show
7855,33119,1,got sunburn coney island bike ride
7856,38996,1,abaggy yeah always embedded staff recognize name email
7857,9139,1,one last stop chicago going back miami
7858,20949,1,ever barre chord
7859,25302,0,misfitdior good morning misfit pass tylenol
7860,3616,1,boring account stuff
7861,30607,1,eileenright phone old rotary
7862,2118,1,lorrainelock closing sale look good
7863,28767,1,http twitpic com w found garage sale
7864,18020,1,mitchelmusso
7865,10646,1,home school tonight probably
7866,1475,0,jthaessica yeah dnt go there dif apps phone sad reason lol
7867,8864,0,omg realised listening quot perfect story quot penny liked dr horrible damn captain hammer omg im sad now
7868,12509,1,got stung nettle lol finger mean come dude apple needed step notch
7869,26329,1,amp lt criminy cuteness http tinyurl com cdyab sinfest
7870,34895,1,ztnewetnorb kill brady gf bradie
7871,12900,1,chaz s daily happening watching e r instead dvd end era sun out wooo http tinyurl com lgwrum
7872,17623,0,hve blister pinky nd hurt soooo much
7873,6276,0,thodwris rip michael
7874,14513,0,sunny bored sad call text
7875,25900,1,okay listening jonathan coulton working woo
7876,15959,0,go gymnastics last day class
7877,17494,0,gym myself fun
7878,5552,0,thewordaliveaz supposed coming life got way lol give friend wild time
7879,22050,1,one brings back many memory michael penn quot this that quot http twt fm musicmonday
7880,9087,0,retrorewind dave can t happen working listen whining big time
7881,1516,1,got follower like someone follow please
7882,1343,0,wish grandmother taken u
7883,17579,0,kat yeah done work weekend sooooo bummed
7884,29291,1,bought four tie http tinyurl com pvajlm
7885,7818,0,soooo cold amp ugly out
7886,27488,1,playing new phone think got figured
7887,16264,1,sjeske shop getting hail damage fixed week
7888,10129,1,pbsaliengirl happy belated birthday hun net broke first chance get online luff yooooooo xxxxxxxx
7889,4553,1,mizbrightside lol hehehe ok well hope u njoy night tonight ok need give jim hand shopiing
7890,573,1,sleep good night tweeties oc tomorrow hope pray rachyl get better soon
7891,523,0,want leave
7892,37018,1,pizza gelato newport hubby boy
7893,12052,1,thorney oh feel getting unearthly hour
7894,6855,1,you snapplynn wish would tweet followed me
7895,8672,0,sunflower seed dude say
7896,38240,1,meshel laurie thought rae family
7897,12831,1,enjoying beautiful day hanging around house pam making cake give
7898,5501,1,starting pack stuff
7899,14853,1,jspatton sorry forgot
7900,19864,1,soozinsports ouch
7901,11335,1,tehcheapone ok im really far yet nd part wish earlier though like mid day could involved
7902,12211,0,mandyyjirouxx mandy let vote want win can t help gonna jump bridge kidding sux
7903,16479,0,work go
7904,36559,1,green computing http bit ly gbr
7905,21636,1,tomfelton safe flight home jade xx
7906,27303,1,m srod know national holiday
7907,13359,0,science class right now urgh stupid project wanna go track school tired lol
7908,980,0,sfannah ahhhhh well least to
7909,6164,0,nisher yeah yeah heck anyway sastch year bail lack expense
7910,19897,0,mommy like quot whyyyyy quot
7911,12,0,ugh beat stupid song get next rude
7912,15712,0,roar fear me samee suck
7913,35758,1,michaelmagical hello how d ur saturday go
7914,34391,0,brabakr thank mr president
7915,13673,1,going dance recital feel like piece shit cuz cost much money
7916,5882,0,freecitysoul film come camera broken lamesauce
7917,16561,0,really need put laptop amp start getting ready melancholyjeans shindig but missed twitterloves day
7918,26026,1,last time pankraz got name
7919,38071,1,starting account twitter
7920,5473,1,aigulf
7921,23363,1,say tutoring cousin http plurk com p rpp
7922,3737,0,christineknight poor love hope get relax somehow weekend
7923,17847,0,psylentmike haha funny mikee probably mike ever like sad thought
7924,23554,1,ok woke need get ready day getting twitterena submitted
7925,26583,1,okay really really bored watched michael jackson concert awesome short film r coolio
7926,9745,1,michy mar mey want cake chocolate
7927,14465,1,soaked rain second even hiking mile mile rain like last weekend
7928,31754,1,hit hay who came that goodnight world inhabit
7929,36571,1,update
7930,17647,0,many good show coming money buy ticket fmfl brand new troub
7931,9519,0,agent m gave sick to my stomach feeling ppl like belong regular society ever
7932,36967,1,think play michael buble heaven great
7933,16775,0,aw grillz background look like plaque
7934,18549,0,angelicaaa workies dad aw suck working saturday morning study exam
7935,1757,1,emcrxtna month ahaha dunno go tomorrow lmao cause went today freakin filipino parent aha
7936,4177,0,mgiraudofficial give anything there bad tennessee
7937,15982,1,thank goodness starbucks iced coffee i feeling sluggish today think awful la weather
7938,14227,1,man wi no name nope printer library work ill pas monday
7939,23616,1,savagestar aye want cheesecake
7940,23938,1,hoganfe agree
7941,5611,0,miss baby
7942,26883,1,got shower sitting towel hate twitterberry can t reply tweet
7943,12358,0,mediatemple mt awful ftp service
7944,34933,1,say card
7945,27556,1,aaaaaah that s better proper cup cafe con leche fat milk little bit cinnamon sugar
7946,4120,0,claireyjonesy lmao want reply booooo tommcfly reply one u lmfaoooo
7947,1337,1,porkchopjones sorry move back
7948,11358,1,galaxydazzle ohhhh reminds me know one yours send toothpaste
7949,13353,1,tired today think gonna take nap friend come tonight i miss wish restriction already
7950,19939,0,myweakness loving i always let negative people life
7951,20167,0,dj s partypeople great cc kicking next one june
7952,21263,1,little hungry nice bowl spicy lentil soup fill gap
7953,9245,0,fuckin tired get home till work bjs
7954,181,1,taxidermi watching parental control
7955,17161,0,axelsrose im trying fix really need stop cutting
7956,7664,1,james herdman middle click addictive say
7957,3645,1,philiplinden secondlife blake sea water sandbox a la cordova can t rez object autoreturn min
7958,8979,0,cuterain following follower not nice
7959,3589,1,elwoodicious crab boat mobile set go every night remind head bed
7960,36655,1,mite article trib bout portia keep eye it
7961,11263,1,oh yeah laptop fixed shame internet still shit slow
7962,16114,1,cocabeenslinky exactly
7963,4984,1,love nice weather today camping tonight oh hate hair
7964,17412,1,squallee yeah
7965,15107,1,wish roommate coming home soon maybe take nap waste time
7966,18488,1,argh watching batman
7967,1233,0,sadly bprohibiting tweeting tonight sorry
7968,37457,1,bbq party
7969,35242,1,jpdonga there done
7970,7454,0,ooh icecream s gone oh wait got another box freezor yumm
7971,1304,1,s acaba la setmana del rap vintage amb la millor mc hammer u can t touch http open spotify com track bhgrqeafweegwmu
7972,16271,0,shopping sam s club baton rouge mom brought step dad charity hospital cant go home yet plan
7973,37038,1,home last night long drive slept really well time dino s wasstraat
7974,19324,0,somehow managed sober remember crap felt pre drink
7975,18061,1,brittaniethekid get it esplained awhile ago
7976,15453,0,carsxcollide no fell effed arm today back drive
7977,29669,1,dart party parentals neighbor livia
7978,37127,1,toasted blueberry white chocolate scone breakfast champion
7979,30371,1,otw church
7980,14665,0,wendica checked win
7981,21362,0,fast amp furious excellent movie andy great guy time lol
7982,4638,1,browsing nd watching barca win da champ league
7983,31602,1,sooo spent day sitting home front computer pajama i love day
7984,19922,0,alone home
7985,4184,1,rodcub know bound
7986,9042,1,want dog cat something want something unconditonally love thats materialistic family memeber
7987,29693,1,trisler lol see there
7988,5708,1,therotarm first thought too never even watched dragonball
7989,10402,0,sad day redskin release jansen best wish him http twurl nl ueivwi
7990,13403,1,http twitpic com fo making treck lafayette batonrouge solo
7991,15411,0,sad greg pritchard didnt make final britain got talent coz soooo deserved
7992,28863,1,needless say stay find cache
7993,37227,1,jessca iphone soon adding auto fill logins type everytime
7994,33459,1,got back
7995,32508,1,clintird
7996,31054,1,at m getting ready work
7997,13785,0,cant believe venus lost real shame smh think im getting sick crap week doesnt look like wknd gona better
7998,2707,0,sophiatam haha yea working chillin eastbay unlike u get summer break boo
7999,19463,1,heathershorter wish something toast glass water
8000,29774,1,missrachel much
8001,24719,1,flat sparkling clean that s team work way pick food
8002,36657,1,the rugged man hi vishal
8003,29993,1,finished watching you loved it
8004,35754,1,mcraddictal byeeeee
8005,1996,1,desperate go venice beinnale
8006,5529,1,alex roy haha actually hook internet
8007,39120,1,really good night
8008,6423,0,tired bored watching movie home alone
8009,36253,1,mayor of twtr beautiful
8010,13176,0,getting back swing still sore surgery tired coffee time
8011,22799,1,woke up making breakfast
8012,39652,1,favecolourpink too today
8013,1267,0,stay away home since part india dnt hav gud wireless internet im fucked
8014,416,0,morning everyone sorry going early last night bad news felt totally crap today new day
8015,19380,0,go big plan thanks tonsil
8016,25456,1,t bone s gone sleep think gonna join
8017,4807,0,bummer missed taylor swift today show plan day
8018,2076,1,every element dom child single parent
8019,1382,0,sunny morning big k lawn mow mile run attempt urgh
8020,21033,1,shetouchthesky direct quot wanting invest twitter quot question ev biz big cheese
8021,31293,0,hey everyone whats up got another hour half work tell something think wouldnt know this good one
8022,4731,1,newamerykah im alllllllllllllllllllllllllllll that nigga woke late didnt get breakfast wakenbake
8023,321,0,arrested development sad
8024,12198,0,fjgkfld sdh hometown day friend
8025,30775,1,peewee napping couch http apps facebook com dogbook profile view
8026,24546,1,mbrislane officially moss doesnt work vista unofficially fine
8027,33536,1,facebook
8028,11462,1,iamdiddy yeah except spur champ like usually are
8029,22919,1,trying find profile picture big loving hill marathon mtv
8030,3373,1,wanting nap sleep might wake kyle get sooo hungry
8031,16882,1,fully understands cat cabin fever holy crap really wanna outside
8032,35612,1,nitesofsuburbia that s you
8033,18949,1,gmmd bad thought talking today
8034,19007,1,plbrickner mind kent best friend going im going miss
8035,10439,0,fearnecotton gonna miss show whitby weekend btw love show radio always on ly x
8036,18504,1,got nail done n already messed alejandra lt
8037,29326,1,cigarette relaxing
8038,26179,1,maylouis hiya today
8039,8288,0,feeling rather peckish no dinner least hour wah
8040,38245,1,woke shopping today birthday kinda
8041,30155,1,found earlier today going uncle
8042,31287,1,http twitpic com wck jake signing twitter
8043,18337,0,tried swat fly buddhist magazine bad karma
8044,8147,0,head bruised really bad
8045,37563,1,church went mall parent got new backpack fit schoolbook laptop
8046,27915,1,school right
8047,15692,0,elephantparty ha thanks bryan remind state budget issue actually steve staffer office
8048,22312,1,iancantdecide hey ian may din ako maybe see other not cuz diff school tayo hahaha la lang p
8049,4997,0,yankeegirl besides strep like year reason tired anything else
8050,26629,1,lsbautista thank you needed
8051,31614,1,joeterrell cool qik stuff newsroom sometime lol
8052,19639,0,sometimes wish warden
8053,12251,0,take math quiz on friday booo
8054,21840,1,moppet hi kate you
8055,3418,1,jackalltimelow wish coming perth
8056,16973,0,im really sleepy want go bed but upstairs mess know im gonna clean nooooo
8057,6333,0,tearlesspoet hmmm really that s weird idk one sowwy
8058,4558,1,kiis fm hey can t seems get ryan s show online what s right then
8059,20193,0,larrybenet per taylor dayne conversation official jealous you
8060,9627,1,miss cauzinhoooo already
8061,6691,1,mryungkl smh dat whack
8062,15680,0,set chuck bass new york palace hotel bad filming today http twitpic com nht
8063,26260,1,traceyhewins good morning
8064,38684,0,went shopping sport tour yesterday garley funny need brunch shower
8065,5000,0,darn it again keep forgetting darn quot d quot dm s
8066,20622,1,byronkatie vedanta class saying quot chit happens quot chit mind vibration thought
8067,37157,1,fog horn doom great way start morning living next harbour really great
8068,13871,0,eabearce oh work poor boy
8069,22786,1,quanvu im good thanks may need advice soon im playing new font
8070,8547,1,technicoloring ha except omg amy bb give loaner laptop back today may without one month
8071,20421,1,best thing life free x
8072,5217,1,lucky luciano jailbreak went great tremendous amount apps ready though winterboard yet
8073,36092,1,going sleep now goodnight twitter
8074,39422,1,asym love unique accordion thief buff thank you
8075,21439,1,kindlebookclub pea plant
8076,4795,1,mimisaurusrex know want left home weekend
8077,38937,1,andyclemmensen whens sway sway winner announced
8078,2982,1,hmm go make time machine go forward god im genius oh yeh dont too x
8079,32318,1,used spare usb flash drive virtual ram pc got gb memory
8080,26122,1,got home audition awhile ago think went pretty well math homework calling name
8081,37945,1,angela griffin spent yesterday nursing one those replace vodka wine japanese posh dinner
8082,2364,1,justin roe oh well never seen anything gonna say anything
8083,24414,1,first po
8084,21620,1,watching neighbour
8085,6821,0,guy stupid idea good girl actually care them so sad
8086,32868,1,luluberry ohh that s awesome probably coulda gotten gifted ticket outta foil queen lol
8087,3916,1,seeeeeeeeed tengo sed
8088,38011,1,goodnight
8089,2701,0,today weigh in lost pound week o depressing
8090,28345,1,afternoon everybody
8091,24012,1,therealchloe np you x
8092,15338,0,maxicatimus mile essex give plenty warning arrive time get least one free beer
8093,13500,1,oooh sunshine patch sunshine gone time leave work replaced rain vent
8094,33405,1,tshein iphone
8095,26840,1,quesmoney bonehi night boyssss
8096,1965,0,heavenlykevinly go sleeeeeeepz
8097,12470,0,lost follower oh well probably one mute one anyway
8098,13404,0,http twitpic com fq making sad
8099,1152,0,sink hospital toilet low crotch grey suit spattered water time physio
8100,23797,1,faithjuliana where u magazine
8101,39153,1,fyi also turkish star war rip http bit ly aesnk
8102,15583,0,sad duck day
8103,36598,0,bluecat absolutely tru the horror still wash ovr sometimes think abt actual last day gd memory go
8104,8305,1,need twitter friend checking far often find nothing new
8105,29711,1,piece possibly beachwood bit
8106,39651,0,codelust prolificd caught lunch today correct stalking
8107,28536,1,twittess jï¿½ passo link
8108,9726,0,neeeeeeeed music suggestion one give
8109,16299,0,hard keep everything there s whole coldplaying twitter facebook talk real life impossible
8110,16815,0,pretty good kind depressing though
8111,30999,1,larrioux aha mom super power guilt
8112,8807,0,need stop sick
8113,29906,1,jareason legit legit cruise
8114,6181,1,ellapaigebabe nothing really sooo bored xx
8115,28714,1,nhuhieuma ava nï¿½y c ng ch cï¿½ mï¿½u nh gk thui hem sao em c h i cï¿½n nhï¿½u m
8116,29353,1,amor tell think pride prejudice zombie hyped sugar
8117,12303,1,rnbguru bummer mean unless youtube rip know how can t it
8118,2495,0,burfday alone
8119,14489,0,arikhanson shoot voted somehow looked boo hiss forgive great weekend arik
8120,26900,1,sianz lemon favour hand grenade pin removed cockney shite produce
8121,28037,1,hey updated twitter
8122,12106,1,rdmagnum guess ill drive back nine hour
8123,4838,1,chillin durban playing new puppy name yet present uncle
8124,34769,1,mrlowesadvice time tell
8125,19418,0,alinachka anyway could forgive me
8126,33359,1,free unlimited ringtones http tinyurl com freeringring usa awesome iphone
8127,17993,0,jayresc n u can t change profile backgroud neither
8128,464,1,taylor d no not
8129,2352,1,contemplating hand lovely car
8130,4620,1,court
8131,31551,1,denharsh afraid im def product nri karan johar generation watching lot classic semester
8132,12910,1,mrseb mimiron hardmode
8133,24659,1,phoebealice x listening earlier day planning something friend said that
8134,5249,0,beyonce help day starting get sick
8135,1533,0,bored barely even tweet nothing talk about boredboots
8136,2581,1,jalanii awwww wat gonna buy something pretty nvm
8137,18133,0,dream crushed spock like lady
8138,30573,1,jeffreecuntstar getting back together one album heard
8139,12518,1,doctor finished
8140,19399,0,working diffusing irritation traffic sure helping mother f always real bad day th help plan stuff
8141,4252,1,shablack give snap how s work going
8142,29368,0,sitting computer eating grape hailing outside o miss summer
8143,6404,1,yawn hotel moving tomorrow
8144,18533,0,saddest movie ever seen
8145,18685,0,turn get go see decemberists
8146,8587,0,wat stressful week jus hope everything fall place me
8147,2407,1,wish company
8148,27448,0,surrounded negativity good thing fly guy give hope something better thank u jesus
8149,30374,1,praxilla rock guy s world night make pancake next morning
8150,39671,1,nicolemissnikki hi lady sorry delayed response appreciate luv will t o month hows everything going you
8151,21176,1,mohdrafie there thing
8152,6442,1,everything spinning
8153,27534,1,mouthygirl domina sun girl think fit better
8154,7254,0,chaletlaforet shit awful could believe first sad
8155,6148,1,cashcapone cash u kno hater jus upset update yet
8156,12562,1,clocked possibly last time northview middle school
8157,5184,0,faizis wish kiau go cat heaven too meet seuss
8158,23072,0,sparklethots love birdy nest though already got u another kind
8159,15804,1,markbilly unlucky day without you hope see wednesday though right x
8160,9739,1,euangriffin why
8161,3359,1,day like today would wear short tshirt dhq office wear
8162,35866,0,parboo lol birmingham st love time move on good morning
8163,6086,0,brittanytastic aww that s horrible xd
8164,19732,0,momofcande miss
8165,33774,1,hmm might try tomorrow http bit ly urac
8166,32881,1,leekingx cnn subscription google reader help repost
8167,39364,1,esmeeworld thanks
8168,923,0,farewelling employee tonight
8169,33547,1,flawless much no unless one pillow end suffocating one sleeping next you
8170,24288,1,thanks following deee earl
8171,14699,1,ledoug actually planning working wth ala meeting kaiboshed plan
8172,31134,1,got degree b
8173,9177,1,im stats bored tireed
8174,18088,0,amalah jealous supposed go see seattle friend summer bail work
8175,21343,1,looking moon thinking
8176,15395,0,sad see deb two day
8177,34503,1,brianwierman yay give lesson tomorrow church
8178,17938,1,bear beet and shit never mind sg take out wasabi vodka ginger ale lime
8179,24337,1,think bicycle freaked custodian let building let key
8180,15321,1,leaving wildwood tomorrow luke say back soon
8181,14577,0,stupid folkestone cinema showing star trek time damn
8182,5959,0,ingek blip can t get work iphone
8183,38,1,work afternoon
8184,4931,1,liambrazier ever seem listen dirty day cd s still greg s parent
8185,3921,0,working still sick
8186,22310,1,twinklette hope feel better soon little magic girl
8187,21742,1,melancthe depends many itty bitty kitty want sit lap
8188,29135,0,guilty awww that s him nice attempt hiding camera
8189,3239,0,headache
8190,4108,1,revise
8191,28113,1,lowkey tired yet still energetic
8192,9256,1,hindupez maybe jd help know though ask
8193,27651,1,still newbie twitter
8194,21586,1,picalili here xxx
8195,10221,0,lancearmstrong chance seeing race germany unfortunately hardly tv amp news coverage cycling anymore
8196,10027,0,arm making want cry also shot made sick
8197,24931,1,sethhs haha mate btw seen film called american history x starring edward norton
8198,21076,1,nicoleburgers getting assignment done
8199,16146,1,waiting car wash see say amara
8200,11121,1,freakin hot humid today
8201,8694,1,handiquilterbg even dozen thanks reminding me quilt make lol
8202,17201,1,mitchelmusso omg can t call england suck please say hi here mean soo much d
8203,28527,1,work
8204,24553,1,morning school ickkk
8205,37251,1,watching wizard waverly place
8206,30684,0,sinse dis thing not reply message nuffin pshh care i know im special x
8207,22001,1,learning use twitter
8208,25825,1,jerryswifey thanks
8209,1422,1,would contest chickened
8210,15641,1,would like hug kiss eric long distance really really stink
8211,18499,0,got early pay bill figured like bandaid get quickly bad wrong
8212,38441,0,empitome epic fail know epic fail
8213,29823,1,spiderdj minute late think thought got lost knew going yeah right lol
8214,17573,0,ayebloodyright mean moz workin baker later pub
8215,29405,1,listening del barrio record release think cmyk music competition minimal techno madrid land
8216,18916,1,crazy leg peepin nina park pool hahaha like graf writer b boy sorry
8217,36916,1,fry plus greentea mmm http tweet sg
8218,11889,1,drsketchyphilly ala moving like moving too actual moving ugh wish could go too
8219,28388,1,conniegreen powerblog powerblog challenge keep talking about newbie follower
8220,32694,1,chilling casa
8221,13166,1,tchetelat much tweetie jive me looked tweetie can t use either now iphone
8222,32372,1,iamjonathancook old jonathan jr got four cockatiel two year
8223,17248,0,daysofbigwheels wish could see first hand
8224,5185,0,stevechaiguy steve chai sound awesome wish one now stuck with idon tknowwhatdamnbrandcoffeethisis
8225,1511,0,awoke completely freaked frantic frenzy going long night
8226,5960,0,got people let skip sci pratical becos skola impt cannot waste parent money nt fair
8227,17486,1,watching et today lt supposed clip new moon hating drag hell
8228,15354,1,hmmm go sleep saturday work watch episode one tree hill one tree hill think
8229,12041,0,just cal work or hehe mind gutter sittin doin student loan thing
8230,14611,1,d bag stole catfairbanks bike
8231,11171,1,marginatasnaily brandystrippers new look sold thres nice one george topshop also sold out xx
8232,14251,0,wanted greg pritchard go silly sobby hopelessly dull little girl hollie steel is
8233,27368,1,tldn thanks want continue improve process benefit customer thing like take time
8234,18597,0,back hurt heating pad it stupid ladder collapse make fall back bum
8235,32300,0,watched favorite movie quot a walk remember quot romantic sad love
8236,27635,1,sunnyjamiel sunny workin it much progress let know
8237,1098,0,ahh man getting ready work wanna sleep
8238,21777,1,wkjthd thanks following
8239,34474,1,sammyclaire whole season behind u
8240,9780,0,kyle newman called sold out bummer next time
8241,37724,1,ivanaf right am ugghhh
8242,32981,1,humanabstract anything
8243,1752,1,forecast sf friday may degree
8244,27958,0,deniserd yo wake as go work go get paper u aint sick dont lie
8245,30635,1,mmitchelldaviss http twitpic com uh leon look supa fly mini couch
8246,13830,1,blodstaned know mom going monday get changed upset
8247,14672,1,iusedtobescaredof girl year school
8248,22164,1,haha ashley tisdale
8249,9239,0,sandyvanessa awwh im sorry much longer
8250,5293,1,funmsdrebirth back soon
8251,21360,1,gud nite all will catch tomorrow
8252,39423,1,alright brainerdbaptist let s
8253,10446,0,want hang beth tenaya hubby tonight but jon want hang people
8254,21378,1,thunderror includes chota chota stuff released reflexie arcade too
8255,27322,1,whitbull different normal how
8256,25455,1,http twitpic com iwx jerrykontur rvitek carolwingert weidling joereist thx k capacity bought second hand
8257,25357,1,morning everyone
8258,17148,0,headed home sea world closed early
8259,4369,0,going thursday terrible idea knew reason done quarter pop advil
8260,23210,1,danishctc checked commented
8261,38321,1,thanks claudiamagic http blip fm zn
8262,5755,1,pacomontoya everything
8263,21336,0,danielleg hahaha super late thank you
8264,9455,0,ultimatum ultimatum matter dress up suck
8265,2881,1,adsense exchange rate inr
8266,18454,0,traffic lame matter hard try can t get anywhere time movie yay
8267,15963,0,saw dead bird way work what kind day start poor little bird
8268,35690,1,kerronclement good flight
8269,13417,0,sucky day far hope get better
8270,28467,0,tuaw case one gave head up at amp t put iphone app account management mywireless love see review
8271,26740,1,now ilycecily lt
8272,36169,0,dcal meaning email month pre reunion party must coming soon really wish could there gt char soon
8273,22569,1,edial theineke
8274,28191,1,deniserd lol u better hurry cause as running late whats breakfast
8275,38540,0,nicsey snap know feeling well
8276,37620,0,greggrunberg showin love ya really gonna miss greg beeman s directing next season ya ll s commentary r funny
8277,13588,0,mitchelmusso im sad cant go make sad
8278,13144,0,reyt fancy valentinos worst time considering can t
8279,11044,0,want whole day hurry up
8280,25553,1,speed ofsound oooooooooook xd que aproveche la cancion esta genial
8281,745,1,daveg yeah work today never mind one day sun sun sun
8282,29988,1,rahsheen alright let slide one
8283,39891,1,cook wanna measure dick daddy size
8284,290,1,oxygen bored talking someone busy something else kinda bummer idk
8285,3964,1,malena music aah stopped getting update home page saddd im guna re follow it worked tswift
8286,34006,0,chasesanders see cry lol
8287,18806,0,im slowing tweet cuase lost phone
8288,21459,1,adobe effect m sql server nice would nicer sleep
8289,19117,1,princesspdexter ohhh regal man cat blocked
8290,8506,1,revising exam
8291,8013,1,jraseanj aww wish sun here get tan walk out go meee go meeee
8292,12040,1,imagelimited http buma ro temporary address working either m must done something domain
8293,23428,1,quot family bird word quot lt family guy
8294,35592,1,adam morgannnn jumbo slice
8295,15263,0,buddytv found giveaway wish would known sooner happens unclaimed city
8296,34361,1,freya good night
8297,30055,1,nacho tudor think
8298,22846,0,another week start
8299,9637,1,freckleface trying can t place it sorry
8300,32452,1,gudluck sickamore richhil
8301,19877,1,bennsu dj diva know know lol one song stop track dancefloor can t lol
8302,138,1,theharvardian know like said idea long take investigate stuff
8303,17398,0,everything going wrong quot happy day quot
8304,5399,1,scottysingo agree
8305,30778,1,dinner buffalo burger provolone cheese melted top beefsteak tomato spinach divine pic facebook come
8306,39709,1,almost lunch time
8307,37947,1,quot mamma bore me quot hat e mir echt angetan lï¿½sst grï¿½ï¿½en
8308,30956,0,sharkattack wish quot i like quot option like fb thing like
8309,18311,1,jimmylala rather find experience but story
8310,22622,1,going see long for
8311,5490,1,watching final episode e r goon subo win britians got talent
8312,19984,0,sashaboucher omg know ruin weekend suree want too
8313,9577,0,kattekrab tango icon revision
8314,29799,0,international student today sooo much fun sixflags friend know well enough
8315,17609,1,june gloom seems arrived early
8316,23743,0,rossmcw happy birthday let u know get old boy
8317,37178,1,read quot the picture dorian gray quot oscar wilde on english easy try make
8318,8938,0,soo sad mcmcbuddy think look like could little rainbow like burrito ok burrito
8319,32836,0,abbey marie stick kidd you ll alright there s whole sketchy world waiting taken advantage
8320,15376,0,can t chat mitchelmusso since go school http tinyurl com mfdz
8321,21501,1,dpbrown old blue g slow code nowadays laptop borrowed work let lounge browse
8322,798,1,ups ketauan cabut sama gemamalove chikachilo nih
8323,7788,1,bkmacdaddy single one day beat lol would say ur creative bright fun ur avatar warmth depth ff
8324,31,1,cynthia cant sleep
8325,10275,0,deevazquez lol offering case guiness one her buy two stay let s start bidding war
8326,6481,1,getgood missed carrot cake last night hope fun wxwm
8327,37629,1,kingofthelab sleeping wooden couch tonight
8328,15093,0,cant find key
8329,30602,1,saw james carville store today head really bald
8330,8599,1,hezmcfly eww r u atm
8331,24822,1,going home meeting today
8332,18170,0,fuuuuuuuudgeee burned finger oil hurt
8333,11792,1,lt training today ehhh hard tall hard wa feel good sunday race day again raining lost mud
8334,1294,0,really stop relying family say going get lunch
8335,36494,1,beautiful http www theskinsociety com
8336,21836,1,drnic welcome dk jaoo
8337,14346,1,jonasbrother nj oh joined twitter day ago
8338,28421,0,mickster rub in
8339,19557,1,spoke culture racker castle time awesome mexican food drinking antibiotic
8340,14476,1,waiting
8341,5688,0,frazzel let download co said uk little cry
8342,14782,0,sunburn hurt
8343,11672,0,shrunk favourite cardigan hubby said buy new one practically lived gone shall say word
8344,28013,0,idk im hyper im jumping everyhere ugh let let friday sweeney todd cinco de mayo il party
8345,32961,1,girl night
8346,11197,0,sweet pea darn think journey like really
8347,21591,1,shower day
8348,322,1,giggle xo wicked time leaving come cant stay night
8349,36242,1,taylorgotbeats lol catch u
8350,37078,1,k lady gent time u go ni ni trishy tweet lata peace
8351,38875,0,today lonley girl guitar
8352,18142,0,http twitpic com wb gotta show monday hopefully head better then
8353,39779,1,http twitpic com wukz covershots kelana jaya carter amp nicole s wedding
8354,26654,1,sabi ko nga lighting hazardous health got shoe thanks love
8355,15585,0,jpadamson wait red could age know mean though really looking new job
8356,22996,1,mathewhulbert there s question character one history s great unanswered if s would say
8357,13666,0,awww lil girl bgt said didnt time soo sad huggin
8358,14724,0,loving new skype especially someone like life half world away home
8359,19624,1,quick hello goodbye amp enjoy party tired uk blogger unfortunately need sleep beatwittyparty
8360,18774,0,aw zach feeling well hope get better babysitting canceled
8361,16689,0,booo meanie victoria teasing piece cheese http twitpic com rt
8362,28964,1,mediocrefilms yes sound like distinct advantage fortunately enjoy female
8363,19048,1,tried whore twitter ffaf lj dy everytime try
8364,11787,0,eddieishere walk street london town no field
8365,5519,1,marciechapa im back twitter
8366,16057,0,going sleep
8367,19389,1,got paint hair
8368,10905,1,wordsaftersex goodbye innocence
8369,9151,0,shit back home tallcree rez cant see boyfriend
8370,28759,1,week staying grandmother home lopatcong start new book tonight http twitpic com w
8371,15039,1,crusaderzlife long hun head hurt
8372,25833,1,meant say created profile twitter lol begin twittering today thanx showed jay bday bash
8373,3684,0,dublinsdave too euro
8374,27092,1,tell dog like amp iï¿½ll tell entrepreneur http is gd wjej new blog post
8375,4882,0,luvinmesomed that s march it came sooo slow then heartbeat
8376,1705,1,excited people reservation morning damn lovin halo right sure
8377,14049,1,scrapbook either here
8378,19311,0,busy already
8379,24982,1,siftedbit saving three burner weber next year
8380,19286,1,malikafaye cool sound luv quot drama quot quot love game quot work ur myspace wish good luck xoxo spain
8381,8091,0,tommcfly sweet england becoming lamer lamer since guy left
8382,11007,0,ashleypeaces left sad waiting mom come home want papa john dinner
8383,36412,0,im slowly losing follower one one
8384,29908,1,kirstyyl yes worn jean age
8385,8065,0,apstylebook know need thing life constant
8386,22719,1,janole oh cool alpha coming out auto connect feature wanted request
8387,3306,0,knightonline booooo least give u mantanence for waited long hint clue full detail pls
8388,3255,0,clear intellectually severing relationship best yet heart seems b complete disagreement hurt much
8389,27124,1,richardbsmith glad liked quote integrity one productive moment
8390,17053,1,asheypooh aaahh know spose take dad airport next weeek fasho
8391,14000,1,quindas right trip
8392,3871,0,brianlehrer one day want listen live stream enjoy podcast time
8393,38969,1,itsleish wish people would notice
8394,16989,0,buzzup would want clone unboxed new quot imac last night beautiful bad mine
8395,21442,0,first day work im excited lay place everything is well job
8396,15698,1,cant change profile picture facebook
8397,22942,1,welcome maxshrem since seems interested cheese hardly suggest follow surbir
8398,2730,1,mikebthatsme ugggh idk wanna stop getting text twitterr ilse
8399,13440,1,fishcraik yes common thing remember promised nic stress online clearly kept
8400,27055,1,whiteblouse hiya late bird
8401,12439,1,dingo case got new one last week thrilled mine
8402,21576,1,may th you happy star war day
8403,12683,0,ughhh third bottle foundation broken
8404,26448,1,piginthepoke sound like plan
8405,1519,0,drinking really nice coffee got go dentist am morning
8406,34043,1,sonic tweettttt
8407,15991,0,poor greg stupid uk always sympathy vote xo
8408,39082,1,sport day charlotte
8409,15905,1,working hop city gotta miss baseball
8410,26461,1,smosh creepy lolipop guy play head esploder
8411,17547,0,argh noo missed killer wossy suck missed brandon total failure anyone know repeated must investigate
8412,31698,1,roxylove hope fun tonight
8413,16221,0,mitchelmusso wish could call live uk cash call
8414,28969,0,im joining twitter lol
8415,32540,1,can t believe many people think great passed quiz quot how blond you quot facebook blond
8416,10605,0,ok day jo bit bruised
8417,4516,1,home til pm tonight
8418,32944,1,lorettak except move am am
8419,6037,0,busy day time tweet bmore what s happening weekend
8420,14615,1,game who want it u already know league want
8421,7399,0,hell going on last night morning sucked moving tonight
8422,14235,1,abacab sure part replying to lol bb start soon
8423,1908,0,want ride bicycle today cold cloudy today http snipurl com izzsn
8424,21832,1,pjaficionado almost said quot and grammer exist either quot grunt stopped
8425,19570,0,amymonzon booooo senior yearbook suck thanks memory bh
8426,32092,1,good morning am plan day nope nothing interesting
8427,18046,1,mr amp heated
8428,34891,1,watching saturday night live justin timberlake host
8429,31276,1,get going lol least didnt get hope
8430,17514,0,idk cant shit
8431,7206,0,kno behind time one learned troy quot t bag quot dixon died back dec th rip troy
8432,6099,1,thehyra u beat urself lot stop please it like nike lol
8433,14222,1,got super cold
8434,2427,0,headache killing yet need cover boring police event
8435,17288,1,twilight sm know two category website trying remove one can t
8436,4696,0,gutted vodafone wont repair faulty samsung omnia due non existent water damage grrrrr
8437,6100,1,rolliepollie ate hot food
8438,29887,1,laying bed texting good night ya ll
8439,20921,1,adrianna perhaps minday morning
8440,11986,0,hyped e wish could go
8441,23798,1,cor awe thx much neither need b sick friday u prayer request
8442,14501,0,missed britain got talent gutted
8443,20478,1,dominicalevina hi uploaded completely new chinese lesson www youtube com chineselearn please feel free watch enjoy
8444,10398,1,newjourney hey u feeling know charla hit see place go too young fun
8445,32574,1,noopdoggnatasha fanbase code word something special anoop personal and special
8446,32884,1,tcheella hahaha u use phone everywhere use wi fi
8447,13964,1,thanks invite though
8448,14926,0,drmenlo sorry mr grey menlo
8449,14516,0,could live mediterranean food rest life miss home
8450,18125,0,simple nice dinner exist world
8451,7243,1,spryken ah sorry played game psp friend tonight returned ago
8452,34091,1,nickman timberlake sorry late cap hate lol
8453,36424,1,sweetames jasper clip first quot favorite quot twitter message
8454,16501,0,mpvt another david hughes list hurt davidahughes ftw
8455,19256,0,wanting go out apparently one available
8456,20412,1,sweet dream everyone utterly exhausted nite nite
8457,33646,1,starting tm alex whole week going spending money dont have
8458,7665,0,thirty minute turned three hour oops
8459,20607,1,twitter born feb today point time may pm gmt tweet including one
8460,39632,1,looking forward revision session cassio park cafe nero depending weather mikey montana x
8461,4367,0,dinob ask mark still old blink sense humor miss
8462,13679,0,stupid twitter faceless
8463,21990,1,brandiheyy hey whoa really you anyways feel living miley must strange twitter back ox
8464,29030,1,a m home night pub
8465,1204,1,look deceiving
8466,33826,1,re so finally finished catching blog mention wedding detail tell point http disq u w
8467,20939,0,tree lined avenue begin fade view drowning past regret tea cigarette but cant seem forget when came along
8468,13407,0,bummed retrorewind contest state hawaii
8469,10801,1,grilled dinner last night senior s final kairos dinner steak spicy mango sausage hot wing grilled vegi corn
8470,27232,1,loic loic need build scheduler let u post sleep
8471,21453,1,shutterbetty could get jamesbeston honour
8472,3395,0,happy grey s day everyone oh miss grey s
8473,21000,1,katiealender ooh two book buy
8474,10737,1,milton keynes leaving tomorrow
8475,37545,1,csi printchick thx sharen luv
8476,4016,1,good morning twitts another gloomy day nyc
8477,39352,1,sosolidk peanut o cute name lol get another turtle call jelly p get pet call cabbage xd lolol
8478,25692,1,t dahsar thanxs hun too
8479,34803,1,happy mother day
8480,14645,0,superrzaaap forgot yardsale event ooh pity
8481,6040,1,well go work
8482,30460,1,international version stand http tiny cc pavyi playingforchange com
8483,692,0,fall asleep know feel lol drag hell tonight quite excited
8484,5841,0,damn miss bf
8485,25330,1,noticed new sidebar twitter com look nice
8486,31340,1,ladyfarrahgiano how s baby fever
8487,14249,1,thedinnerlady could never one child look happened nina zavaroni sp brooke shield drew barrymore
8488,11155,1,gut say replace appliance instead repair want smart try repair replace right choice
8489,9170,1,ate many kiss
8490,39719,1,terry allison catch later terry
8491,6755,0,moving back home today pro obnoxiously closer thom con mpls run excursion least year
8492,25032,1,st day master cleanse wish luck
8493,32751,1,back again almost last haul wagner s casa bend http shz me ke
8494,36833,1,teresahonoursmc goodmorning night too sleep well
8495,2351,1,adamaxon bloody free kick min second sooooooo close going in if
8496,12989,0,chevelleluv p s sorry ur uncle
8497,11939,0,awww daddy got car accident pray him shook n lil
8498,25843,1,davidgillespie beatles scouser funny haircut talent banana split
8499,17466,1,left base loaded
8500,16060,0,the sandman grave wound hursty samvoaden miss guy much xx
8501,9920,1,nmarshall
8502,291,0,xoshayzers knoww thing samee lt
8503,577,1,iceweasel im eating slider barjohnnys theyre pork tho beef still search
8504,38220,1,morning sun shining bird singing time cuppa garden reading tweet http twitpic com wsr
8505,21346,1,kerryetches yep open sunday hour tho
8506,31629,1,computer geek entertaining think
8507,25080,1,backyardpoultry good morning too hope better weather today
8508,16637,0,fml today suck hope dance bring soul up pray im still sad i hateee todayyyyyy gt
8509,10811,0,still lose follower people hate me world hate maybe read more http is gd jgi
8510,18301,0,hot thermometer showing c moment
8511,480,0,poorly can t sleep
8512,37870,1,went saw fighting last night best friend great channing tatum amazing
8513,28445,1,signing folk might back later
8514,17470,0,feeling bit lonely
8515,32914,1,grove watched star trek grabbing food
8516,37706,1,howdyyy
8517,7516,0,bigzflygerian sorry impressed slightest b c u eat pussy more like saddened confused
8518,37833,1,sftw amp pot tea
8519,26952,1,damn pas update haha tweet tweet tweet
8520,1383,1,dantichos baby help math
8521,16752,0,hard time loving people christ did today people picking stuff work dumb annoying
8522,6033,0,jodywhitesides sorry missed it
8523,6467,0,spookyjenb diverskynsea stop it makin sad
8524,32125,1,cookie crumbles best art attack thanks d follow
8525,32457,1,rayvinhsu welcome win sure like new o issue feel free ask
8526,31701,1,krrrrsty didnt know solo game tonight watched game together maybe next time
8527,27677,0,kurtismarsh far go unless prize million know win
8528,26210,1,bosskhouston im bloggin right now will later
8529,32034,0,saranw thank you know happy sad all time know that got quot the right stuff quot
8530,10294,0,nippysweety thanks much ff nippysweety one today
8531,24944,0,finished mtml assignment like all feel like missed lotsa point word limit hmmpph
8532,27908,1,uploading photo cell nothin like true candid ness
8533,9537,0,bout get ready work ugh hate workin friday
8534,24079,1,jelnora nothing like alone time handheld device
8535,28807,1,enjoymore cave espresso machine
8536,6843,0,mattyp damp weather
8537,30795,0,arrested hotel
8538,37588,1,sunvitd like new profile pic cute
8539,39057,1,watching john edward cross country
8540,34742,1,grungeheart hey there day
8541,18246,1,confused twitter everyone twitter follow me
8542,32753,1,afm haha phew never said
8543,32045,1,alliworthington hi m fussy wave
8544,30310,1,ii back homee boredd chillinq w qrandma ï¿½ ily granny
8545,35962,1,exact moment decided point life going adopt child
8546,25265,1,brb would prefer monday
8547,4137,0,feelin hot
8548,18176,0,big si moved day gna b weird without her x
8549,29424,1,watching jurassic park havent seen movie year
8550,10386,0,bitter sweet moment want leave nothing go home to
8551,35176,1,run hinckley half marathon finger crossed lt hm time
8552,6000,1,chelsea playboy r i p curl
8553,28455,0,dragonblogger pleasure really enjoy random word poetry disappointed miss participating
8554,39894,0,renagades great day rain keep may go swimming instead dining
8555,9141,0,looking forward driving storm
8556,34733,1,marabg ok wild one imagine one
8557,4309,1,homework
8558,1553,1,time germany went fast day left hopefully move soon
8559,30257,1,mcraddictal
8560,35924,0,solangeknowles freaking awesome solange happy mother s day wish mom like you sad blah best wish
8561,12728,0,one bringing snack
8562,33238,1,markman lol insane think heard song b
8563,13506,1,mikegrace yeah actually went room at look counter
8564,132,0,sigh going bed feel right anymore
8565,19259,1,frphoto picture bliss jpeg format sorry message board terminology u play w u board
8566,12491,1,love dad said ready go like pm still working
8567,16626,0,message songoftheoss could let people know booted
8568,23966,1,chontellebourke try care mum say
8569,28599,1,dyed hair quot back black quot
8570,2583,0,last wrte again got bored previous days
8571,2871,0,emiily kate know heap awesome working weekend
8572,30874,1,patricklanglois http twitpic com wz patrick come say hi
8573,5671,0,want see drag hell get feeling none friend go w
8574,16206,0,wossy juleskaos good show killer rock cut em short
8575,16660,0,love movie grease can t believe jeff conaway guy played kenickie so sad see celebrity rehab
8576,25227,1,still hour home day begun gonna drink lot coffee today
8577,10625,0,sarahfenn prefer overcast day too sorry hot are
8578,3139,0,ankurb english screwed overall percentage x xii probably adm test too shit happens
8579,39919,1,kayleigh stack nearly there
8580,33128,1,sweet dream
8581,37809,1,kinkyinktattoos always wanted go oz
8582,21543,1,next song axed ombra mai fï¿½ ï¿½ largo ï¿½ hï¿½ndel
8583,16328,1,friday night gone quickly bottle s gone tomorrow come everton
8584,2532,0,oh god twitter feed taken geeky stuff bmw brampitolo kodinlanewave kenkeiter funny wish understood
8585,28728,1,tccrtr heyy rayleneornelas told follow u whatsup
8586,23227,0,yassak hate her love her presentation got cancelled got went work today pitch
8587,22159,1,darrenporter hehe nice try
8588,25113,1,online
8589,18010,0,djcrmix raining every single afternoon s florida fair hehe
8590,18742,1,idk yet jersey gyrl wanna go soon tho but want tweeps
8591,2267,1,eating pringles nearly really reminds touring jonas brother don t ask i miss much
8592,28106,1,captainceej jungle book mary poppins bug life depending want cartoon live action cgi
8593,6932,1,kreativemess ah yes know feeling
8594,22201,1,trending topic happy star war day
8595,1380,0,fam back big island said vog bad can t see ocean sad
8596,2890,1,jewel lia grabbed way work
8597,7763,0,parent withdrew permission last moment going along tomorrow s sac trip idp camp pakistan idprelief
8598,1005,0,flu pas unto andy went shopping got fresh chicken chicken soup but d amp d sat is sad panda
8599,25256,1,good morning fellow tweeter
8600,24832,1,new book sigh probably reread gaiman s quot american god quot murakami s quot wind up bird chronicle quot
8601,7408,0,geminianeyes didnt research traffic beautiful system twitter approx msg second mine grab msg sec
8602,12236,0,course rain five minute finish watering flower took half hour water too
8603,33418,1,free unlimited ringtones http tinyurl com freeringring usa awesome iphone
8604,17196,0,hey guy sun make day gloomy
8605,8022,1,qdobamexgrill know won
8606,17734,0,amazing hollyoaks poor warren lmao
8607,9069,1,grentone content content content gah story life right thx reminding me that s v tweeting
8608,16387,1,hate different referenced assembly fnh go castle caliburn mention dynamicproxy nh
8609,16731,1,back spain
8610,38650,1,britt uh knee
8611,3069,0,nancy got tweet suck love
8612,7898,0,soooo hungry waiting bf get home car trouble waiting mechanic help him
8613,2477,0,going entertain request reducing shipping cost using registered post instead courier on
8614,11715,0,lt i gt waiting natie come online miss
8615,31954,1,painting
8616,28715,1,watching bruce almighty
8617,25515,1,name toggling google suggestion help searching quot ganesh jaju quot clicking link
8618,14178,0,whitney g day hasnt without ur running conversation day
8619,27967,1,pmed awesome good luck kegging need get instead bottling
8620,35665,1,trying get enjoy weather amp train little minor beer tasting activity took place yesterday opsaksa etc
8621,11248,1,trying work
8622,7547,0,michael scholfield more dead sorry
8623,37052,1,bella b met jonbreisnes epic said s coffee thought meant sitting drinking lot coffee
8624,16883,1,chili cheese fry bad idea lunch
8625,3028,1,got hour sleep
8626,17910,1,lylameganmarsh happened sexy quote
8627,15410,0,zo e aw well im sorry like july reason
8628,31766,0,n dubbs curse you igloo dweller
8629,34106,1,goodlaura trending say well there s tweetcannon http tinyurl com odrza
8630,13553,0,lovekelsey coming detroit grand rapid october
8631,13016,1,sitting home watching tv soo bored
8632,24679,1,aknotofemma see shall
8633,26138,0,djsteeley think less tribute parody
8634,4299,0,pistol bee busy talk buddy yahoo
8635,24881,1,going liverpool soon
8636,12757,0,imjustdanni awww thats fair me im lil sad
8637,20297,1,upgraded
8638,12334,0,quot shipping amp handleing quot soooo expensive entire order ordering yet
8639,15791,0,almost made reading comedy outlet headlining weekend took extra hour traffic basically doubled time
8640,21551,1,twitter seat exam hall start min pray seat mpsh a blessed oh wisdom flow whee
8641,19944,1,daaaaang up d sold
8642,5698,1,alexburdz sorry bout cat
8643,36766,1,happy mother day lt
8644,8990,1,almost ready new beta found showstopping bug please standby
8645,17304,1,need new sock
8646,30735,1,watching laura s nephew dance
8647,2987,1,forwarded email cool science event canberra friend thought sydney trekked wrong place
8648,35554,1,getting hang twitter
8649,10814,1,going work
8650,5127,0,debut steve yes but going paid pub
8651,16676,0,mowing hate lawn
8652,28724,1,ericmillegan k enjoy dora explorer greeting niece
8653,25567,1,chiefie hav ask
8654,38731,1,carole im confused
8655,32711,1,happy mother day mom tough job totally worth it
8656,34663,1,goin bed now see ya tomorrow twitter ppl
8657,16945,0,aaawww im soooooooo tired today dont feel good dont wanna go work wah yeah im goin work min til closing
8658,25594,1,well nice loving new friend organiser too
8659,32548,1,well fun evening
8660,28382,1,going hibernate
8661,21369,1,xxnapoleonsolo may th
8662,17542,1,missy exactly feel right now
8663,2210,0,damn got turn alarm woke am
8664,14732,0,raining phl delay flight schedule bummed missing jay leno s last tonight s show today
8665,11911,1,finished lunch subway eat fresh now gotta go back work
8666,276,0,yumifujii miss y all back give lesleyboudy regard
8667,35001,0,angrily told extemely abusive mentally emotionally amp physically made day nightss
8668,22374,0,vian yeah real hard know get it smile
8669,17067,0,dont get see boy tomorroww im sad
8670,16032,0,miss talkin turkey really miss talkin turkey
8671,12892,0,theroser miss much o
8672,30761,1,stuartdavis c mon talking philos ophy love wisdom need quot mat quot context intersubjectively quot ground quot it
8673,26125,1,pink bubble bath champ
8674,10794,0,arghh found ianknaan going rock bell can t go
8675,31372,1,found exit take thanks tianjinology
8676,837,1,astynes vcr
8677,20265,1,writing first tweet
8678,23343,1,hey guy group people belong quot pune institute compute technology quot college pune via http twibes com group pict
8679,37853,1,noufah make full girl
8680,27937,1,working watching milk
8681,28392,1,truk dude could totally get sell denton musician profit
8682,32853,1,learning use twitter
8683,27871,1,sign tarte news http tinyurl com ddev intro newsletter first purchase for
8684,23149,1,benzoenator sure peterblackqut would know
8685,20320,0,hangin drinkin beer muffclassic dude brought new pair purple kick gonna wear act iii cover
8686,29454,1,laralowell well know am
8687,30166,1,im kinda bored anyone else think ill listen hip hop pretty good check www bseresults net
8688,10725,0,tommcfly helllllloooooooooooo tom gig tonight sorry im sure show there miss uk hi hi hi hi hi xx
8689,12911,0,awww poor holly
8690,19,0,convinced always wanted you signal give off damn think lost another friend
8691,11593,1,tweetvisor happened real time feed friend feed like twitter website
8692,2725,0,jeremyrylan mobile web let look awesome though and one read tweet anyway
8693,26439,1,aint lyk othaa gurrrrrl dont lyk jonas brother kristi
8694,28246,1,going work till then maybe ride horse take sister softball pratice
8695,6959,1,safari beta o x crash loop startup back non cookie saving firefox
8696,15859,1,judyobscure oh what s up
8697,15252,0,p bgt fab sad thought greg awesome sad gone child always win situation sadly
8698,23414,0,threefromleith poor you bank holiday monday today
8699,7277,0,hate leaving teddy miss boy damn
8700,23205,1,third driving lesson back office
8701,29666,1,sleepless seattle
8702,17457,1,cleaning room
8703,30139,1,medbotjinx tfarp take moment translate nod quite welcome also dear probably best stay again
8704,17211,1,doesnt understand twitter
8705,32506,1,dizzydezzi needed watch white house correspondent s dinner would cheered up
8706,22454,0,naiadrisa heh that s happened too hope rest week go better
8707,3392,1,way home sunshine bag full stuff work
8708,38701,1,cocabeenslinky morning garden getting air
8709,6999,0,rumpelwald ne mus noch woche warten
8710,23059,1,rainycitylove oui figured since day off better start brushing french far learnt bonjour oui
8711,35375,1,limeice saw pic surely look like amisha patel like mum one
8712,33746,1,balkrishnanv could be
8713,30633,1,lao mein spanikopita haha would know
8714,17747,0,snoozen think home want next week work booked forseeable
8715,9176,1,amber benson raining day
8716,6721,0,co worker s last day going miss
8717,25410,0,oliyoung
8718,931,1,angelazodiak aww maybe traumatized her
8719,22724,0,chloecazrhi thankyouu
8720,20196,1,ladyrubaiyat warm start digging
8721,3216,0,nursebettie meanest lil boy ever lil girl everyone loved
8722,9140,0,shaniquadenise sooo lucky fiance away w the marine corp haven t even seen yet
8723,39253,1,it back pakistan http bkite com kbr
8724,3267,0,bigfanfriday day amp go amp friggin loose life suck
8725,22829,1,good morning
8726,2299,0,back la la vagas nice trip nice food but lose slot machine
8727,19056,0,adamtheeditor heard disappointing disappointed even seen it waste c bale
8728,8731,1,bcabeza going jordan amp jeffs wedding next weekend atl
8729,10085,0,still white despite age sun
8730,25447,1,i wanna be well argue gibbs win p finally someone know gibbs n tony
8731,3962,1,kgwsunrise missed guy morning tacoma w kgw start day
8732,7753,0,know neck jacked forced pay parking bc can t turn head parallel park free space
8733,24493,1,lichfieldblog nickbrickett lichfield tweetup sound like fun hope see everyone else there
8734,36862,1,utjenn u mean ur tired u go work u got ur wii work amp ur tired
8735,1012,1,gguy within short time last clue
8736,7913,1,judilynnfudge send ringtones iphones idk regular ringtones
8737,9426,0,getting ready drop something man hang friend instead
8738,28716,1,crazyonyou true well behaved woman rarely make history
8739,33001,1,watched quot marley amp me quot cute movie going watch quot twilight quot soon love it
8740,12766,1,mollieandme oh coming back gig scotland ticket see u last year hosp wit gallstone
8741,19269,0,miss vlogcandy
8742,30929,1,frenchieb day frenchieb day frenchieb day frenchieb day frenchieb day frenchieb day frenchieb day frenchieb day frenchieb day
8743,14077,1,mercadoasaria know you made lose
8744,38127,1,tmjp sure
8745,20015,1,paulcarr laughed loud bus reading statement ethic people moved away he
8746,1542,0,irkengir recession
8747,12505,1,tourney til next weekend http bit ly xdpf
8748,34304,1,first time
8749,8057,0,offered fred loan moniiieeeess
8750,19987,1,shand quite much hmmm product u canada idk covergirl
8751,27924,1,remember dont let small list cover big list it little even worry it
8752,24416,1,greekdude patient get soon
8753,38088,1,en route airport la bound
8754,34942,1,officialtila yes
8755,11972,1,wish beach already
8756,10806,0,ekardmatt well man truck many mile away
8757,35443,0,missing smartbrain bkk na
8758,2266,0,im cold still cant find hoodie
8759,36116,1,malibudude hey dude ya going
8760,35179,1,retrorewind dave ask quot the fix quot jk send hi sister lisette alejandra mexico
8761,18934,0,chick fil dinner hopefully feel better head eye killing
8762,15339,0,bit dump today awful day maybe good time write song y
8763,14908,1,angelakeen felt nice staying outside long definitely getting burned hurricane season though
8764,28138,0,orbicule wow great promo orbicule english translation somewhere norwegian good
8765,12875,0,theredhood going away partyyy mandydiblasi s come
8766,2775,1,so taking life guarding class fri pm sat pm sun pm mon pm live eat breath life guard stuff yay
8767,25012,1,presenting today hope lead ability move one day
8768,35224,1,hey facebook come check http bit ly jiy tell ur username add
8769,18481,1,juast got home leave again brb
8770,16744,0,low profile tire suck size monday
8771,25965,1,colinn wednesday get government paycheck like swap money
8772,23375,1,grovelled tomorrow morning post link show am anyone
8773,20595,1,rachikus thankyou
8774,24541,1,justsal lol gillian anderson comment
8775,26727,0,miss smile
8776,17604,0,last day school last concert life wow say emotional im really gonna miss mhs graduation practice today
8777,10881,1,wanna karaoke instead i get go work lameness
8778,2036,1,wall jericho please come worcester asap candace pleeaassee flee seen call quits whyyy
8779,29323,1,update island flower large pouch http tinyurl com qnhoy
8780,4718,0,http twitpic com ov martinhiggins ahte stress supposed friday make wanna cry
8781,14190,1,perezhilton perez youtube video working
8782,15998,1,friday raining
8783,15430,1,back work go
8784,18658,0,ohhhbeka p wish coming tonight
8785,23061,1,lilymcnee welcome
8786,7951,0,iamdiddy me ex boyfriend year we broke month ago engaged gf week sad embarrassed hug
8787,16129,1,crysohara think going lonnngg weekend day kind
8788,16285,0,dwsrosec many there got deleted sent day ago cried rr
8789,18086,0,nothing nte boooooooo totally bored
8790,35804,1,misscupcake course send you think would survive trip
8791,24015,1,kimel enough time disney world might watch disney channel instead
8792,18364,0,feel sad elizabeth
8793,35996,1,good topic ciggarettes
8794,33090,1,dime diva dee teehee im glad entertain ye
8795,2867,0,violetbakes friend massive beatles fan impressed
8796,5508,1,kainz uk hopefully get chance play tomorrow hope good otherwise wasted many point
8797,6655,0,eightwednesday emilyhilleren lost membership got boosted club lonely
8798,21045,0,heatxsink screaaaaaaaaaaaaaaaaaaaaaaaaaaaaam never freu zu frï¿½h
8799,11179,0,chezery im going work married wud never see
8800,23442,0,boo rain got pruney bath oo may day the crazy morris dancer large ampthill lol
8801,2845,1,assrocket must scared trolling here guy sad tcot right
8802,23351,0,aspitar hospital doha amazing great service nice building free wifi win
8803,17150,0,jcubed dang course jealous cuz think first
8804,12699,1,scath that s defeatist attitude
8805,28361,1,go first twitter twitterberry application blackberry bold cheer long live smr
8806,10464,1,broke vase even get chance use
8807,2447,0,chasssss got attacked club
8808,15347,1,positivecities hi erin dm send u r following twitted prevents
8809,29497,1,danyspike gen psst new blog up comment likey
8810,570,1,shanajaca feltbeats page m twitterworld vote
8811,23472,1,music video made project this city contagious thecab uploading youtube now
8812,24382,0,http snipurl com hbpg canalway cavalcade little venice near warwick avenue today
8813,2219,0,im ill hate it seeing doc
8814,27813,0,alyssa milano hey thought tweet say hi i much write there space little box hehe damn
8815,9713,1,looking job
8816,4639,1,damn money sign ugh
8817,31999,1,talking phone paul
8818,2948,0,justdarline darline miss
8819,1358,0,got home im effin sad
8820,32206,1,mother day lunch http twitpic com wfeo
8821,4158,1,eligong
8822,3271,1,geekgrrl missed one
8823,5307,0,fab day placement working weekend
8824,25235,1,sarahjanderson skinny dipping work colleague maybe not never live lot
8825,25499,1,may forth
8826,8767,0,shake sadly robot song library
8827,27723,1,wongkinleong dude look amount worshipper
8828,27304,0,said actually said think gonna cry now lt
8829,14977,0,sad miss friend
8830,39838,1,bed watching rove
8831,14823,1,balmainbazaar agree facehunter embarrassing representation compare swede look like born stylish
8832,7761,1,cartoonbeardy welcome public transport x
8833,7789,1,windy
8834,24345,1,mood listen reg stuff sir told me u used huge fan mine seems you ve http ff im zaf
8835,14930,0,sophiechadwick didnt couldnt get liverpool today day you
8836,17246,1,jamesh nope yet within working day thursday week wednesday that hope
8837,1241,1,alcohol promote weight loss
8838,27751,1,har varit pï¿½ hannah montana movie cool http gykd net
8839,16337,1,neenz going reply quot what ppl hi weekend quot post and realized top choice work
8840,17454,0,miss baltigirl gone whoolllleeee weekend boo hoo
8841,33813,1,happiness like peeing pant nobody see feel warm sensation
8842,15387,0,theyre sappin mah sentry errr yea without power home right
8843,24273,1,babygirlparis going paris
8844,34752,1,mauipixie gonna watch jt snl tonight fan music think hilarious jizz pant way funny
8845,29670,0,grovesyrmi sorry
8846,14497,1,almost lost phone
8847,14117,0,miss daddy much
8848,26586,1,http twitpic com jin muah yeah brother no weird
8849,28737,0,slept in woke iced coffee lazed amp went late lunch bf sweet little laid back saturday
8850,541,0,angelica yo lol wow dawg sound like playing feel bad haha
8851,1378,0,got brainbone daily question wrong http bit ly ddt
8852,7510,1,kreeoni know feeling
8853,8535,0,kofibaby wats gooood miss yall already
8854,15755,1,sitting taking little break trying recharge continue housework
8855,36478,1,kateedwards yay get ride tow truck cool that
8856,17331,0,jennasnacks best check up down can t really see anything
8857,38589,1,gfalcone hi gi going tonight xx
8858,13667,0,trying decide movie friend going well lol p bible study nite mean b day cake buy own
8859,26774,0,ronenk jewlicious guy nothing free life shidduch money
8860,10622,0,feel sorry male singer never gonna great zac hanson pooorr fella
8861,35497,1,grandpa telling used cut human body med school
8862,5054,1,allergy sun out wearing short stuck advisory whole day boring except fun people make fun
8863,20283,1,really needa find stastics
8864,26754,1,alright back twitter decompression happy monday folk what s good word
8865,37333,1,msnewyorker doubt tho twit pic sumthin
8866,7872,1,watching ard earn money dissapear
8867,9387,0,reemerband hiyaa tour really disappointed make hope dandy xxxxxxxx
8868,20596,0,storm system looked bring u rain today going miss u
8869,32672,1,cherrysnaz amp left changed back
8870,5487,0,deadlyknitshade ooh soon get meet dung mouse
8871,11213,0,thingsmummysaid result broken condom
8872,24,0,tired think definitely going get ear infection going bed quot early quot once
8873,36076,0,early morning walkies really thing least vaguely warm
8874,3609,0,knew confessed using phone look answer pub quiz shame upon
8875,5733,0,sitting home wishing didnt work today ask still work
8876,11323,0,dios acaban de tocar pain pure heart en el primavera sound life fair
8877,30268,1,cute guy add follow
8878,27690,1,http twitpic com jken fire urban rock challenge
8879,760,0,joannaangel im strict diet ugh feel like cheat one day ill throw everything up
8880,32293,0,mortuary tweet making night bb girl
8881,15870,0,finally got money bad go bill
8882,1108,1,anaizz might want get rest i promise wont retain knowledge sleepy
8883,23138,1,katisha honi might cute little picture book called quot the little book boring quot
8884,38840,1,village may fayre now bag packed ready bring back home made goody
8885,16946,0,miss alot one day
8886,27112,1,mrhyperpcs thanks elance course mine trishlambert
8887,8826,0,suprnaturlshana look much better short hair
8888,29766,1,nybabe would say year younger young would intelligent good convo skill skill
8889,19401,1,marue nope sooo curious
8890,7190,0,bad day
8891,1128,0,awesome time gotmeet brandon rhyder unfortunatly can t sleep n tomorrow back ole job pattymlt got game face on
8892,9143,0,like sick guidance counsellor supposed take kid school bowling amp pizza
8893,11510,1,liverpoolmich funny mention that full unopened jar nesscafï¿½ cupboard milk
8894,24221,1,muse gripped firmly throat really enjoying writing
8895,3286,1,jonpaulkaiser love stuff sell help guy logo shop kinda wordart
8896,25960,1,sanmiglight whatever pung haha dont care jk
8897,30010,1,douglasi ty ff
8898,24769,0,poojashetye break via second phone call
8899,27823,1,ibgpn noboby s behind think lead far
8900,39307,1,wilharris http tinyurl com qux podcasting gear got bit tech
8901,13888,0,another long day glad weekend but still call
8902,24236,1,white house join social networking site gt http bit ly fox better late never
8903,16108,0,mitchelmusso allowed call live uk parent say cost much suck
8904,11440,0,fieldnotes ordered th still arrived week still book
8905,4079,1,cant get along
8906,38755,1,facibus allyeska s mum asked u thank introducing u kenny s mother s day dinner
8907,2189,0,another boring meeting attend
8908,16389,1,right arm burnt sun
8909,8500,0,get boy doc persistent cough good http plurk com p xt
8910,24606,1,coreyhaines well ever headed back west coast hit up tiny place hack hang beach
8911,36793,1,burp frog http is gd rae
8912,21449,1,bom dia rembrandt impact basin mercury http antwrp gsfc nasa gov apod ap html
8913,4941,1,sitting awe price renew laptop warranty doubled matter week
8914,38668,1,http twitpic com wsxi f w demo aero wheel louder cut like knife u hear coming passing left
8915,26538,1,later went monroe worked friend trx rope kb sec on off rope swing amp c amp p windmill wve aquats
8916,310,1,superfiasco make nacho tomorrow better would made himself
8917,17203,0,going panahra dinner miss guy
8918,22999,1,omarabid born
8919,722,1,follower follow love you pout please
8920,14878,0,officially hit wall totally nonfunctionalproductive work
8921,15274,1,early phonograph industry done rest apm revise berry green rabbit ribena man company
8922,22521,0,boring sunny monday school tired lazy hungry yeah great mood
8923,29980,1,lillogs totally come get bring kelslaws house you
8924,39871,1,rajasen sport bar shatranjanpoli rest ph sport bar andheri w dont know whether help google ki jai ho
8925,7113,1,ericvespe would premiering avatar footage can t then also better hang out
8926,21168,0,andremichelle mr tonematrix birthday today poor guy ill home perhaps hi twittersphere would good
8927,11308,0,contentwhore lure foot massage
8928,1459,1,brentlauren sound like fun
8929,17315,0,crossing bridge leaving ocean city sad
8930,26576,1,ohheyness happy birthday ness
8931,9028,1,boo but listen
8932,19598,1,jwreynolds mum brett went see today thought invited left without
8933,621,1,nose stuffy
8934,27678,1,conserve water take shower together
8935,11656,1,really need update more
8936,5690,0,ahhh engulfed shooooes told buy maany damn shoe
8937,4616,0,o looking old stuff found record old band well a band month ever heard
8938,36590,1,branding iron drea white boubous cowgirl get down haha crunk next couple hour haha fun time
8939,8422,0,eoghancasey oh no wish could lay sun garden lol
8940,22502,1,the tempter blog de un colegas meus de bh
8941,8955,1,look like schuhz arabyrd now
8942,32249,1,palawan couple day ago try post picture tom
8943,2927,1,dont iphone maybe next week
8944,3710,0,head hurt
8945,36735,0,full thanks food jean brought half watermelon eat freeway crash die
8946,27080,1,zacjones why hello how s life side screen
8947,17613,1,marley watch french open unless hd not latest political ad is http tinyurl com lvsn
8948,10076,0,oh miss truck could whole place moved now
8949,19307,0,rain rain go away cancel pool plan tragic
8950,11955,0,mileycyrus sorryyy milerz can t vote would love vote work sad frustraded
8951,17937,0,im friend anyone anymore
8952,1086,1,really realy want netbook mrr techno lust suck
8953,2044,0,waste life http tr im mlou
8954,21464,1,cant send dream story twitter sending bebo mail x
8955,36,0,ether radio yeah s feel funny cause slept enough woke mum cause singing impressed s you
8956,31571,1,moving apartment mile bike ride ice cream instead
8957,39673,1,nomaditation oo u op p sdn d s sn s u p o p no u u n q o p u o o oo o o sn
8958,2055,1,sometimes spam leak message board
8959,423,1,avalonabsinthe what come are erock left bah d
8960,942,0,half a mind chris staying glasgow instead cause absolutely accomodation edinburgh due marathon
8961,26792,1,wake n bake monday
8962,5888,0,dammit cant watch stadium music
8963,20963,1,loved streak thru hood damnit pumped
8964,23698,1,kohmahts clear catholic wholeheartedly agree you quot same here quot ambiguous tcot hhrs
8965,8304,0,ccnkaddict know fall right pm time like right middle day
8966,25660,1,jonasbrothers good afternoon jonas brother x
8967,9609,1,dmann link aicn broken get slapped
8968,13274,1,foxxfiles get gina thomas iamdiddy thing u do keep artist running u correction officer jersey
8969,22377,1,nicchick seen following seo amp marbella making seo event marbella speak spanish
8970,1184,1,tluke sometimes going stuff cure
8971,24764,1,jonasbrothers awwwwweeee nick
8972,27499,1,skool idk tha weather stink excuse
8973,7677,1,hazelandvine know relient k show
8974,17030,0,lost peacock chick morning
8975,4907,1,misskarley get paid still broke hell shopping spree today
8976,4607,0,wish yesterday friday
8977,1399,0,want milk
8978,14887,1,ugh cramp hot
8979,21182,1,daysparkle like jonas
8980,36289,1,poeboyandy actually workin home tonight you
8981,38351,1,guess blue sky mean today http twitpic com wsj
8982,21516,1,stonesimon oki doki too laterrrs
8983,32691,1,little bottle jus http mypict me flc
8984,204,0,bad friend
8985,7409,0,starting get sad
8986,27192,1,eating pancake better day stevie j
8987,4075,1,goin aunt weekend wont laptop blahh
8988,168,0,barbschaefer yearling pet home died sad whole family
8989,17215,0,sass hahaha sadly one s supposed done individually chance social loafing lol
8990,27400,1,vickielam better getting mad using floor
8991,7754,0,forgot wish sister happy birthday yesterday
8992,2106,0,wanna go
8993,19234,1,environmental project
8994,16531,0,rubyredsocks yup day older
8995,4666,0,woke up laura s last full day last night watched embarrassing home movie
8996,29520,1,k zulu get michael jackson ish bad look imo
8997,15618,1,little boy still makin work storm
8998,2,0,funeral ceremony gloomy friday
8999,19731,1,rosie g yo oh wuld go w you im takn class right now boo
9000,14812,0,siirensiiren meagan rochelle quot the one u need quot would say quot cater u quot didnt produce that
9001,23129,1,morning beverley youre like breath fresh air twitterland good day
9002,36020,0,lazy sunday late lunch and forget buy pr we re page
9003,6612,0,joaniemaloney yep suck thought somewhere said wa
9004,21985,1,happy star war day may fourth you ahh one oldy goody
9005,39036,1,veeekay haha wats about
9006,7623,1,trudiedreyer can t dm following
9007,29849,1,http twitpic com wk camping black butte lake
9008,37235,1,katebelletje one too
9009,28025,0,heart song glad wondrous beltaine mine quiet yet sync season miss all
9010,25225,1,never seen wall e confused idea guy talking about hehe though
9011,9278,0,stood curler burnt burnt hand picked up
9012,432,0,meljachin eww dislike
9013,1748,0,lost voice torture
9014,8603,0,flashlight hah wait till turn
9015,33891,1,going home
9016,4881,0,billbathgate any sorry wahh lub u toooo
9017,22423,0,queeniecyrus morning miss sarah cyrus what s up x
9018,13364,0,aonir awww sad download copy you
9019,15065,0,santiaggo new yorker cover done iphone amp jealous one http myloc me a
9020,25198,1,portfolio v uploaded comment feedback warmly welcomed http www maxiin net
9021,20702,1,new job today wish luck peep
9022,32288,1,coldstone kayla fat guy matter
9023,33295,1,monicaobrien again agreed program showing friend facebook would easier giving every yer info
9024,26666,1,corie michele sometimes say nice thing time kinda fun teehee and put back well halo
9025,21041,0,natalietran like term quot partner quot come relationship business like that s ugly word day
9026,10192,1,getting yearbook today strange
9027,29226,1,joejacobi following all creating little flock paddling twitterer
9028,9329,1,cassiekitsch okay rose told phone shut might moving back spokane going on
9029,21428,1,tired tired tired freefest today
9030,1271,0,davidakaplan leopold say hello
9031,39552,1,c j davy maybe time judith step plate
9032,39904,1,early washed waxed car sure neighbour think mad wash nearly every week
9033,224,1,lizzziemonster amp jamiejamess soooo hungry
9034,16303,0,sodakan sorry hear wait list
9035,38435,1,zuppalizzle come friday teach
9036,39728,1,ok send iflowers mom mother s day trough iphone app http tr im kwnx
9037,38821,1,duckraces bath quite work especially duck polar bear a seal amp whale
9038,34605,1,im talking twitter
9039,21773,1,happy star war day quot may th you quot read http tinyurl com axsujx
9040,4213,0,pharriell nothing let s stay quiet together p cry
9041,4500,0,none people talk p e class going bored period
9042,31383,1,spaaluhi bleh yeah got vog sure that s nothing compaired get
9043,27433,1,annetwan may fourth
9044,7891,0,watched wayyyy much beverly hill today proud fact tv fail
9045,1112,0,want listen musiq soulchild ipod
9046,18985,0,going bed watching bit qi wake tomorrow face start last summer bath bit gutted atm home
9047,7172,1,frankiethesats comon answer think friend drawning x http www twitpic com mvd
9048,10884,1,cleaning time
9049,13963,1,nettofabulous red top tabloid build em up knock em
9050,22282,1,we got both kind music here
9051,14838,0,sheistheemily pq vc nï¿½o pediu amor
9052,2202,0,friday night fav night week go stupid dog training class
9053,15559,0,god look stumpy sharing toe tonight
9054,8946,1,tim berland lmao know know
9055,2432,1,sick doctor waiting room
9056,21983,1,simongrabowski hi simon let know done
9057,21771,1,jacs will rule tweet eat
9058,8283,0,audreyallure really thinking staying till tomorrow back philly nite wanna stay bad
9059,9057,0,watching final episode boy flower
9060,14232,1,margs driving home rain
9061,35088,0,memory
9062,16134,1,mtv mtschopp going do fmlllll
9063,12705,0,decaydance nothing
9064,3820,1,mozzer cancelled tonight look it
9065,8885,1,s mak request bbm amp send ur contact info everything sync old phn ur tmail info haha dated
9066,38760,0,ezrabutler headache morning after instead
9067,16278,0,bobbiepen lmao man bummed stopped braiding
9068,39992,1,jasimmo ooo showing french skill lol thing good here lovely weather outside how s u
9069,26011,1,justjoe pretty much thanks seeing little gilbert amp sullivan cheer more
9070,1783,1,maxsterism naisee bad see lens flare arond listening it xd cant really catch saying tho
9071,22632,1,fruityalexia decide din din
9072,7440,1,joined one following
9073,26168,1,previous twitter this funny also always get motivated brand new day http blip fm jnbz
9074,4742,0,juicytots getting ton spam mail inbox too driving insane
9075,30941,1,god good
9076,8842,0,goodbye picnic classmate today weather fucking beautifuul
9077,2146,1,grum seen who s knocked top spot wefollow perth
9078,18241,1,jenty late reply again tweetdeck always logged onto work account forget check personal account
9079,13878,1,rougite nop uso grooveshark pero muy informal ni user tengo
9080,3999,1,show house rocked saying goodbye soon
9081,10216,0,pollybowles say really miss red porsche sold yr ago
9082,15807,1,knightgirllinz baaad linz too rather sheesh text finger broked
9083,10087,0,feel like going toss cooky
9084,2269,1,emsy pic show boo pic site show up
9085,32080,0,aquadj james battle everything too kind love hate relationship
9086,31857,1,goodnight
9087,7044,0,back work
9088,9306,0,hey guy back work kinda horrible
9089,13966,1,poor extralife flower fornicating nose now missiondeep
9090,32140,1,mother day somewhere http tinysong com kov
9091,7536,1,fuck hate strawberry run special k
9092,7702,0,hate sick especially there s one pamper
9093,30798,1,agent range make coffeeee
9094,4357,1,armywife second
9095,38067,1,varnishing nail baby blue now
9096,2530,0,got finished watching marley me cried like fucking baby i m missing beast like crazy
9097,27278,1,clothcouturellc problem really sure doing application twibe page
9098,6916,0,jeff can t get visa time come visit me sad news going lapa tonight samba night away
9099,22955,1,listening simply awesome ratatat bank holiday monday bbq later http bit ly gjqsh
9100,8168,1,kinda headache
9101,67,0,vincew stefanyngo fell asleep beach put enough sunscreen lol
9102,16030,0,themikekelly sorry mike assuming music missing i know then mystery
9103,36652,1,computermuseum http twitpic com wptj one prized mag book annual dunno others published prolly google
9104,21747,1,got period pregnant
9105,8216,1,taragracee
9106,24804,1,thanks josephadamx
9107,32237,1,nature called brb
9108,32463,0,howardlindzon kiss as looking forward central mountain pacific mother s day tweet forget pei
9109,28256,1,bought holiday clothes
9110,30050,1,rachael kearley that s twitter you
9111,19178,1,sophiebenjamin pleasant sooo rarely time kill
9112,38604,1,cfsam pm early dat s pm time
9113,23015,1,going shower want smell school tomorrow
9114,20284,0,waking star war end title song sorta awesome also kinda creepy
9115,36081,1,mindandbodyyoga one favorite quote ever
9116,28271,1,mmmbaileys carli chick hello
9117,5886,0,think break heart a emo sound meh
9118,12325,0,stuck work stuck work hungry
9119,13173,1,iamnewyork nuthin much gettin ready head bk wrk n u
9120,22535,1,philwalters fickleness seems appropriate twitter user
9121,11706,1,doctor work hope bitch fun condition show without
9122,21082,1,going twitter english foreign follower
9123,1514,1,adamkruth serious perhaps sat work better
9124,11673,0,bondean sad thing wanted work year dream job crushed saw crappy wa still bitter
9125,18279,0,exhausted hour work week
9126,5683,1,cherishable guess easier said done people myself one unfortunately
9127,15582,1,goostavo suck put britney on
9128,34471,1,mariromani http offf medium com p must four guy sat rain
9129,11142,0,stuck long as traffic motorway i m gonna get home pm tired
9130,20270,0,geewhy jealous guess walking around office tomorrow malo
9131,6683,0,drinking instead beer airport beer least carbonated http mypict me zu
9132,22953,0,bwhips good know alone confusion
9133,19848,0,hannah montana set im missing tennessee alot today
9134,23060,1,path liberation clear realize when truly comprehend that architect life
9135,2416,1,breakfastnt much debate
9136,18425,1,need dayquil
9137,2926,0,itï¿½s ffa evil grin iï¿½m busy work today wonï¿½t get anything done
9138,36248,1,backe backe muffin
9139,17321,1,say raining http plurk com p xydn
9140,558,1,ddlovato july long
9141,12452,1,cristnabls totally agree there s way avoid
9142,26895,1,sweetptatos thanks chuck
9143,24139,1,dear intertweet plz hack spotify plugin songbird sdk exists already need code
9144,5774,1,mx yes thanks change obama start mail ordering
9145,1231,1,jesssicababesss ivanae rachellock december thats like year away
9146,3384,0,skateramps omfg whyyyyyy suck r wtf t a i getcho ass
9147,24149,1,got baby g wach zi lady gaga wear eh eh film clip pink love kay thanks heap win olivia
9148,13192,0,neil picked show tailights cause heartless hit run
9149,32118,1,got back skating hanging james
9150,28307,1,also earthxplorer dantraveling lonelyplanet brianepeters travel backpacking hope enjoy pic amp video
9151,13429,1,mention hw fat ima get frm wrk n here
9152,2338,1,beakpie yes yes will
9153,11077,1,brutalhoney think ff feline friday anyways want cat picture maybe caturday though
9154,33887,1,cynthiay nice info forwarded needy friend mine
9155,4927,1,awesomeann u already took da pic
9156,2620,0,sick year omg suck bad sickness ended including full restroom cleanup
9157,25589,0,want go school oh well get early anyways
9158,36196,1,wall like saying banned zac efron lol sonny
9159,13170,1,ohmyseven valerie subject line phone normal text
9160,26566,1,jenndillingham still need see movie vampire
9161,598,0,http twitpic com vr wanted visit animal late
9162,25115,1,moonsgirl guest
9163,26661,1,morning eating morningstar farm veggie bacon strawberry streudal later work today get dog tick juice ugh
9164,21978,1,mrfloydnl ti useful indeed esp newbie like me
9165,31332,1,frenchieb day frenchieb day frenchieb day frenchieb day frenchieb day frenchieb day frenchieb day frenchieb day frenchieb day
9166,5829,0,tgif i wish saying applied me work saturday
9167,27054,1,janissharp thanks janis
9168,9814,0,checking zensify iphone work fine landscape typing
9169,36549,1,relax
9170,9221,0,spring cleaning http milliontreesnyc org tomorrow park want go clean accessible public transportation
9171,32064,1,watching baby mama again eating pineapple orange raspberry sherbert
9172,36066,1,amp holsyjak laying back fox truck drive race lol
9173,6609,1,rambleredhead think like phoebe s mom friend stop movie sad part
9174,35966,1,frankrumbauskas really bad one also classic
9175,12604,1,old customer service team member
9176,6811,1,upscalekitten married
9177,22748,1,meanlion night
9178,1191,1,chucky whats u hating becky soo much ur bio say ur nice guess
9179,38234,1,mmm one thing forgot give kudos drea elisa ise amp shelane helping greek week thanks lady
9180,11667,1,mileycyrus jump bridge really want vote tell fix it day need win
9181,5985,0,ewww printed new i d badge thingie work n eww picture took many n ugly
9182,9207,0,ii wanna go home thee weekend ii gas sukks
9183,10450,0,ha got another followfriday take mage oh listed too thanks lot lowjacker ya jerk
9184,25664,1,photogoat cool photo outside place
9185,6310,0,soooo feeling well need get bed
9186,740,0,miss oklahomaaaaa listening citizen cope til pas out
9187,17046,1,donomo easier way phone twittpic pc later morning p diddy pic
9188,4062,0,saddest right now lost mobile phone earphone waz feel little incomplete feel
9189,5130,1,although technically major project get something that s communal theory always come massive awful
9190,7927,1,blauerpunto britta say want lunch
9191,5777,0,lizzidoll wish va
9192,17976,1,dmfinley hey you trying reach couple month umm certain ppl tell im looking
9193,10507,1,workin
9194,24290,1,uploading picture myspace
9195,3063,1,dreaming aloud danbarnes hindi flick came couple week ago never made uk
9196,37014,1,camilleisleta wand black hawthorn wand core kraken heartstrings you
9197,9645,0,ever told absolutly hate writing email status pdates fine email much finality to
9198,15135,1,coco still
9199,33050,1,link per daughter u mobile reuters com mobile m anyarticle p rdt url http www reuters com article bigmoney idus
9200,3783,1,endure get prize lucky winner http twitpic com nm
9201,36801,1,driving home ok night iwish
9202,5189,0,creeper feel disappointed it damn cyberstalking skill internet privacy
9203,5807,0,supernatural http twitpic com k awwww poor boy cry sad
9204,648,1,scratch that sleep stage bound
9205,24405,1,playing see again miley cyrus shop
9206,30475,0,yeahh cenare lo mismo qe rosher ok ok roger wiii
9207,12864,1,tiffconnftw cause there party
9208,12409,1,going visit sister today grumpy chill home family visit tomorrow
9209,9915,1,mileycyrus voting over since like four day ago think told friend vote million time win love
9210,22641,1,kyleandjakieo play vanessa hudgens new song plz vfactory
9211,7365,1,found thro mama
9212,25655,1,poisonedapples hey anymore back now
9213,31585,0,pageoneresults seo voodoo google cache noarchive hide user
9214,20299,1,rain bring back memory
9215,23053,1,andykemp one governor one director company
9216,13030,0,myke yooo myyyyye bust sick tooo shoot me long night tonight
9217,9747,1,cailingg doing
9218,13246,0,cassiefasho wish still loved
9219,10123,0,little mile run done minute exhausted impressed hrm
9220,2237,1,wish wag na sana reject thesis proposal ko nadedepress na ko eh goodluck annoyed http plurk com p wyu
9221,17929,0,there much light pollution see star
9222,23282,0,eating breakfast getting ready go school
9223,2186,0,mosquito truck waking
9224,24709,1,young one quot look found quot quot breakfast quot
9225,25169,1,good afternoon all sorted technical glitch rainy bh monday lazy day daughter menfolk round roast dinner
9226,24518,1,planning thing may
9227,36451,1,good morning everyone
9228,12250,0,show tonight plan ughhhh
9229,38613,1,watching pineapple express seriously thinking used real weed movie
9230,23294,1,joshroyse josh excuse me but time going begin
9231,28875,1,owl ah already list
9232,18424,1,getting dinner ready much going life seems
9233,3877,1,danperry way let know want schedule round two played highland wood monday shot
9234,2999,1,bah bk reception comp aint working but sun got hat hip hip horay x
9235,32738,1,ryking ooh good thank head bro
9236,3249,1,am quietly tidying dinner party whilst closing tupprwre lid centre island kitchen collapse wake baby mayhem ensues
9237,4628,1,note self never ever leave macbook pro stupid icurve fell off
9238,11378,1,angie z cant even think anything smell like alochol lol
9239,35601,1,mzflip simple a
9240,30680,1,superdes go firefox
9241,26715,1,nberardi sarajchipps guess sara make mention mariage proposal site
9242,2038,1,smallchou still working
9243,17920,1,telltammy tried both twittascope unstoppable
9244,11891,0,friend got mugged morning
9245,19403,0,brother s back amp amp found really small dead bird deck sad basically cried
9246,20221,0,kayleigh stack wish could go think allowed p either way two show going bound get ticket
9247,36763,0,london miss u like cotton candy lt
9248,26975,0,lulurocks messed up hope day get better
9249,22828,1,katharotes get hitched get here
9250,29099,0,coecobroker still recall helpful way back struggled ar contest question
9251,5978,0,sell medieval trading pavillion v sad
9252,18823,1,petertewart yeah left cause pc can t run client anymore thought would new one now
9253,26336,1,tyranasaurusbex sexy time coming town meeting ish
9254,25309,1,run moon day bad all fb
9255,4579,0,anyone ever heavy feeling sadness heart thats case rite now
9256,30706,1,goin sleep busy day tmrw
9257,6650,0,ben amp jerry s fail got email free ice cream say click redeem coupon click get error message cherrygarcia
9258,1597,0,sashaostrikoff miss
9259,17711,1,carlahanton yea is thanks link
9260,20354,1,stealthgear indeed
9261,4294,0,havnt gotten month ex seems dating spark anymore still love loser left
9262,9471,0,robpattznews die gosh die til movie award
9263,15690,0,annainthehouse dude feel really bad work serial can t used
9264,28406,1,great mood todayyyyyyyyy super excited game tonight excited one year older tomorrow
9265,29337,1,home mall amp got mommy s gift tomrrow
9266,2149,0,cant sleeeeep amp miss long hairrr
9267,5450,1,goin work
9268,1855,0,hate feeling get listen song completely reminds thing used amp get emotional
9269,17884,0,work
9270,31618,0,teeeeeeeeeeeeeth hurt lot mall funnn today made dolla better nothing right hehe
9271,3269,0,ihuntmidgets wish kimmikennedy would send bruh dm i til waste erection bot
9272,8752,0,hate working sunny boohoo
9273,22950,0,abeen good question nepal pm declaring resign actually resigning two different thing
9274,13389,0,tehblue don t know interact getting better pain though want give poor liver break
9275,19218,0,rather beatweetup instead taking cue vromans shutting down wirechairs annacarollo reprezent zent
9276,14042,1,jgullam awesome deserved sure miss crab game
9277,19332,0,work do wrist hurt much it
9278,4484,0,sry day tweet mia twitter network glitch story re funeral mix up wrong remains delivered ea
9279,20235,1,carlosefonseca give contact person make cheesecake
9280,31662,1,waynemansfield mine older yours
9281,18420,1,right folk really must go now babysit nephew morning another early start twilight time nare mind nightall x
9282,24834,1,bhanks morning
9283,1811,1,itsjorx mean jorx
9284,11688,0,angiemartinez too florida last weekend rain came back home ri rain terrible
9285,33917,1,tired gonna go bed now
9286,26972,1,eved can t say tried again tried sword either yet anyway
9287,35686,1,djwhiteboyyy what s up much listening music tx
9288,39777,1,jamsyyy sheeradjafar class chem sc building see yeah
9289,27381,1,me chiel nah cx d
9290,23212,1,save readheads
9291,18466,0,http twitpic com xn miss already
9292,19794,0,going dirt track race w aaron really good hair day wish could wear makeup though
9293,10947,1,emmielemmy no suggesting loan deferment
9294,6400,0,wanna sunshineeeeeee
9295,34338,1,jennlovesm tdlq awwwww scifi geek starwars ten commandment u geek
9296,22317,1,still trying udnerstand twitter
9297,21524,1,nm tweet postcard butless easily retrievable archived email saved machine
9298,19233,1,might go bed nightmare bad grade tonight please hmm
9299,10701,1,ankita gaba bid gone waste shadez even give u look twpp
9300,287,1,night night twitter world still cant believe thomas thing tomorrow s gunna fun sad
9301,15854,1,matthalveland
9302,4857,0,traffic jam rubbish anyone know what s going a cowbridge cardiff stuck direction
9303,35557,1,shahruz fall celebrity worship though write think best rock
9304,2693,1,yucky burn
9305,32043,1,lovemedown hello hello hello u tonight
9306,4897,0,ooh lulu bell whatchu goin a monsterpalooza s weekend u ink stressed contestant year miss u x
9307,9276,0,rose city siren uber cool last night wish could stayed longer
9308,28686,0,kurliedoc poor grace need date cute male nurse
9309,10799,0,yet start paper due tonight motivation
9310,8431,1,itsmegregory far
9311,20199,1,can t sleep watching gilmore girl
9312,33584,1,tired goodnight everyone
9313,17344,1,kimsherrell sigh
9314,10631,0,start work missing like crazy i wont seeing till tuesday
9315,27964,1,oops meant say boston red sox instead red sux tampa bay ray instead devil ray previous post old habit
9316,24201,0,pickleshy tongue cheek mentality there another one take piss arab long
9317,4238,1,andy sims know inside scoop station that s anything kwod wa there s nothing u
9318,8643,0,think gonna try go vegetarian again and soda majorly cutback beer too many carbs but yummyyy
9319,548,1,leno s last show tonight like better conan
9320,20943,1,aa mandarinmonday
9321,4855,0,sorry unsociable loading stock shop mum making
9322,22696,1,tyronevh hope reviewed site http snipr com hble
9323,38268,1,exirel today s menu worry
9324,9382,1,poynterperve know gotta wait earl think late wrong
9325,34718,1,good night everyone im going lay bed watch eraser
9326,25985,0,matt vega matt vega sikeeee i m sick cough
9327,10599,1,part starting feel effect tanning
9328,28081,1,oops overlooked loldog also germane starwarsday http tinyurl com cmal one earlier better effort
9329,1170,1,gettothefalcon miss
9330,7934,1,know heck space time bgt bored
9331,22461,0,bennglazier nup cd either whole bunch zero one free
9332,21167,1,zem cannot tell lie did
9333,32108,1,http twitpic com wf eeeeeeeeeee came
9334,23796,1,jamesshore kentbeck sound like challenge see would useful able explicitly schedule thread
9335,39574,1,alexandraxaxaxa alright coming get another spoon
9336,29230,0,santojay assume able afford traveling anymore got contract
9337,18587,0,boyfriend friend tonight know evening
9338,2110,0,sf felt way intense tonight hope keep up upset hanging fascinated pearl
9339,35512,1,loving dreambears britain got talent
9340,32363,1,misterperturbed saw fraktastic zoidberg painting tweeted around last week so you
9341,16289,1,knitch any raspberry amp balsamic
9342,18912,1,writing report
9343,20305,1,davidarchie good luck breakfast search u go bed lol goodnight david
9344,17483,1,palm pre record video
9345,10429,0,happy camper good day all
9346,7263,0,elainanic hope migraine stick around long
9347,254,0,cute malay girl came seemy room rent sadly think guyfreind bit misleading disappointing lol
9348,19600,0,selenagomez bye selena bad didnt get talk u u
9349,6473,1,tomorrowland central gotten confirmation signed star tour waiting see give shift
9350,17515,1,nerdatcooltable can t find
9351,7888,0,bout go work
9352,23946,1,flik good one might think year s nanowrimo competition
9353,18910,0,oh ex room mate moving today
9354,13293,1,shaunarawrr x butbutbuttt replied load
9355,1345,0,bummed didnt get see manchester orchestra bc sold out spent night buying tv show itunes lame
9356,39506,1,terrycafolla could act buffy eps seen many time s shaky apart eps amp
9357,3464,0,headache want go think worth it maybe know
9358,10957,0,safely say euro winner week
9359,7410,1,ihop besties minus one where s dr work course
9360,23123,1,alandavies raining belfast promised would clean window today back bed then
9361,5872,0,going stop tweeting lsat studying now
9362,12453,0,bank
9363,8070,1,hate headrush
9364,16541,1,way viewing
9365,3547,0,supernatural http twitpic com k hhaha wanna cry
9366,22755,0,wtf getting now hm tm today that revision revision revision
9367,3598,1,taraw cuss u siad u it lol
9368,35506,1,dance morning getting new headshot taken loooong fun day ahead
9369,29822,1,clean
9370,10333,1,eating lunch cant wait till work gotta work tomorrow
9371,18889,1,thehar got zion tweet
9372,22094,1,lilmarshmellow thanx
9373,10791,0,sun
9374,33345,0,jtimberlake damn killed snl that good stuff cry w laughter jimmyfallon broke love
9375,790,0,glowing face complexion always pale
9376,39312,1,good birding trip within day pitta bornean bristlehead
9377,17475,0,infobunny ouch realising sheltered upbringing wa
9378,14532,1,frazj wish sun lolly get addicted flavour
9379,21446,1,jas mean where
9380,11691,1,marieblue yep
9381,34577,1,jannarden dead father velvet elvis painting said would get corpsed said quot don t threaten me old man quot
9382,31439,1,eeshkapeesh haha okay fun that haha
9383,20334,1,awaisnaseer followed bro junni vet
9384,19756,0,miss nicc today
9385,38899,1,dark jayy might hav cost u history essay
9386,9803,1,em fizz really new people dunno em said try
9387,32583,1,shakedown street
9388,32875,1,thank
9389,37657,1,glad went out glad leave early glad afterpartying beth s back
9390,16220,0,deviantlysweet neat hearing u kiddshow today wish
9391,13109,1,graceamy childish lol co one said pic jake earth made vomit
9392,39181,1,moeneekah hope join dailybooth find one
9393,17461,1,followfriday t cuz ive never added anyone s followfriday either amp cuz got cool picture
9394,5874,0,going without brandinmusic skype haha
9395,13821,1,egsa plan currently
9396,4179,0,hot day making tired
9397,39093,1,sleep day back work another hour psych nursing
9398,34924,1,nightlife commando like chanting music cool amp listening inxs music song amazing bass win
9399,39669,1,rustycharm seems you samnzed ex baristas commonality ftw
9400,688,0,dakshinamurti yet sorry
9401,20857,1,ducban quot nhi p nh gia quot ï¿½y lï¿½ ch cï¿½c b n t x ng lï¿½ quot am mï¿½ nhi p nh quot cï¿½n ng i thï¿½ch ch p nh thï¿½ dï¿½n s r i
9402,32683,1,mikeshelby that s nice way fall asleep
9403,3137,1,m bui yeah right accepted grant covered least school fee tritonlink cant verify
9404,37627,0,princsskrys lmao never met anyone liked caramel much
9405,19603,0,gialovescece ghost whisperer going without j love
9406,33523,1,therealsavannah think follow your dream and they will come true person that s favourite youtube star
9407,8957,0,mcdaydreamer some and best friend go school the others change school
9408,667,0,loved johnny carson going hate seeing jay leno go
9409,33930,1,quot jaunty jackalope quot s boring name quot intrepid ibex quot still favorite among
9410,7320,1,krystalle reason can t get boc
9411,17118,1,fresh and easy store sacramento open waiting nothing
9412,10040,1,ug full cold dark pub want go outside
9413,30487,1,alissa
9414,25446,1,learning french anneschroeder funy school day today mad english
9415,5609,0,hick mean
9416,16374,0,ughh filling tooth ear starting ache life
9417,17208,1,day till bh come back la
9418,10254,0,im science boring
9419,8722,0,soulafrodisiac feel one i moved recently nearest wholefoods hour away
9420,24815,1,gregor sure
9421,20719,1,shopping latte si friday meet fau fire steet party slowmotion park partying bday
9422,10281,0,aww danbharris getting married congrats new wife miss wn weekend people
9423,36472,1,lotusheartbreak yeah probably stop story completely finished though wide awake
9424,32298,1,rhib cleaning
9425,34486,1,heidimontag pretty sure like exclamation mark
9426,15143,1,patrick schulz lucky u park maybe short period really stuff done untill wed
9427,3873,0,driving work running late like always time starbucks
9428,23136,1,jennamadison dinner done shower done time chill block chocolate
9429,113,1,shift time bbye biochem waaaaahhhhhh http plurk com p wxizo
9430,2870,0,kathtrinder samscam what s that sun sign
9431,14197,1,djmo count
9432,12571,1,want go shopping tomorrow work buy thing know want to
9433,5659,0,subville snuggle back everyones telling get but ive year x
9434,5077,0,ran outta bathroom pass maybe mr french nice today
9435,3607,1,home well hate workin
9436,18717,0,gloomy outside
9437,303,1,one sale done today work explored balcony big theater w coworkers fun day void chili fry tip
9438,1001,1,typicalrouse would like mile gas price crazy im alpine next summer def
9439,14988,0,feeling deflated hubby saw swing set amp think piece junk thought found something good kid
9440,18858,1,taking break sewing dish
9441,17417,1,damond vip bye bye beard
9442,33633,1,practicing vocal warm ups breathing method right way
9443,4209,1,hella itchy http twitpic com mf
9444,22505,1,less itunes tuned
9445,18957,0,omg sad royle family nana dy sobbing saddest thing ever watched
9446,25908,0,chilliin
9447,35286,0,high azza bitch day goody missed u twitter
9448,18394,0,no adventure time
9449,15224,1,exam commmmmiinnnnnggggggg
9450,11823,1,went sleep power cut noida power back working
9451,6591,0,headache
9452,16628,1,would one plese suggest great thriller movie
9453,10155,0,spacerbunny oh suck thank god laptop
9454,3116,1,mgrpowers http twitpic com aida snood
9455,36933,1,glennlunder yep much play though install voilï¿½ work need fast connection
9456,29538,0,sitting outside cold ocean glass wine
9457,20770,1,markwreeve need get image icon default one
9458,23805,1,sunshine back hair day new due
9459,36818,1,alexa
9460,38485,1,looking new picture twitter background help little here
9461,26809,1,amyjbennett quot holy cow quot me
9462,35535,1,helenwraight think bit love creation wit physically attracted although great style
9463,9477,1,haha yea knew yew wanted go would told yew
9464,20657,1,souljaboytellem
9465,10105,0,valholla that s sad kind mess getting weekend
9466,34640,1,shower time
9467,31480,1,gave mommy mother s day present a purple ipod http twitpic com wcpt
9468,11654,1,go work
9469,6965,0,freezing cold cant function right type weather starving max
9470,33055,1,realconformist new kirk that s why new kirk
9471,3259,1,file got deleted
9472,14602,0,sunburn itch ouch
9473,7463,1,captainkarenn dont think
9474,35168,1,bambam relax mama u kno got u breathe easy need piff
9475,8935,0,spgridview looking prettier pretty sure code ugly
9476,37182,1,scriptgirl check video scriptgirl report http bit ly hclxp officially survive weekend
9477,34549,1,rivahratt late thing last night curiosity overload
9478,7384,1,sujatachadha wish could say weather mumbai hot n horrible guess friday one reason
9479,7230,0,sarahbellafina sleep need go mum time get there clara bed
9480,31936,1,retrorewind hey tommy page pm dawn new whole retro rewind thing
9481,25636,1,worry send soon land delhi let know price little while
9482,29904,1,janeejohnson y all say so trust one
9483,21573,1,back later http plurk com p rpk
9484,15029,0,theavtr dont quit
9485,22044,1,going fill tummy something yummy brb via angelistic
9486,10409,0,bad day work s stressful been involved minor accident everything s ok far cut immediately
9487,1421,1,ship october
9488,38235,1,ofana happy mother day
9489,4950,0,skoosie probably not hate happens
9490,34111,1,dawnrichard giv ya mom n gman happy mother day
9491,695,1,asks karma point please http plurk com p wxnt
9492,19751,1,imreallywildin u callin grimmy
9493,3841,0,loulou de b email get people want site shame trouser
9494,17519,0,got cofo late close today close monday back meet buyer tonight show home
9495,14271,1,fakerparis boo got rained beach
9496,17624,0,lost dollar always lose money
9497,36563,1,boysnow denial powerful
9498,20309,1,hassmanm nemï¿½m zdrojï¿½ky mozilly ani perl takï¿½e z stanu u svï¿½ vï¿½ry schopnosti ohlohu
9499,13512,1,kid going see without me
9500,26919,0,panera eating bacon egg cheese coffee http twitpic com jip
9501,33652,0,epic war mt longer blue
9502,27199,1,alievans question you ali
9503,36204,1,thaidn exactly prime minister need take care issue
9504,134,1,jwillock epicentre wheelock place tourist only
9505,39454,1,goodmorning twitter oh gosh woke soooo nice lol oh hai thar twitterverse happy mothersday everybody especially mine
9506,39631,1,kevinmoreland hello
9507,28799,0,sobbee naw pretty tame guy costume voyager style quot medical quot uni disappointed costume
9508,30738,0,jumping nearest bridge can t
9509,26874,1,labellabytch wassup u morning
9510,21544,1,back office bit strange short hollidays mbp without dead px re vamped gb ram monday bit nicer
9511,36086,1,abbyjanky whooop got twitter dang line communication keep growing
9512,4898,0,bimbler much work drink now love afternoon pub
9513,6135,0,everything annoying today
9514,3035,1,wonder end hay http plurk com p wywi
9515,14460,0,little sad school ended today moving going miss new friend year got hair cut
9516,18112,1,one year since met matt corby
9517,31747,1,iamrehman barbarawaterst myob hiannie jan geronimo javierchua scottataylor ozsultan thanks sharing friend
9518,3047,1,julie posetti nice reference lm program journalist using twitter australia mention http bit ly jwuzl
9519,20917,1,ivyandres nice pair shoe checked nike shoe worth buying
9520,35348,0,sanda ummm sure miss ya ll alot too think know meant
9521,6298,0,nobilis feel pain mine way
9522,6219,1,downtowndiane missed cutoff free chocolate eh well bikini season coming
9523,31167,1,going outro peace
9524,7776,1,dream brought mandykmusic keat king island pretty sweet bummed poughkeepsie hour
9525,33765,1,auroraawakes mean need start
9526,6713,1,artybloodyfarty ok
9527,11770,1,ronskea gleneagles champagne reception can t beat it alone tea rubbish ive housework
9528,10315,0,twpp one told me
9529,38200,1,destinyhope fine thanks wbu
9530,5033,1,damn latvian beaurocracy non resident can t publish braille highway code another blind alley woe me anyone speak farsi
9531,6502,0,alices hey can t make maker tonight
9532,29204,1,got back torus s watching shark boy lava girl
9533,3262,0,amerz love it wish half could even name web design lady
9534,38328,1,sukitgood well mina gerais first runner well
9535,37353,0,jae oh yes ave never orderd there lil funny first so check ta
9536,34458,1,siouxsinner yeah kind rude thats business guess appreciate jodi sharing thanks again
9537,38252,1,shaundiviney already
9538,17383,1,homework
9539,2974,1,hour sleep last night barely functioning
9540,1808,0,friday well technically anyway but really thursday me dang work saturday morning
9541,3698,0,karina escobar people seem getting pretty quick guy seem care
9542,39640,1,breatheprod maya kibbel facebook myspace page
9543,30769,1,rox funn amii bailey
9544,11135,0,sad day beer drinking movie goer speakeasy theater
9545,38304,1,tamlyn wish cool sock draw
9546,11796,0,flickr longer recognize e mail address can t log in
9547,8834,1,exactly week left sigma
9548,14781,1,tomfelton seen girl http bit ly lvi feel bad
9549,16835,1,wish rain would stop stupid headache would go away
9550,26348,1,dougiemcfly one good bad ugly
9551,21741,1,windminstrel work
9552,10211,0,really sad nephew keeping busy sorting item bwm http bit ly ntsm
9553,3052,0,mind playing trick me or could be either way ish mind heavy sleepy
9554,23056,1,use link start earning free cash http tinyurl com coboyf sign get paypal cashouts minimum
9555,8498,0,kheiny beneath show got cancelled bummer guess wont see til cornerstone goign with
9556,9096,0,he
9557,10356,0,cold wish shelby say tattoo cuddle
9558,30661,1,still away am co school tomorrow that s why
9559,5298,1,dreading history coursework monday
9560,22573,1,rnfjonasstack damnnn training start would cool next timeee
9561,10777,0,again wish could share problem someone
9562,15056,0,following twittbitch cause gerhemi ordered
9563,2163,1,oh cr p placebo tix torus amos go sale am anticipating hot cake distribution both
9564,1851,0,still sick home http loopt u iarprg t
9565,12226,1,dylankenney ended force rebooting
9566,16224,1,still want dress
9567,20699,1,nicurrr herrreeeee
9568,13858,1,finished tennis match lost tho
9569,11091,0,hour left teenager ill sleepin hour depressing
9570,33859,1,aaronmarshmusic punch shape card card card card ask people is free card
9571,6119,1,jeffabel unfortunately yes not outside
9572,38750,1,brandensilva friend wanted try yesterday failed whole net thingy it worked fine
9573,24362,1,kimberleymcleod brighton work city you
9574,12765,1,ncaa baseball road omaha south carolina hit run homerun dagger heart mason south carolina
9575,37466,1,friendofanimals shoe circa brand name
9576,34897,1,souljaboytellem name soulja boy tell em live live gt http ustre am uhs
9577,7437,0,middle breakfast school called yep back get shey again rd migraine week maybe one never went away
9578,9056,1,ok ff soooo anyone following meeee lol ughhhh lazy a follower wont even help
9579,19088,0,xx jessicab xx yip aw gonna miss bb
9580,17718,0,need see band live damn blink coming uk year anyone wanna go see billy bragg colin blunstone me
9581,16502,1,back marking
9582,8082,1,anisalovesu apparently request guest
9583,8106,0,im work super bored
9584,17722,0,teemwilliams michelleeeeeeeeeeeemybelleeeeeeeeeeeeeeeeee snif snif
9585,21213,1,idangazit find stuff amusing
9586,28194,0,singz think im jst abt done ur girrrlfriend im leavin im leavin jst love cm
9587,14625,0,think working eye drooping weird drug dont like cant wait tomorrow though
9588,29356,1,rkref making fun cspan call in guy
9589,1874,1,oh dear traveller moved onto land near house always leave bloody mess council take year b clean
9590,30358,1,stephbfly truly like what
9591,8526,1,love fly me live chat like sick
9592,36564,1,mozert requiem tonight
9593,18791,1,toontown
9594,98,1,princecharming
9595,34181,1,tynie ah yet another good one
9596,8497,1,petewentz hey guy planning cal headlining show around time blink tour dont get irvine
9597,15455,0,fml ughhhhhhhhh im going anwhere today sit bedroom share mother cry
9598,26305,1,jocope well impression people urge buy new sofa fair tiling man
9599,3508,0,always one time always late wanna sleep miss mere
9600,11885,1,dude hour done work
9601,19739,1,undressjess wish could riding tour chicago back iowa
9602,34502,0,suzyqbee say feel mama tucking night lonely getting by tomorrow tough
9603,8155,0,trying find pic twitter ihave big can t upload shall remain faceless lol
9604,14742,0,mummy need
9605,12009,1,steampowered damn many good deal you guy conspiracy steal money
9606,23160,1,productive day
9607,14273,1,jen dang phone still broken come whenever
9608,31206,1,mshemoney aw yay
9609,27152,1,pepetheproducer more
9610,39128,1,carbonara dinner made mum mom
9611,12448,0,rosecharlotte oh gosh tomorrow well god lucky might put yet another week
9612,16307,1,caitmccoy im going wknd sorry took forever respond realized twitter isnt txting ur update
9613,30295,0,tennydesign rogï¿½rio minotouro fight now
9614,13541,0,nightrpstar think so hired someone that
9615,1708,1,way block follower idea are sorry
9616,4928,0,thanks gourmetcook cold shower help
9617,37393,1,okay fine start studying now bye twitter world
9618,32030,0,lovesick am give call go bowling complain love
9619,17971,1,mitchelmusso called called think answer more haha
9620,21084,0,coffee turn good tiday excellent
9621,39664,1,luebue thanks agree http bit ly vikc
9622,11027,0,empsfm work missed shannon could barely contain herself amazingly good time
9623,31541,1,listening jesse s music amp myspace also getting hang twiiter feel need follower shy
9624,27670,1,skysignal long select post post im in tell others
9625,6605,0,missed getting quot twilight quot jacket modcloth man wish long monkey arm could gotten l instead
9626,4961,1,looking window beautiful blue sky great forecast weekend good cinema
9627,31588,1,skilletfan make sure looking right game summary
9628,22409,1,way home
9629,2179,0,trending topic twitter used useful like middle schoolers passing around note cause class boring
9630,19799,1,mann idea hp a c adapter worth like eighty buck wine gonna till use lap top
9631,6013,0,jinxcat failing cooking lately makin sad duno cook less army need practice flour tortilla
9632,27472,1,imkeepingup style might work
9633,23301,1,hice una maruchan
9634,30870,1,matt
9635,4196,0,thereal redbone stop babe u makin feel bad now
9636,25939,0,sargedunn oh sorry friend katie amp best keep cheery
9637,10772,0,senior s last day
9638,16466,1,ack fast forward right coldplay song
9639,25689,1,math class now shoot boring
9640,12709,0,ftskirstin im depressed like baddddd
9641,21249,1,signup dojo workshop munich http tinyurl com ctub end today hurry
9642,9112,0,made okay rap mix couldnt stuff wanted im getting ready leave
9643,10357,1,hmm anyone else iphone s earphone grey rubber disintegrating
9644,1517,0,where s enthusiasm meeeee
9645,8435,0,gabrieledurning sadly late traceycakes got elsewhere still yummy tea w wee wknd
9646,12055,1,allahpundit never relaxing weekend allahpundit
9647,2215,1,day recover ligament damage from now give day train k
9648,38493,1,stevelangton yes clearly relished acting together sparking other s performance milking laugh
9649,37326,0,extremeannette can t seem find it send please oh tag lol
9650,27274,1,deepbtech thanks reply appreciate
9651,6597,1,can t eat real food pizza friday find soup
9652,11590,1,spencerpratt vote wont let me say closed vote category wanna vote
9653,34534,1,karen waaa
9654,37630,0,fayewhitaker shame freud can t follow implication
9655,15498,0,miss everyone need face witty situational update do
9656,14662,0,btv suprnatural ok thanx much u send answer private mail u like would sooo cool wish birmingham
9657,8775,1,history
9658,13043,0,ringqvist seriously it get sadder
9659,4754,1,woke watched jon kate plus eight tried pretend like still normail family
9660,34395,1,mastersunshine welcome course
9661,2791,1,finally reunited hunny bunny tarzan day b leaf another week away work night
9662,12115,0,burnt arm just thought know
9663,38580,1,kfc
9664,16665,0,waiting danny text back xoxo
9665,8856,0,got sunburn arm better news new guitar hero metallica game came beyond happy that
9666,15909,1,tinareece planet fitness van wyck keep hearing homies tell bout it plus close hood u know lazzzy as
9667,21482,1,legal study law student twitter would love couple reference case inolving bias jury jury nullification etc
9668,39873,0,man hate church done though like way make people feel good
9669,35096,1,daninbarca mmmmmm craving sweet potato almond going incorporate super food tomorrow
9670,19839,1,bus rolling along faster expected might make home maybe
9671,21402,1,driving home listening prince
9672,19587,0,lbutterworth know twitter depressing tonight
9673,36464,1,nkotbgadget follow please dm you
9674,3846,0,redbaff alright joking said wine fool maybe don t like drinking
9675,1142,0,jessicaveronica guy gonna tour short stack again missed last tour friend went said mad
9676,21918,1,siovene clang rock using it right anyways according comment apple s gcc too dunno public tho
9677,19576,0,trying deny beginning miss more every single day apart need sprite haha
9678,10295,1,markhoppus think adding apple shampoo fav blink tune time seen guy never heard live
9679,15826,1,officialdjaok natboogi tinocochino jtonair soooooooo happened power forreal
9680,8631,0,espncommunityed forget nash disappointing sun fan
9681,20817,1,shihadchick take it mmm definitely
9682,24438,1,music http www myspace com janedurkin
9683,17443,0,trully awful day shitty
9684,32046,1,akitaonrails want complete hypocrite attended r rated event timing ironic
9685,6579,0,long sunbathing burnt
9686,12288,1,k logo nope computer right need power supply im useing old office machine
9687,15973,1,djjamminjoe that s cold
9688,11353,0,llda lo siento dint enough room
9689,9878,0,home sick
9690,4448,1,cherrycoke yeah there s nothing really say it breakfast pizza
9691,37021,1,ijanette http twitpic com wlx pretty janette exact hey monday band arm o
9692,6988,1,dilemma wear now sanfran foggy sacramento cple hr sun degr
9693,7391,1,finished exam every else finished co chose different course friend one exam thurs next week
9694,24010,1,zaida masson give link quite handy
9695,3889,1,well friend think today gonna one day a work day
9696,8387,0,rakka oh no gonna break w your ups guy move
9697,8559,1,maybe getting call
9698,37663,1,going out barbeque maybe
9699,29564,1,mantia mouth sure
9700,4288,0,really wishing would let go let fight own i m tired feeling like shit you
9701,9346,1,must stop using lol much crap
9702,8246,1,respond going
9703,31494,1,wishing everyone good night
9704,32149,1,insaneboingo oh hilarious commenting fact much
9705,17655,1,night applecored light dims leave chat room
9706,38141,1,jimmycarr yup ace film tho
9707,12517,1,hoping day get better
9708,14759,1,eye hurt
9709,31830,0,green day performing snl next week sorry made happy still ditzy justin timberlake skit
9710,22028,1,good morning please check new site tactik new training company based warsaw poland www tactik eu best u
9711,30286,1,aim getting ready go bed running k tommorow mother day wish luck
9712,36382,0,guillermop should
9713,245,0,kateisbored feel way guess matter always meme
9714,14636,0,oh yeah like waking early around mid day get tired
9715,9539,1,karliehustle almost imagine call taker must ve felt like taking call especially young one home
9716,29846,1,shiminhas boa nooite
9717,10835,0,far sick sing got post nasal drip sore throat sent sorry email
9718,17535,0,santa cruz interview jamba tomorrow morning
9719,8679,0,ohmahlanta esther want deal
9720,29058,0,aliceqfoodie wow mom lot energy getting tired reading tweet ur living it
9721,1861,1,hungry agaaaaaaiiiin maaaam
9722,25454,1,iamlauren never ending
9723,19122,1,stepped coco s foot earlier feeding cat harm done afaik run away
9724,2258,1,silbersurfer told you
9725,31172,1,found pack united red carpet club booze voucher anyone wanting quite drink there come appears
9726,30093,1,beilaq sodmq ayee watcha
9727,19108,1,dad told want put sale craigslist
9728,27224,1,taking ethan ryder playgroup morning
9729,37828,1,say np ne yo music http plurk com p svmr
9730,5919,1,site republish blog s feed often end higher blog google search result
9731,21344,1,band work need laptop solomonjoy buy one ill drive shift forever
9732,27712,0,wish bank holiday could radio afternoon least another week come idea
9733,706,1,seanpercival unless invite come beta key going much help
9734,1836,1,http bit ly lazel wow christian lacroix bankrupt sad
9735,15098,0,good day
9736,30809,1,warm soy milk amazake cocoa powder agave
9737,35262,0,enjoying happiness special day another day make best one life
9738,38873,1,theroundup sure
9739,31319,1,terrencej how s fam well hope
9740,34357,1,yaeljk k check out
9741,14239,0,new picture upload
9742,5061,0,ran eclipse mint
9743,26110,1,silent brad oh cuz id like use whole heap bitchy girl knoww
9744,1786,1,http www speedtest net result png get good download speed one else using connection
9745,39692,0,last night bad guy tried enter garden alone really got scared now feel really stupid funny
9746,16964,0,workin still lol wanted go spring game
9747,6483,0,cinderell bad luck oh well next time lucky
9748,175,1,juneyee think so want detail
9749,10320,0,attybowen arlando totally done havn e talked long time now find worth while man
9750,9266,0,im sooo sore back hurt leg weak im dehydrated go set mom furniture gay
9751,7031,1,stephaniemusic love u love mr player come visit miss u girl
9752,5746,1,honestly cannot figure twitter thing
9753,30908,1,chupachupgirl thanks
9754,36809,0,rebelraising yeah lying bed thing s bugger blocking creativity worse pinned pet cat apparently
9755,7906,0,esull great camp wish could there
9756,19298,0,called blown yet again
9757,15592,1,walked work thinking sitting bellagio time wednesday
9758,35949,1,good night everyone
9759,18003,0,gloomy outside making sad miss sun happiness
9760,14765,0,lexiloohoo sorry today s nothing fucking heartbreak
9761,29536,0,get worse every year worst oh month today
9762,29757,1,biankuh no im people pleaser
9763,4471,1,puppy shall loose um manly part today poor guy
9764,11242,0,singpolyma aaaaaaaahhhhhhhh hate internet people learn quot native widget always best quot
9765,26170,0,lot catch weekend bhr host busy busy busy http plurk com p rqpl
9766,6425,0,screw goin back bed ill go tomorrow kinda sad
9767,5386,1,kianlim snap grid realized seen iqbal day
9768,13251,0,ohh tooth hurt ohh im sad hurt
9769,5635,0,irony inventor ford mustang can t keep car http tinyurl com lpmvtk via jeffholton
9770,2178,1,lovely morning cycle work met degree office
9771,30327,1,rubydoor hi ruby u said u painting yesterday i think lose track time painting know concept subject
9772,2575,1,rain aaaaaaaaaahhhhhhhh gonna melt damn cold freakin cold brrrrrr
9773,28583,1,mollyschambrs woot go girl
9774,5308,0,gorgeous day going work allll day gotta keep telling nyc
9775,866,1,ryanhalloran not
9776,2114,0,many farewell party sad see people leaving
9777,24171,1,new super power camping place gt hr mac springleaf tower still eating fry
9778,21622,1,pretty good time work talking shit one gymnastics gils
9779,26733,0,ac broke house waiting get estimate timeframe repair bright side gonna join colab week
9780,13340,1,sleepy tired i want go practice
9781,14259,1,midtownlunch load beard papa disappeared uk
9782,14158,1,bgt little holly perform tomorrow night s final poor little mite looked terrified brave fantastic voice scared
9783,18844,0,s yes that s meant anything turn hirigana though
9784,13733,0,playing zeke leaving today
9785,20018,1,lmchugh finger crossed you
9786,2783,0,dad quot no trip lahore you quot me quot i live dc amp nyc also big target quot bummer pizza hut chicken tikka pizza
9787,28694,0,ok shopping far fun unpacking bag
9788,14205,0,darn one slipped right finger
9789,20810,1,thinking way promote indie designer benefiting moi thought indie say
9790,4719,1,oh great suppose inevitable get spammed twitter too
9791,30473,1,fynflood end magic and dream win along swaying back forth within site sleeping mommy
9792,9871,1,jzwack took forum access away fail
9793,27129,0,smell like beach job
9794,9077,1,adellecharles sorry upstate ny chilly weather really surprise you fl much better amp panhandle get hot
9795,4767,1,cia said quot the grass always greener side quot alongside overconfident january
9796,9906,1,oms aop moved away house must found way
9797,30274,1,travispoling click setting link public timeline bottom page
9798,2886,1,start tomorrow start study
9799,5269,0,rain ever go away puppy getting cabin fever like going rain
9800,6593,0,devontebrown cuz love me dont make sad
9801,23305,1,hello twitter
9802,5267,0,want go home senior
9803,11366,0,mandyyjirouxx damn call
9804,12582,1,getting ready ship care package daughter coming home summer college
9805,14679,0,http twitpic com kw besties demtrialovato there
9806,16113,0,watched bgt catch up aw felt sorry holly
9807,19158,1,blue lol http twitpic com zgz
9808,33022,1,house mus page live http bit ly egvw
9809,17082,1,melodyxxx boooo bet nice wallet
9810,32419,1,akpolegirl right over save slice
9811,24385,1,roll thursday
9812,26189,1,ive since i hate wen cant sleep gary takn nap mite
9813,27698,1,bill starr yep hawkesbury classic start windsor home said dj
9814,28026,1,want grape juice
9815,5124,1,russelldevon heap hey bout tu hit sack am here need someone tu cuddle suck wbu x
9816,2462,0,fixed favourite heel fell wear
9817,1310,0,tired summer already
9818,10322,0,wish still cornwall miss auntie s dog
9819,28671,1,going swim
9820,18615,0,jonathanrknight understands long hour
9821,137,1,miss th
9822,18540,0,computer dy soon much virus virus scanner cant find s
9823,7049,0,computer work working booo need new one tgif
9824,11725,0,havent age sorry twitter tweetdeck broken
9825,24379,1,macintoshtipz entering contest
9826,36429,1,tinkersdamn ah better enjoy
9827,15714,0,feeling good all happen today day going friend tonight
9828,24166,1,falcon link
9829,22906,1,hah finally got home
9830,33332,1,ddlovato woo twitter kind sucked without you
9831,19664,0,kat kittykat im bored untill go
9832,13497,0,staying school today
9833,14622,1,grangersmith glad know guy got safe great show tonight wish could there
9834,38819,1,good morning iï¿½m soooo tierd
9835,29949,1,jayshake internet radio thing one many forum
9836,8306,0,wimnms well miss think would really like re trina
9837,13357,0,unclerush unfair wanted watch came message saying quot this video currently available country quot
9838,6177,1,anthonyniblett pare collection portrait iwrm bangbang
9839,39445,1,randomblonde sound like
9840,20135,1,akarshsimha started using branch
9841,6406,1,wish could get sushi delivered work
9842,12920,1,twilightish really hope
9843,8678,0,reactiveretro yeah agree best aww leeaave
9844,21375,1,kristinstewart sherrieshepherd gave link brento http www brentozar com twitter give twitter tip hope help
9845,4574,0,doonytime minstrel might grab petrol station head back work delicious
9846,36237,1,good moring gonna take shower fix hair im going
9847,479,1,mousebudden i ma need follow real quick cause can t dm
9848,34029,1,lennytoups long goin sprint
9849,3811,1,missing sunshine trying stay awake hour sleep
9850,19606,1,got outta work frankie s house
9851,23736,1,burninghat clair
9852,32717,1,facebooking
9853,8591,1,dangrmous terri go
9854,39214,1,doctorwatsonsx morning
9855,29920,0,happy mother s day mm mum hope lovely day mamam
9856,4762,0,asylm yay registered lost friend
9857,6857,0,happy bunny
9858,36358,1,walkathon morning among first arrived finishing line
9859,27800,0,prchels be heard yellow light maybes put great show saturday sorry missed it chelk
9860,3138,0,writing word newsbites http plurk com p wybh
9861,21188,1,bamaloo http tinyurl com cffv thats im making dinner yummy
9862,3837,0,rain got big weather cold right
9863,32835,1,goodnight
9864,13010,0,nesitajai ur leaving week know dont see u everyday like fact ur city
9865,4917,0,andreshenriquez thanks ff shoutout you stuck extra e username tho link work
9866,39762,1,sun out believe
9867,5348,0,vcenter screwing today specifically mssql server connects to
9868,25552,0,good morning kid going back school sick day looking forward productive week happy monday
9869,14792,0,wish people stubborn sometimes
9870,532,0,willynorthpole wish
9871,36697,1,twubbing
9872,26749,1,tennealmaree haha ofcoooursee do pretty much must plus dress night jst added incentive
9873,22998,1,http tinyurl com ddmn mcfly parody chris moyles xx
9874,9224,0,robertsemma reply none fan know trust
9875,4844,0,thecubs cubby even else new matter beat dem bum chicago baseball
9876,17171,1,would get lot done could list item etsy phone everything upload pic
9877,10338,0,lisibo ooohhhhh sorry sad never noticed dollar sign oxteach
9878,4590,1,wow drive by done rapper mad kicked spiros http bit ly ikkf
9879,4373,1,fluballow itl
9880,25216,1,ruimoura took month understand avatar
9881,35561,1,bartandlife dm email addy n fwd dem ya
9882,15266,1,put ad craigslist quebec tan salad plate bird drawing area time still need more got tuesday
9883,36596,1,rhettmatic happy birthday
9884,15405,0,want go home
9885,10289,1,ready go home hr wrk
9886,459,0,went cd store search cd
9887,22410,1,littletiara haha dont ever many time
9888,26015,0,sampad till ice cream
9889,23832,1,joonian press ctrl bottom right there ky
9890,15856,0,awake wishing wasn t feel like head may explode going try go back sleep
9891,36961,1,home whoott happy mother s day madre
9892,29205,1,little bit drink actually strong anymore
9893,1911,1,weird really want harry potter bed spread pillow wish could find one gryffindor
9894,10455,0,tonight last night apartment
9895,13713,1,tried calling work time wont answer
9896,6155,0,leaving get angry teethed pulled
9897,29815,1,going ek nao meet blogger instead makati http plurk com p stnt
9898,226,0,cancel wow
9899,22144,1,getting information new korean fashion wear
9900,14652,1,watching ripley s believe eating bad choice
9901,20223,1,gawdr yeah dad call taltal taken aol back added k last name coincidence tal talk
9902,34578,1,postmodernmacro younger mine problem here
9903,21601,1,going one last cig head bed night tweeter
9904,18423,1,hi name kate addicted mm s
9905,9,0,kelcouch sorry least friday
9906,13168,1,back atl miss ny what s tonight tho let meeeee know
9907,23063,1,enjoyed country style mince mash dinner amp drowning nussdorfer herrenberg produced amp bottled germany
9908,28578,1,hello new maccy welcome new home
9909,10541,1,boreedd
9910,2456,1,want stay bed day go work instead sux
9911,6270,0,tysondueck bad
9912,20935,0,jonathanrknight without ur tweet feel lost hit something
9913,23876,1,disco end universe launch date sorted th may london http www myspace com thedjtheendoftheuniverse
9914,29605,1,domsmitherz said
9915,9197,0,ah shit chest hurt
9916,27894,1,rmbr time torned night sentosa one didnt spit quot unknown fact quot abt
9917,8655,1,lately waking sun face today
9918,17162,1,conorravo ye fare x
9919,31692,1,vivianakacreoen oh ok thnks tho adding
9920,28451,1,mariajessica yup sometimes kc raining pque la pinas not wondering
9921,16632,0,jboo there today sadness
9922,13863,1,back home hour till work
9923,3813,0,sheselectric bed sick atm been sick since yesterday hru hun
9924,4135,0,hav follower
9925,27648,1,riandawson
9926,28966,1,cleaning kitchen amp watching royal play
9927,36614,1,gabysslave haha chance tweet rubbish back
9928,24368,1,thomasapdewi always brightens quot the week quot
9929,31821,1,watching movie
9930,9385,0,got home work foot killing
9931,38070,1,bgt tourrr thh junee lt nd rowww george sampsonn lt lt
9932,27756,1,new twitter friend here say follower
9933,26529,1,karasw concur annielogue priority today s list http twitter com karasw status
9934,32085,1,shelliebr hope young in enjoyed wisdom
9935,4205,0,sweena can t charge hour then
9936,13319,0,leaving utah today super sad face
9937,6654,0,almost fell asleep hair dryer tired feel like going puke
9938,38093,1,took phogs
9939,5993,1,hatz sorry mac get oneee
9940,16545,0,mitchelmusso cant get
9941,16931,1,actually quite good considering off bed now long day tomorrow june th please come soon but soon
9942,33969,1,whitney good girl whitney
9943,19503,1,ok im good headed home look like wet dog
9944,24943,0,seoulbeats romance zero funny
9945,10287,1,cfuess making hungry bowl cereal
9946,15622,1,amhzz u get invite miss u
9947,27148,1,ppittman feeling better nothing yesterday lay around hate missed youth leader polar bear swim gotta love youth
9948,23916,1,school nothing
9949,27139,1,great cover http blip fm jqo
9950,472,0,jwray lakers baby lakers miss game tmwr work keep posted please
9951,20390,1,maxwell wow hehehe mushy mushy mode
9952,18577,1,beckyainsley
9953,25333,0,wish could take pillow school dead serious
9954,15100,0,harry baked love cassie online
9955,31178,1,watching movie sam
9956,8838,1,lordwow still waiting separate way
9957,15420,0,sad news week hospital uncle past away today r i p uncle tony
9958,11275,0,feeling really dizzy soo good
9959,242,0,sometimes wish thing could go back way beginning last summer
9960,18782,0,awkwardtown fuck already thinking show going miss broke
9961,15260,0,llcooljew poor dear fellow busty maven there gym belong to peac
9962,3017,1,need buy tablet
9963,4735,0,know rule say always point knife away you learned lesson one straight finger
9964,37301,1,blade hermit myself like stay
9965,37091,1,photo hannahisdead omg wanna read pride prejudice zombie fuckyeah zombie http tumblr com xolqywv
9966,26873,1,going to eat homework tv i know yet
9967,14174,0,fridayyyyy working
9968,20083,1,cieee cronatic potong rambuuuut
9969,7522,1,freezing raining
9970,36307,1,awalliewall mom not aunt haha uncle adopted diff adoptive story want chat sometime lmk
9971,16915,1,werewolfembry heyy
9972,36446,1,djenemyofnts nemoisback jpmizdelicious goodnite sexy twiggas
9973,18857,1,love ly need hang out
9974,8171,1,concerned pixiefish
9975,20160,1,http twitpic com jyk thelma rebeca fernanda symonds fernanda cordova
9976,37006,1,th update
9977,14442,1,xheiligsein decided probably forget pocket sit accident
9978,15956,0,vukizzle sadly corporate giant employer let get site
9979,6793,0,nikkibop even fat huh freyalynn friggin huge freak
9980,2107,0,overwhelming finally catching cousin bff since three seen year ah memory miss
9981,3891,1,hildy yikes suck tv hopefully animal wilderness harstad oslo enjoying it
9982,12543,1,season x file watch
9983,12552,0,work very soon way soon
9984,11258,0,arizonaobvious suck
9985,16737,0,feeling better today still sick
9986,744,1,playing game watching straight people hook can t leave another reason
9987,31184,1,editing photo took brother soccer game got lot work coach
9988,5093,1,go work
9989,20072,1,hank thompson ï¿½ big one got away hmm old remember this http blip fm jboh
9990,34404,1,eating
9991,21786,1,quickest way get seat london bus currently pretend sneeze loudly time
9992,102,1,oh time real
9993,1406,0,franksting yeah dry
9994,614,1,wish dave gilmour roger water would re unite pink floyd concert
9995,29220,1,r amp r fashion show kacie
9996,14306,0,iigghhtt fur geet it idc idk eh blah ugh blah idk hah um yah immboredddd ugh ill fuckitt
9997,2961,0,ncremins thats really fair mean leave like dont even give u party coming back
9998,26796,1,michellezen sound good too
9999,10795,0,fb hate try amp support local bookstore amp never need
10000,8971,0,advice you dont pressure wash foot hurt worth it really want skin foot fyi ow
10001,10141,1,assume nobody us portableapps anymore except myself case forget said earlier
10002,7002,0,saynerd ericajo grr stupid meebo disconnecting every second
10003,34717,1,elegysanft say it know it good like
10004,15924,0,http twitpic com ofz ugh gross
10005,27550,1,mrsjoke asking working movie but sure also want watch that
10006,27470,0,woke late amp trying get sh t done work
10007,12883,0,stoya limited web access thought europe lot quot connected quot were regardless fun never europe
10008,36922,1,made breakfast today happy mother s day
10009,27576,1,ronenk money good time
10010,17068,1,saraa xd tried say it seems like people facebook agree guess fail cry
10011,17768,0,fought jered death avoid wet willy got anyway q coming over bike ride
10012,25811,0,pauldoussay yes stupid girl kind
10013,26511,1,emocontrol
10014,6285,0,mynameisdon always miss out wont able commence foolishness til fall come fall visiting yay
10015,30503,1,take u eric
10016,5795,0,wethehunter sun florida it s rainy cloudy
10017,1100,0,wish sri panwa
10018,15629,0,aboresearch pleased hear it still shamed sometimes hear men
10019,17154,0,dannygokey im upset u u weekly uncle work apparently didnt know big fan am
10020,16395,0,skykemea gone going home make sad leave mall
10021,9582,0,lauriedriscoll finish twilight did wish wasnt
10022,38109,1,cherrythegreat nako umuulan pa naman anyway enjoy bike ride
10023,13774,1,radioclash ich auch zu pinkpop
10024,36684,1,grasswren hahaha maybe certain group junior hello korea world
10025,19538,1,jennahmonet jennah u tell jay said good night plz im asking nicely
10026,18598,1,graciep agree get out
10027,30543,1,aww people must color blind huh random
10028,16657,1,feel really bad crimescenevegas epic toothache wish could putting pig microwave
10029,34530,1,thinking enrolling school fashion art sofa style studio makati kikayness eto
10030,26514,1,thesomeex great that nice meet you
10031,1477,1,chicken
10032,10236,1,ellebella omg sorry anything help
10033,1472,1,lonely
10034,8000,0,argh
10035,4529,1,poetprodigy much better instant
10036,31124,0,lot decision make i need assistant cook nanny chauffer lol lol real
10037,21066,1,joined twitter stalk fav celebs weird
10038,25676,1,jpiasentin bawkmarked
10039,29892,1,going see hannah montana movie lol what dork huh
10040,35712,1,finally got see
10041,22995,0,nptnmkiii many rule expect people human pic pfft good morning welcome another monday
10042,18892,0,mattshiloh unfortunately fix work oh well lovin peoplebrowsr anyways
10043,14773,0,one call anymore
10044,39140,1,dotnetcowboy thanks even though mother cat
10045,14910,1,ipod touch brick
10046,15293,0,amillerwvu going mad got sent office sub class really bad that hear sorry
10047,18083,0,brighternoise really
10048,19228,1,redfieldwines shakenbake bit new scientist week last week watership
10049,1690,0,lil maggie okay miss tanyadenalilove im sad didnt text todayh
10050,15335,1,theamberyone would like able go one
10051,4570,0,time pack work much time twitter thank follow friday back later
10052,34089,1,and sykes lose gig gaining better one frankly best thing rightards scream this
10053,33239,1,kylieireland oh that s bringing back fond memory want to can t leave kitten i sent another pic balloon
10054,34463,1,baking cake momma
10055,9397,0,katiekilljoy wanna play tonight pout pout side face
10056,15366,0,bummed out i even one testimonial flickr
10057,10482,0,wishing could go town weekend
10058,13738,1,there s one thing hate friend dat move skl forget yuu
10059,19494,1,def isn t even feel like without pic next tweet
10060,28572,1,im twitter mobile confusin lol im knda slow
10061,10188,0,ugh know u even care nicole richie c missed tv last nite despite twitter jennortigoza
10062,30206,1,mkinmotion trying make feel home
10063,14658,1,dangeradamjonas saw facebook live chat answer question next time
10064,8798,1,captain yavanna too everywhere
10065,6878,1,eat home made indian food boak x
10066,13446,0,im watching tv home wishing could get chicken shish delivered go enough penny
10067,8548,0,smartie that s good day
10068,15512,1,bingofuel lil old mac thing and never charge again
10069,270,0,mum trying make feel ebtter stopping voting adn winning shortstack almost cried
10070,17282,0,dann vega misconnected next flight midway tonight hotel w o undies
10071,11935,0,zacofficial twitter phone sad
10072,5250,0,oh poop stupid twitter let put new picture
10073,27051,1,dont tell burnsy comparison rocky mountain mountain enlgland
10074,18991,1,wife kid made san antonio almost corpus praying safety rest way guess watch game alone
10075,7760,0,goodbye hurt
10076,11830,1,rhchestnut guess ol tom another mission impossible like trying prove innocence get hugged
10077,11291,1,rosaliiinda practicing piano ima wash whip later it muggt
10078,12527,1,boa tarde chegay
10079,36427,1,giladby rural thailand considered posh
10080,18798,0,old pub kickin time whey late stinkered got cub tomorrow gonna suffer
10081,10406,0,prom tonight bad im going
10082,35264,1,scott guy good night lt
10083,3110,0,nooo ill must paracetamol nice weather today though
10084,26687,1,didactylos aha well ashington going back old school sept become northumberland c e academy
10085,36050,1,wot nice suggestion thanks
10086,28162,1,jasonsobel since part job predicting happen golf course going shoot
10087,17198,0,definitely working sunday afternoon late evening
10088,24527,1,aussiecynic mostly going work update twilight blog basically that s life sleeptime you
10089,17079,1,itschristablack aaaa cant go pagee really exist
10090,19697,0,bgoldy sitting traffic trying escape campus feeling hellish
10091,15302,1,kristianinicole left home http myloc me cn
10092,24421,1,jawshe start june
10093,39909,0,ssisch hmmm sisch amp sound design say soon mean week
10094,16913,0,narrated kool it s job blame
10095,27128,0,dae man suck feel pain local buy cup coffee
10096,11043,0,birthdaytwin that s depressing
10097,27022,1,desireit oh yeah love choregoraphy pant not much
10098,11373,1,rolyseal oh il probs wt every yaer watch first one watch last couple week lol
10099,33853,1,captain janeway ooc goodnight
10100,17191,1,ericaglass flo one backup wife case renae get abducted alien russian flo s pregnant change thing
10101,2905,1,hmm buysellads following think declined thehodge co uk inclusion network
10102,31163,1,mrskutcher nice clutch
10103,8266,1,dmv
10104,6835,0,forgive hurting one love most
10105,11476,0,friend s son got visit daddy yr denied cuz daddy lost job amp could pay ton support kid want parent
10106,16043,0,seems really quiet tonight am jealous clearly exciting life bed think
10107,26149,1,work boo pin ups playing uncommon ground wednesday night p m w devon ave chicago
10108,11846,0,dane cook sport arena tonight wish ticket
10109,19396,0,friday i nothing sad
10110,30229,1,mikaylaap hey get info graduation think mom s gonna let go cp guy still wanna go
10111,21409,1,hee hallo questredactie
10112,20913,0,aw wish ireland neilhimself
10113,2491,1,sophiaff word always
10114,26561,1,class back hour
10115,10645,0,know saying fuck it i m horny hell http twurl nl qcjc
10116,33797,1,sirreigns designing
10117,1719,0,early
10118,27177,0,hate waking early need make hr pharmacy class gt sighhh news breakfast time
10119,36019,1,finished ironing clothes church gonna walk dog grab shower shave jottonia look good
10120,22228,1,wolverine bit short waiting cat get dressed york day
10121,507,1,back work distraction
10122,25217,1,rebecca leigh thank you trying stay positive head space keep pushing all how s thing end
10123,17767,1,shangstavic ill come shop like hour need get pedicure dont time today probably next week tho
10124,8391,0,sooooooooo funny move computer computer render draw come on revit autocad never bad
10125,26890,0,vivyouell got me that s obviously going wrong
10126,26056,0,stormb part surrey either feeling quite bit nippy must say afternoon
10127,37916,1,f hour guess sleepin living room
10128,12129,1,back lunch remembered join daily recap jb
10129,11080,0,screwed sat u
10130,13729,1,office craving ice cream
10131,19491,1,calilewis welcome back bay area call you wish could meet ya meetup working gig
10132,1575,1,shame gotto go work
10133,38233,0,emilyhall awww bless indeed coming day woooo you
10134,34487,1,chick cole hit me haha ran cousin
10135,4894,1,yoga tonight going try pilate let see many un used muscle discover
10136,14702,0,leirastorm that s sucky miss on
10137,16204,0,lonejohnny awwww waiting then hope rain
10138,17789,1,sold
10139,10213,0,majorspoilers majorspoilers com problem cannot get site working
10140,11700,1,iamfrances nope home went soon
10141,29025,1,ftskim both girl guy
10142,37321,1,crash grilled chicken breast w reefried bean gnite twitties
10143,17517,0,ladylogan wish could but work on
10144,17644,1,hate dryer
10145,3447,1,signed broadband today could take week
10146,14690,0,sick tired rain
10147,25539,1,jkreeftmeijer turn bird sound like twitterena check setting home page
10148,29185,1,sweet going publicly available
10149,4772,0,overslept extra sleep nice play havoc day to do list
10150,36149,1,watching movie book report im lazy read
10151,36285,1,kevinpollak penguin win ot probably busy one game win
10152,20168,0,allankent andywalton oo oo must compete let login work email see top
10153,834,1,ddlovato since obviously living alaska radio station get here
10154,780,1,curligirl morning hon breakfast cant decide
10155,37152,1,joshtastic thanks trying
10156,37342,1,trip zoo today
10157,27130,1,matreesuk mac believe regret
10158,3864,1,academy rector ton tutor look like way go since good trix draw engine mana accel gone
10159,37676,1,starting twitter
10160,11645,1,found contact form dubbed spam forwarding properly checked legit contact anyway double
10161,37187,0,hitting sack now fellow twitterheads so treating mom today
10162,17135,0,springwestend cant believe closing moro ive never chance see show good luck everyone star
10163,9636,1,dleroux still light still think mine too
10164,10174,0,qdakid q dont get love anymore
10165,18306,1,month end still stuck office waiting straggler get s t together
10166,20876,1,willcarling who s going win heineken cup need know not bet
10167,5284,0,cry hard
10168,30599,1,want hug
10169,35778,1,tradinggoddess ok oops sorry
10170,26060,1,adrianspencer mouse attic clog dance
10171,2356,1,people missing point here instead god loosing follower gaining new ppl hour
10172,12548,1,yah
10173,18233,0,selenagomez come back canada soon miss you
10174,18206,0,aleesha s piggy died can t catch fucking break man
10175,22649,1,hannah slept last night gave bottle went right back sleep up lol
10176,6985,1,portuguese national library could use also right seem stuck somewhere circa example http u nu y
10177,15,0,storm electricity gone
10178,26434,1,http twitpic com jhp waitin tell what s plan
10179,4401,1,baby going first sleepover tonight gonna need lot wine get today
10180,11686,1,faeriedtreasure used live ocean shoulda gone beach often
10181,517,1,time go bed get go work
10182,17242,0,mitchelmusso really want talk mitch live indonesia cant call least give shoutout please
10183,14095,1,always last one office especially friday
10184,35853,1,dbgrady shop smart shop mart
10185,8134,1,kirbywhitehead haha remember that trip fun miss miss miss miss miss chu
10186,18956,0,arm hurt
10187,3748,0,wish could sleep past four a m night good morning
10188,29911,1,back ny just ahead rain
10189,2119,0,sleepy feeling weather ugh damn tonsil need company somebody talk too
10190,6741,0,also think talking now okay need get bed btw miss brother
10191,28276,1,ugh final exam today ready summer start
10192,19371,1,finishing washing dish
10193,15014,0,jenhp bummer get book signed sigh
10194,13110,0,got really sick today text later nap time
10195,17972,0,wish cali wit mari nd lupita seeing vfc fair
10196,17419,1,ohcea nope
10197,14798,1,bronques oh message probably
10198,9298,0,hungry can t eat anything right tongue hurt bad
10199,11784,0,sunbathe today look like lobster feel like someone burning alive
10200,34457,1,shirkinerd thanks shir got caught commission get amazon com gift certificate take one
10201,12104,0,profitable day looking forward sunday gonna great day sad too th grader last day
10202,29281,1,gonna go watch jackson s band play going band party
10203,1149,1,swine flu robina gold coast
10204,18410,0,stay home wife take daughter friend tokyo steak house sadly body cooperating today
10205,6664,1,said effed nose
10206,9157,0,itsonlytuesday would working today
10207,37582,1,yeh merch shopping look fab
10208,16767,0,corona bad craving mexican pastry go uptown get
10209,23841,1,ashhh x else loveee
10210,10879,1,raining hard
10211,1473,1,rooting betty
10212,18610,1,lil sister graduation they grow quick
10213,30153,1,shannonelizab dont ya know people love human society
10214,21334,0,ginger biscuit rule by way urgently need weight scale
10215,12387,1,wilw remember day big fan wesley really felt youngster dealing that won
10216,29455,0,wondering misery look like look face cub fan miller park tonite sorry chicago friend tonight night
10217,29293,1,going brother s wedding princeton nj next sat buy navy blue sport coat gray pant total goodwill
10218,3172,1,http twitpic com hh happened installing office mac badmicrosoft
10219,17450,0,hungry if arm core diet would eat it guess wait dinner ready
10220,38856,1,working hard maybe thats hardly working
10221,21607,1,inkophile weekend like almost always end quot one week quot
10222,6566,0,izzyj is here oh hun sorry everything through last thing deserve unhappy home
10223,8145,1,twitter slow
10224,19784,0,miss home farm
10225,32566,1,goodnight goodbye
10226,24643,1,one interlock one go
10227,8805,1,thequeenoffree actually need cleaning house
10228,37135,1,might buy ipod apps later hmmm
10229,13934,1,full even eaten meal yet
10230,8271,0,want ben jerry lol tweet people im bored
10231,2913,0,codemonkeyism attempt somehow extend inner class would close closure can t find ref atm
10232,15155,0,headache
10233,32081,0,ninnifur anima call combo sometimes work pizza sometimes not pump use again
10234,24160,1,rearry rip youd never guess ate
10235,13178,0,lula feeling well http tinyurl com mkcsq
10236,29376,1,jubileehr wife s teacher spend lot time indoors trying take stress admin may writing often
10237,35108,1,so picked chris botti s live boston cd listening driving home tonight moon want end
10238,31179,1,chrismelly hey chris met ai line back march neither u got in haha sure remember what s up
10239,29834,1,misssarabee haha breakfast fix w large cwoffee
10240,10206,1,done spa meeting vic late lunch
10241,11974,1,headache
10242,4445,0,capplegate still sad samantha who
10243,15487,1,bayareabites best vanilla memory sharffenberger factory gift shop sure get now
10244,36827,1,tyseale mark twain quote spot on cat bugger come crime handy time
10245,39268,1,ljrich hello requested
10246,5032,0,omarjdavis lolol i trying morning sadly couldnt
10247,265,1,driving back home forgot piece cake v era
10248,12282,1,vyzion following let dm
10249,2131,0,notmywords yup unfortunately took today work slept day
10250,1852,0,feeling great today
10251,18612,0,macbook pro sitting close poor macbook ashamed plastic face side
10252,31795,1,got ipod touch downloading apps now
10253,3620,0,redbaff popcorn fruitcake now but chocolate
10254,2808,1,ontrich yes
10255,1047,0,ache amp chill joined party cold go away get worse
10256,35052,1,good morning
10257,26608,0,going bed pain fell shoulder today good night
10258,16008,1,ewww exam next week dont think ahhhhhhhhhhhhhh
10259,7479,0,steffisticated recorded sent people obviously meant get there didn t feel bad
10260,26478,1,broadwaymanor long way sea unless came gloucester dock
10261,24601,1,waking ungodly hour go work starting get old least coffee good
10262,22984,1,lazy day alcoholic wk end
10263,21575,1,gnight shar lt lt vega gt gt
10264,16244,0,hey thomas drinking game tonight i work till tomorrow
10265,23586,1,wack friend raiding kitchen rene love bound badluck debbie psycho korean friend lt
10266,9135,1,jackieamodeo weird trigger definitely ask monday dude shitty
10267,37847,1,jequalo tweeten maar
10268,11812,0,im tired bored sad what great evening
10269,11555,0,back garden time foot hurt
10270,10417,1,cloudconnected actually think na release date confirmed september bit wait
10271,32109,0,jlskowro jennsquared wait recipe simply recipe sorries
10272,34443,1,damn nig s me get this quot not without check quot lmfao
10273,32429,1,going freo today mother
10274,39404,1,shopping keswick
10275,22372,1,think malibu drink let hit bottle woop woop xx
10276,10228,0,mtupyro feel bad got foad promotion too
10277,27313,1,shiyet umulan din
10278,13048,1,britain s got torture edelcries
10279,7120,0,jonkragel sick like day now
10280,16175,1,last weekend dallas awhile
10281,4324,1,strike one three out
10282,8581,0,jewelinthesky able create itunes acct longer redeem kris allen album note said got canceled
10283,18234,0,writeinink sure talk the fabulous sex part though sorry dear
10284,7671,1,charlieskies vid wont play x
10285,26073,1,bath time
10286,23861,1,foolywang hope too you
10287,3102,1,jemistryteam demi ever replied you coz got any
10288,10509,1,shower head broke shower shot straight head may get welt later
10289,18432,0,either always train work
10290,21735,1,jumpstart wotd jape qq comppetitive overcompetitive competitive all write response here
10291,25563,0,magmaflow yet early
10292,21704,1,jadoon imhassan roflmao funny web portal d
10293,37401,1,http twitpic com wqyn see twittering
10294,26169,0,computer alllllllllllllllll day
10295,24610,0,going work than ill home im going look camera since must lost house everyone wonderful day
10296,32852,1,sleep making breakfast mommy
10297,27844,1,decided boot vista month hiatus spent two hour updating forgot original reason booting vista gave
10298,13664,1,dchi sadly stanley steemer number
10299,30954,1,joyknows u see
10300,15108,0,sookiebontemps ooc thanks ugh what bad bad day had damn twitter
10301,3653,0,feeling stressed strung out awake am mind buzzing mr dr talking
10302,24034,1,distracteded fb chat yay
10303,6506,1,lack plan tonight anyone going out
10304,39417,0,back leg kill yesterday big old leak kitchen look like staying pjs day infront tv
10305,30048,1,ikovannoy seperate yum together gross sounding
10306,15478,1,ajag lol well make sure website work ie region even ie adsense preview tool ie reason
10307,2757,1,alexalltimelow get back tokyo man we miss you
10308,13025,1,ugh th hour
10309,3662,0,can t believe er
10310,31232,1,jorincowley see guess must lot hawk fan texas twitter
10311,31318,1,watching body lie good film
10312,17311,1,debating whether go bed start reading last harry potter book even though soon start reading it wanna stop
10313,6121,0,annieareyouohk no annoying make u girl follow sport knowledgable look dumb
10314,2184,0,helloinsightful cereal doesnt come toy anymore jus thinkin buyin wrong kind say aint mo
10315,17770,0,katrchrdsn without whipped topping shortcake shortcakefail
10316,16527,0,learn today never post anything sold ebay using royal mail lose it refund compo s nowhere near bad
10317,11805,1,dhsmith comfortable announcement
10318,16716,0,sad show mcfly nesse exato momento e eu aqui
10319,19676,1,hosarah really wish could
10320,10552,0,laydieluck damn real sorry hear
10321,22438,1,man kickin top hat left invited blue jam session put street musician harpmanhatter
10322,13155,1,writing first quot showstopper quot entry lost hour work due server issue
10323,18022,0,serenity fair
10324,23869,1,photosbylee chicken chip
10325,11502,1,leaving cali wanna stay longer t t
10326,31208,1,phone mum http tinyurl com otdnu
10327,16031,1,early up wish could sleep today
10328,30023,1,grabrielrossi one sportv connect righ way
10329,13059,0,taurenlegend kind hard see pic doggie pic exist
10330,12645,1,tommcfly remember spok
10331,19292,0,burning tongue ton soup
10332,5181,1,went kerri locker last time
10333,2455,0,mad im going missing maine tomorrow take effing day fly florida
10334,28660,1,well think getting call anytime soon painting nail
10335,2699,1,iminditch yesh potato guy online he live
10336,30888,1,debessence lol yes wa totally agree blog well
10337,8952,1,actual gonna need new job want
10338,18807,1,think might throw up could eat half ice cream cone http twitpic com ybk
10339,13778,0,arrived safely san fran disgraced report tossed cooky seems longer constitution flying
10340,29855,1,sugarjones re garyvee quot lost quot comment oh yes classic free time fo sho
10341,17646,0,himoverthere awww poor leg sends virtual hug x
10342,10935,1,dai bach suggest pta alert pta generally stand parent teacher association u amp might confuse tweeps
10343,17849,1,okay one ear popped know everything sound like everything reall loud
10344,30609,1,feliciaday laundry tonight too guess admit paved way
10345,12143,0,blackberry s got fatty battery guess kinda boat huh laurensanchez
10346,20640,1,playing around amp amp fun little kid right hahahahaha
10347,39731,1,quot you said quot darling happened fall asleep carry home cuz know here quot quot goodnight twitterererers
10348,32317,1,msmissy two going visit someone
10349,12058,0,tmg tried help
10350,6752,1,giver life reward taker giver make taker possible get appreciation do we get taken
10351,1578,0,fell asleep waiting ride
10352,26044,1,schwammy lol based last post then plan using reference
10353,6050,0,tired sad
10354,10629,0,babystowz yea feel like im bein ignored
10355,10201,1,twinnadryl ï¿½ï¿½ ï¿½ï¿½ bet man wish coulda went whr even go here home weekend nyt life sux
10356,19884,1,hanging wit family kinda boredd reading eclipse missing godfather
10357,38773,1,sunday sunshine track http blip fm zcg
10358,808,1,erica yea tough keep going sometimes sure worth it
10359,17635,1,want go home
10360,39091,1,khtemplar son get vote today coz grown loving caring soul full man love mum
10361,10937,1,home getting ready back work monday maternity leaf
10362,3213,1,karess feel bad too especially na ngayon pa siya nagrerehab siya all wrong timing still maybe coming
10363,37520,0,sorry gpgmail
10364,21994,1,g day johnathonbusack thanx following
10365,33763,1,iamjonathancook here s quote ya jesus built bridge board nail
10366,14543,1,fair tonight rain
10367,12109,0,still freakin missing game jonasnewsongs
10368,7087,0,pilarlovesyou love you leave me
10369,27653,1,neighborhood research today day and little bit shopping
10370,13931,0,misscokasplash yay missed naptime
10371,9284,0,eddievedder luck u coming detroit luckily seeing u crew chicago
10372,8449,1,live version much better http blip fm my
10373,33340,1,mind abuzz re advertising industry standard hate like math ok
10374,34438,1,stevepizzati go campos missendon road newtown ask ben discover great coffee
10375,18096,1,still cant figure twitter thing phone dont iphone
10376,16729,0,daniellefecci quot you guy could fun cardboard box quot miss already bro
10377,25581,0,shanelapoint hey hunnie u miss talkin u ty follow
10378,5143,0,someone stole new laptop airport even used it guess u economy breeding new set quot opportinists quot
10379,12504,1,darkdevilm what s wrong
10380,12423,1,need something do ah gonna go ice cream water plant get ready softball plan
10381,3729,0,ahh yes obligation vampire kept away twitter but back amp try update much possible i lost donor
10382,10016,0,clintonsparks told u tried said late cause girl took ever get ready wanted meet
10383,2578,1,say stock
10384,6761,0,saxa ive trying get year hard move on youre love it suck
10385,7221,1,im craving cinnamon toast crunch cold today
10386,6056,0,yurges loadsa shizze happend im upset
10387,14689,0,honorsociety like butttt going august th concert hurt feeler
10388,31905,0,danni haha that s stupid thing still getting gt
10389,22234,1,captainwalker never seen x men film supposed good thought not
10390,29360,0,causing trouble partner crime
10391,17572,0,found quot friend quot isnt actually hey shit happens
10392,31402,1,hismuse sent message
10393,1601,0,disappointment really suck getting used it
10394,18641,0,thank google adsense payment aussie dollar strong
10395,18530,1,work hour
10396,853,0,feel like crap whenever lay down hate heartburn amp backache
10397,30632,0,ugh wish school year would go faster move life
10398,25006,1,people arnt brainy well really teacher put powerpoint book help alot
10399,14163,0,guess go back scrape oven now blerg
10400,18845,1,finger pregnant
10401,1859,0,ever come across something reminds alot one person completely broke heart cause
10402,8003,0,possibly going tonight anything lancaster miss baltimore
10403,9750,0,sunilsebastian still lot time stupid contract month change provider
10404,22063,1,hello everybody back job back child camp someone look si pupil totally exhausted
10405,20556,1,tytel neatza pe plantatie usual
10406,859,1,give point
10407,30328,1,sueleebaybee audiotistic sneak little butt
10408,25415,1,watching good morning america
10409,16574,0,feel like drinking wine any
10410,22576,1,podipada munch away dear watson munch away
10411,34657,1,dr jared thought u man city parade too threw first pitch brewer game miller park too
10412,29690,1,home
10413,38150,1,mother s day cherrylolita thatï¿½s true bad didnï¿½t check thank http tumblr com xxvqzge
10414,4965,1,arulnick tried use import export contact saved locally outlook thanks though
10415,22519,0,dutchess sad film still fave
10416,28394,1,madnilk thank btw u re wondering check quot fuel quot brand fuelbrandgroup
10417,33815,1,http bit ly tgvr via addthis thank tiff
10418,8259,0,oh no poor bear nightmare wrestled huge snake
10419,14127,0,im going bed dnt feel well always
10420,10074,0,jaredpadalecki season that s it sorry noticed ur previous update si gonna happy
10421,28016,0,missdeeeee encourage me got year stuff regret
10422,10673,0,msn none on
10423,18976,1,irgxana know kittie professional
10424,2463,1,dizzy wanna lie die calorie gonna balk ignore them
10425,9612,0,eraticschematic pretty bored
10426,13649,1,want watch movie quot up quot one want watch
10427,19648,1,tired driving really could use chauffeur
10428,13282,0,barg posted gmod birthday see it
10429,14142,1,robotadam hoping could drop vim vim macvim could share
10430,32035,1,want wish mommy s happy mother day
10431,6652,1,going third
10432,12351,1,lynsay mine wont turn
10433,9820,0,stupid net think mum broke it again
10434,25199,1,today start grooming academy wish luck
10435,5884,0,lifeasiceyit yessum see year go maybe head back oct rate go down wanted go bday
10436,32953,1,drinking cup ice chocolate
10437,16794,0,smell pancake or maybe toast something delicious one place cooking
10438,26385,1,talkingwithtami morning m tammie fam looked adorable family circle bought amp like quot see honey talked her quot lol
10439,4010,0,xkaraxcupcakex sorry sad
10440,1920,0,stupid weather
10441,32215,1,got caught rain people now probably gunna watch smallville till fall asleep
10442,15451,1,tried put iron book bag burnt bag iron lol buzz keep making fun bastard lol
10443,22987,1,iholleeee well
10444,36219,1,http twitpic com wpl
10445,14464,0,drs
10446,21235,1,joe donut ah good deal hope find new music
10447,6899,0,oh check stock port marketing unable buy ticon best price
10448,30381,1,msmyphone need code
10449,11241,0,work starving
10450,24498,1,everyone here party
10451,23378,1,found decently priced breakfast yet hope davidarchie
10452,29395,1,download backseat goodbye s latest album free http freecd backseatgoodbye com
10453,25428,1,docdolly plurk account too
10454,6028,1,wish could special someone
10455,32888,1,myshellmeishel icky bitch piss off sooo glad arent icky bitch
10456,16985,1,can t find camera
10457,18160,0,regret going movie audition today seems like neighbor gonna get call back http myloc me rk
10458,31046,1,lt c b mother day tomorrow
10459,6929,0,redhalo pax goddamn fucking suck hug
10460,16360,0,honeyfaery that kat begged mum lt get attic wont let waaa yes spoilt hehe
10461,14468,1,get band leadership position
10462,26852,1,foxandfriends hope feel better soon
10463,10839,0,helped save runaway dog want friend though
10464,25820,0,janegoth ha however got gardening something eternally pleased
10465,18237,0,natsolovelyx knowww yur mother bitch want take movie bitch
10466,25441,1,goebicyu thank much follow re followed also
10467,36388,1,thefurking robertd twicer ty well
10468,15885,0,jus chillin doin hr friday afternoon tend end quot busy quot
10469,6007,1,going home get clothes
10470,16242,1,nievesteve know
10471,27476,1,jimawerner south philly passyunk square area closer two street
10472,29921,1,whoooooo gettin extra hour today afterwards gonna see get marigold mum
10473,38503,1,up slightly later planned gunna get essay done day
10474,30298,1,juicystar think hannah
10475,5137,1,hoezay x trueee
10476,30506,1,ethereal try it way deena
10477,12722,1,simplecake bye
10478,38473,1,happy mother s day mother including mom to be mom legged kid
10479,34094,1,maitreya bobby s bday yay
10480,31432,1,made christian bale laugh today i told man crush anymore post fun interview very soon
10481,6663,1,dlanham hey way u make somatic theme leopard theme installers already shapeshifter independent
10482,17822,0,ugh report monday
10483,8630,0,bowwow hey going viewable uk time broke heart play last one haha
10484,3990,1,starting day a long friday
10485,10372,1,tuesdayknight oh no u hit up family emergency lil delay can t wait see
10486,7684,0,omg got sleep again neighbor building deck amp starting am tired feel like took benadryl
10487,20003,1,dby lol thats kind im eating
10488,27573,0,sln lie fav song alone room rd floor
10489,17202,0,really want see up one want go
10490,1263,0,cant sleep again couldnt sleep last night eather wabble wabble
10491,24855,1,studying exam boring
10492,36914,1,yomissb problemo family guy
10493,9994,1,driver ed dance
10494,8169,1,pool still closed cloudy cook tonight
10495,37631,0,chris pine zachary quinto leonard nimoy snl tonight quite possibly fun geeking long time
10496,18195,1,hothusband winter snow
10497,36192,1,waiting picked up aston morning
10498,9048,1,dysonrules make smite you yeah micolerose yeah really doe cuties
10499,1202,1,salamandroid properly dragged week
10500,12871,1,gotta sleeep tired good night tweeps
10501,19161,0,way work kinda sad
10502,29523,1,ixtumea like name kind get
10503,1068,1,isagoksu http yfrog com zip nothing
10504,36659,1,andcasey sweet make sure put bag
10505,2497,0,joelmadden applaud accepting gay marriage rels born hate it
10506,3957,1,work out actual work
10507,23366,1,beverleyknight really ur brave lady walkin around lion then book suggestion
10508,4625,1,emilyenfrance oooo look got pic much swimming today
10509,38291,1,emjhoistarr hello new follower lang po tweet meet you
10510,2645,1,horrible sleep rather bad mood
10511,6898,1,also proof number life imaginary boyfriend named vince sad friend encourage so
10512,14618,1,mali marl nah got bare work do week left bare behind
10513,20558,1,nomek new van nice one
10514,22479,1,byronicman gf interview week
10515,38924,1,family party
10516,12698,0,dorkus well gonna fit big long advertisement
10517,32707,0,sparkin sorry missed farm today dm would like photo today
10518,1870,0,branwen better today yesterday really hard still unbelievable miss him too probably always will
10519,20566,1,missbossy yeah that s used initial flickr account
10520,11564,0,phone dead charger mile away t s r talk august
10521,38765,1,wychbury song called toothpaste kiss quite liked
10522,38543,1,johnfoliot think need oil change wash wax every
10523,1400,0,madeleinelaurin why cat pain
10524,10875,0,feelin lonely spendin last hour friend
10525,35347,1,car drove past house blasting celine dion s quot it s coming back now quot
10526,16704,0,im dreamin loud cant mine know
10527,19613,0,tummy hurt
10528,17378,0,tired but can t go bed yet
10529,17130,0,sad twit going miss epiphanygirl musiq soulchild anthony hamilton ugggghhhh love them
10530,10137,0,danisometimes sadness could hang feel less apathetic
10531,17244,0,miss baby hateeeeee
10532,23303,1,sylvied school trip phuket thailand living singapore
10533,1998,0,ouch epic bruise toe lump ankle bad time
10534,11869,0,miss nipissing pita good thing got euphoria barrie cause would never survive summer without pita smoothy
10535,13099,1,pro if fi
10536,12830,1,office friday evening
10537,8,0,charviray charlene love miss
10538,7428,1,joelyuk think florida s heat much reluctantly take place
10539,14043,0,weekend bought lost odyssey yay however rrod ed second time
10540,7639,0,danielfielding yeah totally suck hate able breathe thanks ff
10541,28806,0,va weekend youngest son turn tomorrow it make kinda sad getting big check twipics
10542,6031,0,omfg head
10543,9484,1,give year old golden retriever away another family today sad http bit ly sd
10544,37412,1,well hello twitter
10545,11633,1,suzzyqotstyle chick
10546,25663,1,morning tweet tweet
10547,18462,1,rmwiley feel girl
10548,15829,1,watching southpark another minute
10549,15429,1,feeling tierd much college work
10550,2642,0,good drank jager licked hot asian girl s foot bad reminded never get asian girl ever
10551,31098,1,yard house
10552,1240,0,kesoleil oh man yogg today worse last week
10553,9288,0,jovialhoney guy adopt me yall always fun stuff y all take trip miami go arkansas
10554,32918,1,jefferycjordan thanks night
10555,10145,0,need hater ball today like dave chappelle man miss day comedy central new episode
10556,1934,1,ammaryasir link need go laptop sigh
10557,26552,1,utterlyterrific hey what s up
10558,29258,1,ahhhh calm storm quiet night everyone happy mother day applies
10559,14554,1,potdeyahourt putain
10560,37395,1,watching d o a
10561,23904,1,keino sao b o l c th em m i xem xong hostel h
10562,16233,0,phxphoto kidding there ugh one thing know sure showing property weekend
10563,14711,1,know ur dog getting old sits eat poor hilly please grow
10564,23239,0,fotowala nice book ready reckoner new stuff next time there
10565,28938,1,rockdrool second wife what
10566,10950,0,jflutie u never sent carrie ur asshole asshole miss
10567,20161,1,misspretty thank u u kno ppl already look chest ne way might well give somethng throw off lol
10568,16333,0,hot texas ac upstairs broken really hot house
10569,33320,1,whyinthehell yoko ono ben lee http lala com zad easy
10570,5737,1,venus french open
10571,34384,1,davidyoumans happy birthday david
10572,11636,1,cloudconnected talk ty time xbl sure could manage
10573,34436,0,britneyspears record still saddest thing watch quot i m gonna go life like karate kid quot and i
10574,19623,1,cant get onto twitter internet
10575,7179,1,kuhlizzle cant even call nigga man bitch bogus shit yah digg
10576,13875,0,got bad headache
10577,17136,0,first sport banquet without katie
10578,21783,1,tottie yeah also partial jt ti dead gone pink s sobre
10579,28049,1,juliemae pano yan di na ako student technically
10580,37744,1,happy mother day
10581,4407,1,fluballow mean
10582,14682,1,gymnastics time last night teaching friday evening class new summer schedule start next week
10583,1144,1,geoffcomma fair
10584,6807,1,cleaning house family comming later today
10585,14288,1,atkailash know
10586,13796,1,people eight year junior can t understand reference
10587,17675,0,whatever give up phone die anyway next time
10588,18050,0,ivansharris hey go last night expecting see broadway
10589,35253,1,joelmadden long take learn song
10590,18575,1,drunk messi scare me honest
10591,19917,0,know told didnt want stay home lied really want stay home
10592,30720,1,michaelqtodd read status update amp wanted b sure follow list hope u r wondefl wkend michael blessing
10593,1762,0,lmhustlelife shit none yea last weekend crazy think partied hard thats im sic
10594,34138,0,addicted home
10595,3316,1,tired
10596,28377,0,t rothlisberger that s fucking awesome bookmark
10597,304,0,maczombierawr wish left dead first need something play on
10598,19163,0,chillin break eatin grub pretty burnt eventful day wanting go movie ian happening though
10599,7339,0,damn stephane even feel sorry me work
10600,4009,0,never get followfridays
10601,29703,1,walnut high school prom becca
10602,9856,1,devonstebnicki wow sound way stressful job thought continuing edu making move
10603,18315,1,got slow cooker going get ready work
10604,36640,1,thisisryanross picture ross
10605,9503,0,disappointed forgot tweet something really inappropriate graphicphantom yelled whole food yesterday amp can t remember it
10606,6643,0,earthlink say modem dead want buy new one sign one year contract argh
10607,4547,1,b sorensen lost please help find good home
10608,13422,0,tromboneforhire zune hd e mean game zune hd like dreamed
10609,1225,0,chuybe left first left bed look
10610,16478,1,urbanfly well truly home still working
10611,14407,1,scary cape guy
10612,4335,1,look like might rain
10613,26839,1,case wonder really busy today coming adding ton new blog update stay tuned
10614,20594,1,ajab chizi shode blog am x che axayi ke migiram man
10615,8312,1,teeshirt faaar small like much stop wearing
10616,8137,1,say impossible plurk work system administrator closed access firew http plurk com p xjw
10617,39885,1,rockeye well did put good inning sweared brother law wa fine form
10618,14941,1,dummerboyk psh didn t even pay though
10619,7240,1,done exam now focusing summer school dayuumm life s hard
10620,2246,1,lunch pm
10621,27594,1,want new hair now frank talk
10622,374,1,peep still here fun time gotta sleep tho work a m cool hot chick here none cool missing
10623,23824,1,arviena hahaha come judge need brutal honesty
10624,12458,0,rpulse clicked check picture angelina went spam site ordering check go figure
10625,1538,1,hangover
10626,38768,1,brianna liked braid guess whole relationship story metaphor for sure hell not confused
10627,1325,0,mom asking feeling better dargah visit dad swears see ve quot change quot amused yeah still depressed
10628,35013,1,sloanfinley totally would house lived
10629,613,1,giggle xo dang it certain okay
10630,8396,0,peep coming chi twn today weekend hang w dont time always workin
10631,38998,1,made video
10632,2452,1,mogeezie u ever jus fell like damn jus want cake n lay next ur baby watch movie chill freak night
10633,28457,1,working vacation thailand getting excited every day
10634,8458,1,clipperprincess made page yet work
10635,2473,1,almost lost phone silly indy
10636,28336,1,first day research edmonton general
10637,5311,0,quot i think breaking heart trying keep together falling apart quot
10638,24133,1,brianneudorff good morning since am quiet you
10639,18045,1,think time leacing
10640,20258,1,andyp tip someone made flight control
10641,18874,0,upset friday night cry
10642,30522,1,amyxstftk bahaha loook like kung fu panda wake morning
10643,11297,0,agesthegreat ii either
10644,18885,0,trying fix sister s ipod phoenix tomorrow morning am hopefully actually get play tournament stupid fence
10645,36727,1,en route minnebron cell reception notoriously unreliable tweet again great day yall
10646,22699,1,sxcgill yay finally get trip away home again exciting going shop bit
10647,19635,0,mannnn aint music working
10648,30326,1,tranceasleep could get easton could join u
10649,36073,1,lisaaaa twitpic it wanna see
10650,13810,1,mcraddictal
10651,23194,1,helping karenegge making twitter account
10652,17234,1,mitchelmusso http twitpic com swx haha wish could call cant talk cause im sick lost voice
10653,11936,1,want someone come take picture one
10654,461,0,miss mom quot may angel lead in quot
10655,8210,1,last day adobe buuuut registered online tech writing course
10656,14495,0,back freaking homework
10657,28180,1,work work work finally sick though
10658,21882,1,http twitpic com jbq
10659,8443,0,hate everything seafood esp smell happened serve lobster chow hall noooowww gotta headache ugh smh
10660,4032,0,dwhelan wondered rake to client made clear net only force devs learn new lang agile ccnet
10661,16940,0,hubby went pick fringe comic today store work store business too comix houston web
10662,2423,0,displayspook damn missed
10663,8463,0,danger sky miss is i never want come home seriously
10664,36125,1,sabrinadee paint it like u ur hair
10665,19778,1,christinafaith worst
10666,23182,1,iphone nano iphone shuffle http tinyurl com dcjbk surprise really happens
10667,39883,1,obama last night quot most covered me voted me apology fox table quot http bit ly bgcnw
10668,29083,1,quot patchouli oil amp incense surge popularity s amp s mostly among devotee free love amp hippie lifestyle quot
10669,30452,0,haldira awww bad entertain thought entering
10670,11521,0,megfitzgerald heart hurt too
10671,10951,1,year trying cat today figured open under the sink cupboard time target run buy safety lock
10672,2817,1,want follower
10673,14740,0,working a p today hour lunch hour work overtime good fact already dead tired bad
10674,25047,1,ac getting installed today
10675,9790,0,spending weekend working even sound fun
10676,11977,1,puddynface know yet lemme know come something though
10677,24327,1,new article band called mgmt atbfm solidsyn net
10678,10941,1,die lavish told diamond follow you u aitn share starburst
10679,17083,0,schatje ty long tiring day filled expensive plumber work needed calgon hope amp madberry awesome weekend
10680,14068,0,getting another puppy cool really
10681,20684,1,home
10682,34210,1,alexnobert one thing good enough me friendship retained
10683,2197,0,damn missed xsparkage s blogtv hope funsies
10684,33099,0,full moon lovely friend family b day wish came true lt addition gray matter one cutest movie ever
10685,30948,1,chelemodica wish corning ny ottawa corning ny year later matter time
10686,6972,1,lettucegirl love to available pm dear would love help maecy convert vids ï¿½
10687,33060,1,person giving iphone the ready theapplefreak lol ypu
10688,10796,1,god pm please sooner
10689,12125,1,something outside bell wont stop ringing think child bike asbos
10690,7198,1,kinda like car situation lately prevented participating due carlessness
10691,5301,0,busy ugh largest headache
10692,183,0,saw pic past thanksgiving sad grandma them
10693,39209,1,americanyard g mornin lolz like g nite me i m gettin home work amp yes ur label agent mngr
10694,6173,0,cry real tear
10695,30752,0,strabismus try ignore just noticing new m o s love sonic drink cherry limeade mmm
10696,20970,1,salspizza oscillate one other
10697,33650,1,making egg tart amp chinese egg pudding yum
10698,10268,0,back home moment iï¿½m speaking aunt telephone darius neighting backround miss little horse
10699,24784,1,giventofly considered cordoning corner park beware quot swine flu quot sign might clear
10700,13659,0,ac building died like past day
10701,3903,1,to the moon mean mrjimbob jim bob obviously chiminee fruitbat think jim bob played brixton weekend cldnt go
10702,36519,1,shuttler oooh that s clever bow economic wisdom sensei
10703,36646,1,downloaded eeecontrol eee pc today playing setting make fan kick rpm c rpm under
10704,33906,1,laurentiaa ill post
10705,25600,1,watching spongebob
10706,30772,1,getting used shoulder immobilizer thing even getting used sleeping recliner
10707,15183,0,bill pritchard come dont see u come dont see u better question lol need change mister im sad
10708,15432,1,scearley
10709,10960,1,hm tweetdeck lost old reply
10710,2659,0,freaking bored bus hate poor ï¿½ return min train ï¿½ return hour long bus ipod battery
10711,5428,1,aligoldsworthy politics cymru would think so ali found evan s web http www evanprice co uk index htm twitter
10712,25568,1,instant internet marketing empire bonus recoup investment hour less http vur me megainternetwealth megaredpacket
10713,7748,0,back work migraine lingering can t wait weekend
10714,18183,1,baldeggie changed backgroung profile ppicture
10715,26797,1,basantam word perfect run right
10716,17560,1,miss bby wish going tomorrow make good
10717,34308,1,ericludzenski gilf grandmother
10718,39321,1,day nasism
10719,7591,0,danecook sooo sad miss san diego
10720,11092,1,think need follower still warm going cinema later c night museum
10721,32865,1,hopesurvives rest well
10722,13369,0,meg sorry megan sure find something quick
10723,4896,1,please vote husband jorge star game http bit ly tgxzu can t vote anymore
10724,37562,0,everybody need time thier gun n rose x http blip fm zkz
10725,32586,1,picsiechick ridden dirt year hate single track handle double track slow
10726,23383,1,nomysteryleft well customer always right at least that s tell me
10727,22083,1,mesh thanks following you hmmmm twitter back ox
10728,38974,1,heycassadee oh tnx following cass
10729,534,1,fc finally again time hate keep happening
10730,31503,0,obviouslb bow try sometimes hard
10731,9980,1,alexx amazing gonna get scratched sooo much though lol movie tv show already
10732,13645,0,tinytim can t go weekend hour exam next week prevent got uni summerball next sat though good
10733,16241,1,lovely plan canceled night another night home alone me un yay
10734,19978,0,took property
10735,20105,1,download movie quot st annual academy award pre show quot http tinyurl com cdue cool movie
10736,4306,0,work go to
10737,11522,1,piratesswoop link anymore
10738,39934,1,oh ok always wondered worked top ear done dont think could get anything else pierced
10739,5781,1,geoff posted boo coming home tenerife boo http boo fm b
10740,16430,0,recovering hard day homeschooling dd chemistry go well
10741,14194,1,russellmoyer ahaha know can t anything weekend
10742,4691,0,spent morning watching eddie izzard s glorious funny realli shud hav studied thou
10743,7241,0,mscrismusic wish u d
10744,21652,1,djcrs hun yes yes
10745,4417,1,work work work desk sea paper dinghy tossed wave
10746,4136,0,oh my foot s hurting now minute took though
10747,7078,0,urge go shopping hmmm got money how
10748,30881,1,brisbane ford falcon ef new ad received posted hcc site soon
10749,20647,1,anyone recommend jp artist music similar soichi negishi s amai koibito
10750,4748,1,aristocat get often
10751,24554,1,going watch supernatural shall return afterwards xx
10752,16050,0,topic missed motorcade secret service tricked u all bush clinton
10753,17413,1,angus first set http yfrog com jsepj
10754,6824,0,simonprobert yep supposed last weekend filthy weather
10755,1456,0,time house chore ugh
10756,25943,1,totally forgot pink radio launched today gonna listen finish assignment
10757,6067,0,danefiori thought splitting estate depressing course kidding like thought parent dying
10758,31605,1,listening quot wrong quot depeche mode
10759,10436,1,msfeistus child digital age use twitter ask question bring logic
10760,23846,1,munkeypunx hav pork scratching
10761,31138,1,astrokitty thanks downloaded trial version stuffit worked good advice
10762,22043,1,so finally finished setting lars account switch larsettrup week
10763,15417,0,lost favorite thing love always him story year key chain
10764,32335,0,ducked off back ga tomorrow
10765,4624,1,hockeygal yeah back work get bad
10766,17481,0,eric john sound like terrific service sorry hear mom
10767,391,1,love like war easy begin hard end fiuuhh
10768,19090,1,laying across bed hurt back day ago
10769,7141,0,melissajeanine ew sorry zach
10770,19652,0,want go home
10771,5616,1,owengreaves given question thought u may right one host provides hd quality viewer maybe not
10772,10702,1,aeversman call
10773,22546,0,fudgecrumpet ok believe you but belly button lol
10774,35890,1,mamalonglegs resistance futile needed pretties knit
10775,10308,1,klee loading
10776,31065,0,jus planted garden backyard
10777,410,0,awake anybody else awake wish lived u since fun happens asleep
10778,8641,1,staceyvpofwc wish knew someone could hook u up friend told got crappy seat show chi
10779,12023,1,scifisamurai selfupdate clean ruby fixed part failing rb rubygems
10780,13646,1,kafryn cant
10781,25723,1,http twitpic com jgfw love one victor ate guillian dexter
10782,14263,0,whuuurrrrr gland really swollen now guess weekend s blow out
10783,29277,1,kaydeeismeeko haha rooommate watching that huge crush landon
10784,4066,1,last day cgi
10785,12678,1,fischi ok thats enough
10786,12905,0,poor girl britain got talent god love forgot word cried get second chance perform
10787,31940,1,davidteran haha wish bfa photography now
10788,16004,1,dear macpro this trying awake you http twitpic com orb
10789,39202,1,cherylelapitan good one even w o yao middle expect rocket play kobe hard nothing mamba can t handle
10790,14409,0,jonathanrknight still direct message me hell complaining about c ya u answer ask
10791,20137,1,lilmarshmellow pm
10792,1935,0,good morning beautiful today shame going spend day unpaid taxi driver
10793,11523,1,lionel richie also saw u american idol great performance see u windsor june commodore
10794,34336,1,made wish
10795,27151,1,bubblegumneko early
10796,1536,0,head killing me keep sneezing think boyfriend fell asleep greaaat
10797,30656,1,kenazuma actually meant motorbike much touring commute possible min roundtrip kinda like touring
10798,30061,1,bout dinner homies t g i friday takout headed bak spot
10799,9102,0,burned tongue workkkkkkkkkkkkkkkkk
10800,3867,0,kimp know already two week
10801,17897,0,sick sad missing martini lounge tonight
10802,18562,1,finally lost fm
10803,31864,1,joyntheir going sleep falling asleep keyboard talk monday take care hug
10804,8802,0,mig say why kge last day job today wont saying around anymore
10805,3004,1,donnette fine headache day
10806,36430,0,theaidenash hey hunny bunny what s weekend like day something
10807,16167,1,fighting horrid headache large vanilla iced coffee
10808,4446,1,mrshoskins ooh got dvd never got around watching good
10809,12863,0,cagneyartist sorry response assistant job already filled please check back soon sure last long
10810,9280,0,wondering happened sun damn may grey
10811,8097,1,jengo wanna go pub
10812,3536,0,agree work gorgeous day
10813,32945,1,thatjaymie
10814,31817,1,sticknyou road bet would right mmot
10815,19627,1,man can t stop freakin hungry
10816,4769,0,outside jo tak nic
10817,1464,1,come bed
10818,36824,1,going leeds
10819,39046,1,here s link gregg s performace amazing http bit ly gswrk
10820,9240,1,nick carter video private cant see
10821,10750,0,done geology really missing favorite sister especially can t go banquet tonight
10822,36690,1,pejua lol nope saw show tv claimed so figured try get non medium stats
10823,13639,0,jeremydurden really miss right
10824,13750,1,obvious holly go thru public vote straight away sooo obvious aidan greg judge neither go
10825,22339,1,good morning everyone back work able chat tonight hope everyone great day
10826,18497,0,simplemia yes need listen sad sp song
10827,24278,1,news flash megaredpacket instant internet empire early bird launch check deal http mega redpacket com
10828,14428,1,want tfa back http plurk com p xrgl
10829,37934,1,malhermann made taco nacho
10830,28861,1,looking old myspace status oh mann skyrocket flight afternoon delight aaaaaaaafternoon delight
10831,16655,0,mitchelmusso want can t call cause live argentina really really love mitchel awesome rock
10832,34031,0,mmm home made pizza that helped make home made cheesecake to eat soon amp family nice day mother amp nanna
10833,3050,1,want get done with miss working
10834,18167,1,everytime go threadless make sad probably wont buy awesome shirt see
10835,27390,1,letskilldave yea really need learn reload
10836,31233,1,thebettersexdoc nice quote always
10837,13786,1,oyfreakinvey ugh
10838,26742,1,faith peter
10839,25050,1,volvicchallenge tesco dropped bottle today prop bank holiday
10840,3947,1,environmental study driving mental
10841,13447,1,comedy dave meany
10842,39648,1,spent time guild war th birthday update menagerie welcome new feature ranger anyway
10843,39755,1,red hawt so how s fitness regime coming along hehehehe
10844,8927,1,got notified podcast accepted itunes http budurl com sbit course realized miss formated fixed now
10845,38242,0,gatorade first thing morning yumyum feeling shattered must arise revise tomorrow
10846,37258,1,time little carbs big cup water sleep next year old son goodnite
10847,6539,1,thefremen even ie would better
10848,30299,1,buzz
10849,25310,1,check video bylaurenluke make launch available http tinyurl com cudamo
10850,29057,1,mum oz happy mother day day mum u happy m day morro amp mum w altzheimers guess what today s mother day
10851,28691,1,asinkujobear lol what i thirsty
10852,14536,0,crust there s air
10853,7706,0,mcfonalds roulette lose forgot mygrilled snack wrap
10854,31285,1,careftw point facebook message
10855,25684,1,ilikepeanuts supp
10856,38757,0,nothing really going well however currently there nothing else look forward may aswel make best
10857,16375,0,nicholasxjonas disappointed
10858,2451,1,trying understand joined twitter everyone else felt left
10859,11289,0,lowestformofwit
10860,7935,1,lunch w joshholden jason s deli stepped dog poo
10861,3986,0,werewolfjacob thank shout out when get time chat come back miss terribly
10862,16934,1,think found purse soulmate budget
10863,15627,0,wish go root pinic
10864,18608,0,want go see street dream playing anywhere near
10865,4194,0,stomach hurt bad
10866,14749,0,crossfit running today agitated right leg
10867,34681,0,geneva rockett know laughed stupid woman s right s joke wth glad humor
10868,12528,1,hdstaboy yeeeeemp time like yesterday
10869,21884,1,sneaking out going work friend
10870,18204,1,would dover race played classic
10871,6776,0,sigh guess gonna meet today
10872,1956,0,disappointed gonna sleep off
10873,19288,1,cleaning time soon
10874,3513,0,wide awake grouchy fuck
10875,17256,0,paaaulaaac even life pretty good always say shitty
10876,18969,0,norasake sadly no come one
10877,14670,0,honorsociety luvvv it one aquestion why full moon crazy tour date toronto
10878,12565,0,raptorsforum sigh know am
10879,420,1,nayryelgiuq airport didnt show tonight homo
10880,10922,1,heather anne parry upto florence nightingale history could take while http tinyurl com kwgrh
10881,17071,0,plier blow face today mistake killed wrong breaker wire connected plier boom big chunk gone
10882,22900,1,hey backz here school again rly boring yeah
10883,35882,1,lovetogivenuts yet save page read travel
10884,17009,1,ceidiog america going anymore phoned earlier
10885,1042,1,that s
10886,18149,0,ended face face bear driving home evening sadly took wood hauled cameraphone
10887,2383,0,wanted see story acorn tonight glen beck missed
10888,9456,1,no go cruches next week
10889,28897,1,nataliegelman keep telling feel better tomorrow lazy day sunfay afterall excuse
10890,19955,0,mikekang super sad bart etc holding up
10891,12369,0,wtf come need day go
10892,25208,1,patgarrat thanks
10893,20095,1,seepin
10894,29253,0,best brother in law world sent twilight blue ray gift set blue ray player
10895,6636,0,miss bed sleepy
10896,22673,1,heatherwelliver attach grailwolf mammal mammary gland produce milk may formula
10897,32588,0,aroundtheus cheer
10898,5947,0,lost phone
10899,36235,1,horseback riding
10900,17712,0,see me point laugh ugly
10901,7576,0,oh well go hope seamless transfer blog however track running sometime eve
10902,37199,1,ship landed
10903,20815,1,lein leiiin play introoo
10904,15392,1,oneofthosefaces tube closed th th june idea get venue
10905,7556,1,someone fuck birthday sex basically said song nigga selfish listen song carefully
10906,15141,1,filling good two appointment go
10907,27520,1,joerumore true discretion nice also help far turned
10908,8745,1,leecattley idea
10909,14490,0,hummingbird brendonjwilson gregeh leftcoastmama right like cape breton coal mine lesson learned
10910,35799,1,masterballerina tell grandmother say hello
10911,35947,0,got home let u connected god constantly
10912,791,0,downloadfestival s lineup good thought wa awesome band festival missing dl
10913,16540,0,soooooooooo glad learn farrell ice cream parlor staging comeback so cal bad mission viejo mall
10914,13857,1,changing work
10915,12930,0,time take astronomy test
10916,24945,0,sore yesterday definitely feeling hill now leg hurt way booty good hurt
10917,6546,0,finally sunny day sick go outside play
10918,4845,0,evonmichelle mum s lol got anything yet sad sad haha
10919,38649,1,buying pretty shiny bead thing feel quite girlish http elisem livejournal com html
10920,13490,0,mrskutcher sorry demi read post attend bgt im sure support sb helped tho world without pap plzz
10921,6196,0,sad going miss seeing pennywise year
10922,19654,0,eldorado house goodbye aliante house memory made memory fade
10923,117,1,damn eric anyone else need hair played
10924,33489,1,benbrochill talk alot
10925,4923,0,izzyvideo izzy sorry hear disaster
10926,12969,0,toki wee girl started cry mum came on shame
10927,17680,0,oy im nerd im writin no cuz no followin mean lik sum account deleted due quot strange activity quot
10928,21684,1,come sun come sun say right
10929,21382,1,bratinella madsdeguzman think that s muji stabilo eyeing mine last week
10930,15528,1,goin dinner
10931,11848,0,fuck oh god internal clock really fucked up nooooo
10932,33911,1,jason bend hit back
10933,11921,1,perused fieldnotes website good bad must return work
10934,23572,0,listening am teddy picker saw grabbed seemed
10935,2000,0,epic ocd moment deleted sims file spent hour building set favorite food wrong
10936,21241,1,ready new week
10937,19432,0,davidaldrich wx look like ohio tornado hit
10938,16870,0,onlyjesus hospital week half pretty much virge dying
10939,19373,0,brighit lilypenelope guy vincent torbengee winsorandnewt missed party bought wine everything
10940,15788,0,smiley u lot bad thing r gonna final next week
10941,19310,0,sound great http is gd jslb palmpre
10942,2357,1,munzee definitely going sold f heavy think get away twedding
10943,24246,0,mercuriosjewels wonderful trip read twilight novel completely consuming engrossing kinda sad done
10944,33129,1,laughingattack yaa hi amy im showing new friend youtube
10945,18756,1,caitlinjoneill that s visiting alllllll time next year never though
10946,36077,1,kool aid goodnight
10947,31375,1,watching jtimberlake snl
10948,37339,1,simonusher fancy sunday lunch albion game
10949,2289,0,need retail therapy bad ahhh gimme money geebus
10950,26551,1,recycled tile but able pay year s rent broadway get quot green quot theater http bitly com lohvl
10951,10475,1,jammyrabbins wish playing prom
10952,314,0,hate rob zombie movie amp smell weed vommmm
10953,14011,0,girl friend also dropped
10954,16894,1,malibu make sleepy want text drinking silly him maybe ring later
10955,36909,1,muzzzza rat run steve irwin way avoid long delay bruce highway
10956,24958,1,mandacrow good morning
10957,19616,0,hate bff groundedd boooooooooo
10958,9469,0,work mad blocking site fun blocking facebook twitter amp youtube
10959,38531,1,nice day http blip fm zy
10960,28647,1,qtjene thanks
10961,31879,1,think ever tierd life ugh goodnight so sleeping tomorrow
10962,2368,1,markboulton robertmills look like tea duty day
10963,7480,1,gohong count
10964,18564,0,mile away
10965,9682,1,going withdrawls missing someone
10966,3765,0,worthless person one love love back way should
10967,26466,1,zaccolley course http is gd kqsk
10968,7693,0,feel slightly better damn sure miss him he s going hard get over messed donut comfort
10969,20294,1,moni moni love u get da credit shit twitter w o u cu kno shit thanks boo
10970,33986,1,anybody else think win pretty much vista sp
10971,1731,0,kingsrockandrol bit zoe co bed soon miss gorgeous weather today x
10972,28420,1,http tinyurl com cyonct vote rob
10973,24890,1,back
10974,17415,0,finished exam almost moved hall leaving london tomorrow
10975,13534,0,sadly time come put mom home
10976,15271,1,peep boyfriend miami
10977,24539,1,well need get motivation also homework essay and lovely day how
10978,17278,1,want go vintage paper show one accompany
10979,6337,0,nicpic lot thing nico gud news job bad news middle nowhere got phone twitter cnt play video
10980,18468,1,amalari mean laugh little giggle come sorry
10981,29427,1,see keysoffaith
10982,26761,1,bleedblackngold meee penguin wallpaper backround phone computer p ipod touch twitter
10983,20933,1,super duper tired going sleep listening ipod
10984,26827,1,luciasm what s focus sunday e game
10985,27759,1,trpaul get thee yon nearest walgreens upon arrival
10986,22006,1,emperornorton going watch
10987,27991,1,almost new york city
10988,13300,1,brigwyn work mostly
10989,29664,0,missing hobo slut tramp way life cooking mother saturday night mama luv u
10990,22145,1,kyleandjackieo downloaded bonnie clyde beyonce jay z an old fav
10991,9563,1,internet stopped working right middle quantum leap grr
10992,8735,1,headache going away
10993,30800,1,star are fire hii
10994,3613,0,can t sleep without nearby
10995,2928,1,jus woke up late runnin work student train
10996,19002,0,awkwardtown know think going miss it though sacrificing money job happiness suck as
10997,4556,0,sadandbeautiful suck print sorry
10998,11347,0,saaaandra want go tierd
10999,7328,0,didnt enjoy say goodbye alex v emotional time sun making happy
11000,6645,0,frustrated copying gig across usb stupid old server
11001,373,1,brettyrocks thats thinking time gonna am
11002,25991,1,start briefing a m people east coast that s who
11003,23248,1,garthk cheer aptism link
11004,6669,0,young love come end
11005,4892,0,gavinholt wish outside
11006,19270,0,can t find jewellry dressssss
11007,6174,0,launch today teacher changed plan watched stupid move tesla
11008,23588,1,birthday day
11009,21617,1,new twitter amp trying work use program
11010,29715,0,kristenhaulser yuppp gonna get top didn t soon got nd hole instead
11011,37090,1,tatteddddd
11012,15679,0,need friend right feel like mmmm sosad
11013,34389,1,kellycontant vote sadly no vote log yet gonna vote
11014,8292,1,south border officially south carolina january
11015,11111,1,ifightboys
11016,2741,0,time chat sorry girl miss y all new lawnmower yeah today s highlight tomorrow is
11017,15728,0,miss
11018,12349,1,well evernote giving away wireless sd card fllwng thm twitter amp tweeting abt evernote eyefi u can http tr im mpxn
11019,13084,0,keep receiving beautiful pic beach charleymagne office working getting bitter
11020,5896,0,jo saunders haha lol going i really lol i ve hobbit n mum like keep revisin beck
11021,17095,0,looking daughter baby picture make heart hurt
11022,27874,1,psyching next day oh my
11023,1715,1,really want go eisteddfod concert tonight would ok didnt wear dumb band uniform
11024,4007,1,internetz busy friday morning google wave hulu desktop microsoft s bing tweetie update megan fox wonder woman
11025,20598,1,liesbetje bicycle
11026,29776,1,deep fried mar bar nice me like awake cant sleep chocolate overload
11027,30709,1,ekhazahar cat
11028,31806,1,cynthia gay lol riot definitely nkotb concert want b smitten girl distraction night
11029,13757,1,nicole http twitpic com sf joe shirt concer here chilee hahaha big rob
11030,10784,0,u see dont shadez
11031,38981,1,http ping fm urgp mpaa show videorecord tv via despil
11032,958,1,anyone know convert est au time rofl xd fucking radio disney
11033,15351,0,lulu s put scottish accent britain got talent make sad scottish coz falconer dont play accent
11034,14145,0,fuck kind bug house dont know
11035,30398,1,going know taylor dolton jacob chris sister
11036,33043,0,dredpiraterob poor thing come watch tv house lol
11037,12730,0,want join live michigan
11038,38534,0,v kong record grand prix skip later watch man u game radio well sport come first
11039,13291,0,friday amp every plan me my mom laser tagging w friend haha my brother out my sister dad r working me bf alone
11040,1949,1,laying bed wishing could meet kellan lutz haha im nerd dream
11041,17868,1,mitchelmusso want call you go michigan hahha
